-- MySQL dump 10.13  Distrib 5.5.49, for debian-linux-gnu (x86_64)
--
-- Host: localhost    Database: tdeia
-- ------------------------------------------------------
-- Server version	5.5.49-0ubuntu0.14.04.1

/*!40101 SET @OLD_CHARACTER_SET_CLIENT=@@CHARACTER_SET_CLIENT */;
/*!40101 SET @OLD_CHARACTER_SET_RESULTS=@@CHARACTER_SET_RESULTS */;
/*!40101 SET @OLD_COLLATION_CONNECTION=@@COLLATION_CONNECTION */;
/*!40101 SET NAMES utf8 */;
/*!40103 SET @OLD_TIME_ZONE=@@TIME_ZONE */;
/*!40103 SET TIME_ZONE='+00:00' */;
/*!40014 SET @OLD_UNIQUE_CHECKS=@@UNIQUE_CHECKS, UNIQUE_CHECKS=0 */;
/*!40014 SET @OLD_FOREIGN_KEY_CHECKS=@@FOREIGN_KEY_CHECKS, FOREIGN_KEY_CHECKS=0 */;
/*!40101 SET @OLD_SQL_MODE=@@SQL_MODE, SQL_MODE='NO_AUTO_VALUE_ON_ZERO' */;
/*!40111 SET @OLD_SQL_NOTES=@@SQL_NOTES, SQL_NOTES=0 */;

--
-- Table structure for table `actions`
--

DROP TABLE IF EXISTS `actions`;
/*!40101 SET @saved_cs_client     = @@character_set_client */;
/*!40101 SET character_set_client = utf8 */;
CREATE TABLE `actions` (
  `id` int(11) NOT NULL AUTO_INCREMENT,
  `name` varchar(255) NOT NULL,
  `description` text,
  `level` int(11) NOT NULL,
  `project_id` int(11) NOT NULL,
  `action_id` int(11) DEFAULT NULL,
  PRIMARY KEY (`id`),
  KEY `project_id` (`project_id`),
  KEY `action_id` (`action_id`),
  CONSTRAINT `actions_ibfk_1` FOREIGN KEY (`project_id`) REFERENCES `projects` (`id`) ON DELETE CASCADE ON UPDATE CASCADE,
  CONSTRAINT `actions_ibfk_2` FOREIGN KEY (`action_id`) REFERENCES `actions` (`id`) ON DELETE CASCADE ON UPDATE CASCADE
) ENGINE=InnoDB AUTO_INCREMENT=1401 DEFAULT CHARSET=latin1;
/*!40101 SET character_set_client = @saved_cs_client */;

--
-- Dumping data for table `actions`
--

LOCK TABLES `actions` WRITE;
/*!40000 ALTER TABLE `actions` DISABLE KEYS */;
INSERT INTO `actions` VALUES (1,'Proyecto','No description',0,1,NULL),(2,'Pre-Operativa','No description',1,1,1),(3,'Preparación del área','No description',2,1,2),(4,'Gestión comunitaria e institucional.','No description',3,1,3),(5,'Adquisición de bienes y servicios.','No description',3,1,3),(6,'Negociación de predios y servidumbres.','No description',3,1,3),(7,'Contratación y capacitación del personal.','No description',3,1,3),(8,'Trabajos de topografía.','No description',3,1,3),(9,'Adecuación de Áreas','No description',1,1,1),(10,'Vías de acceso y localizaciones','No description',2,1,9),(11,'Movilización de materiales, maquinaria, equipos y personal','No description',3,1,10),(12,'Instalación de campamentos transitorios para obras civiles.','No description',3,1,10),(13,'Operación de maquinaria y equipos.','No description',3,1,10),(14,'Remoción de cobertura vegetal y descapote','No description',3,1,10),(15,'Movimiento de tierras y compactación del terreno','No description',3,1,10),(16,'Extracción de material de zonas de préstamo lateral.','No description',3,1,10),(17,'Construcción y adecuación de estructuras.','No description',3,1,10),(18,'Construcción de obras de arte y ambientales','No description',3,1,10),(19,'Transporte y disposición de material de construcción.','No description',3,1,10),(20,'Construcción de piscinas y check shot','No description',3,1,10),(21,'Estabilización de taludes','No description',3,1,10),(22,'Captación / Consumo de agua','No description',3,1,10),(23,'Generación y disposición de residuos líquidos','No description',3,1,10),(24,'Generación y disposición de residuos sólidos','No description',3,1,10),(25,'Revegetalización y/o empradización','No description',3,1,10),(26,'Operación','No description',1,1,1),(27,'Mantenimiento','No description',2,1,26),(28,'Mantenimiento de equipos y vehículos','No description',3,1,27),(29,'Operación','No description',2,1,26),(30,'Operación del campamento de personal','No description',3,1,29),(31,'Perforación','No description',2,1,26),(32,'Captación y consumo de agua.','No description',3,1,31),(33,'Disposición de residuos líquidos','No description',3,1,31),(34,'Disposición de residuos sólidos','No description',3,1,31),(35,'Funcionamiento del RIG','No description',3,1,31),(36,'Manejo de lodos y cortes de perforación','No description',3,1,31),(37,'Pruebas de Producción','No description',2,1,26),(38,'Funcionamiento del quemadero de gases','No description',3,1,37),(39,'Disposición de aguas de producción','No description',3,1,37),(40,'Almacenamiento y transporte de condensados','No description',3,1,37),(41,'Mantenimiento de obras de drenaje y ambientales','No description',3,1,27),(42,'Mantenimiento vías de acceso','No description',3,1,27),(43,'Post-Operativa','No description',1,1,1),(44,'Desmantelamiento Y Restauración','No description',2,1,43),(45,'Demolición de estructuras y limpieza de áreas','No description',3,1,44),(46,'Reconformación del terreno y revegetalización final','No description',3,1,44),(47,'Proyecto','No description',0,2,NULL),(48,'Pre-Operativa','No description',1,2,47),(49,'Preparación del área','No description',2,2,48),(50,'Gestión comunitaria e institucional.','No description',3,2,49),(51,'Adquisición de bienes y servicios.','No description',3,2,49),(52,'Negociación de predios y servidumbres.','No description',3,2,49),(53,'Contratación y capacitación del personal.','No description',3,2,49),(54,'Trabajos de topografía.','No description',3,2,49),(55,'Adecuación de Áreas','No description',1,2,47),(56,'Vías de acceso y localizaciones','No description',2,2,55),(57,'Movilización de materiales, maquinaria, equipos y personal','No description',3,2,56),(58,'Instalación de campamentos transitorios para obras civiles.','No description',3,2,56),(59,'Operación de maquinaria y equipos.','No description',3,2,56),(60,'Remoción de cobertura vegetal y descapote','No description',3,2,56),(61,'Movimiento de tierras y compactación del terreno','No description',3,2,56),(62,'Extracción de material de zonas de préstamo lateral.','No description',3,2,56),(63,'Construcción y adecuación de estructuras.','No description',3,2,56),(64,'Construcción de obras de arte y ambientales','No description',3,2,56),(65,'Transporte y disposición de material de construcción.','No description',3,2,56),(66,'Construcción de piscinas y check shot','No description',3,2,56),(67,'Estabilización de taludes','No description',3,2,56),(68,'Captación / Consumo de agua','No description',3,2,56),(69,'Generación y disposición de residuos líquidos','No description',3,2,56),(70,'Generación y disposición de residuos sólidos','No description',3,2,56),(71,'Revegetalización y/o empradización','No description',3,2,56),(72,'Operación','No description',1,2,47),(73,'Mantenimiento','No description',2,2,72),(74,'Mantenimiento de equipos y vehículos','No description',3,2,73),(75,'Operación','No description',2,2,72),(76,'Operación del campamento de personal','No description',3,2,75),(77,'Perforación','No description',2,2,72),(78,'Captación y consumo de agua.','No description',3,2,77),(79,'Disposición de residuos líquidos','No description',3,2,77),(80,'Disposición de residuos sólidos','No description',3,2,77),(81,'Funcionamiento del RIG','No description',3,2,77),(82,'Manejo de lodos y cortes de perforación','No description',3,2,77),(83,'Pruebas de Producción','No description',2,2,72),(84,'Funcionamiento del quemadero de gases','No description',3,2,83),(85,'Disposición de aguas de producción','No description',3,2,83),(86,'Almacenamiento y transporte de condensados','No description',3,2,83),(87,'Mantenimiento de obras de drenaje y ambientales','No description',3,2,73),(88,'Mantenimiento vías de acceso','No description',3,2,73),(89,'Post-Operativa','No description',1,2,47),(90,'Desmantelamiento Y Restauración','No description',2,2,89),(91,'Demolición de estructuras y limpieza de áreas','No description',3,2,90),(92,'Reconformación del terreno y revegetalización final','No description',3,2,90),(93,'Proyecto','No description',0,3,NULL),(94,'Pre-Operativa','No description',1,3,93),(95,'Preparación del área','No description',2,3,94),(96,'Gestión comunitaria e institucional.','No description',3,3,95),(97,'Adquisición de bienes y servicios.','No description',3,3,95),(98,'Negociación de predios y servidumbres.','No description',3,3,95),(99,'Contratación y capacitación del personal.','No description',3,3,95),(100,'Trabajos de topografía.','No description',3,3,95),(101,'Adecuación de Áreas','No description',1,3,93),(102,'Vías de acceso y localizaciones','No description',2,3,101),(103,'Movilización de materiales, maquinaria, equipos y personal','No description',3,3,102),(104,'Instalación de campamentos transitorios para obras civiles.','No description',3,3,102),(105,'Operación de maquinaria y equipos.','No description',3,3,102),(106,'Remoción de cobertura vegetal y descapote','No description',3,3,102),(107,'Movimiento de tierras y compactación del terreno','No description',3,3,102),(108,'Extracción de material de zonas de préstamo lateral.','No description',3,3,102),(109,'Construcción y adecuación de estructuras.','No description',3,3,102),(110,'Construcción de obras de arte y ambientales','No description',3,3,102),(111,'Transporte y disposición de material de construcción.','No description',3,3,102),(112,'Construcción de piscinas y check shot','No description',3,3,102),(113,'Estabilización de taludes','No description',3,3,102),(114,'Captación / Consumo de agua','No description',3,3,102),(115,'Generación y disposición de residuos líquidos','No description',3,3,102),(116,'Generación y disposición de residuos sólidos','No description',3,3,102),(117,'Revegetalización y/o empradización','No description',3,3,102),(118,'Operación','No description',1,3,93),(119,'Mantenimiento','No description',2,3,118),(120,'Mantenimiento de equipos y vehículos','No description',3,3,119),(121,'Operación','No description',2,3,118),(122,'Operación del campamento de personal','No description',3,3,121),(123,'Perforación','No description',2,3,118),(124,'Captación y consumo de agua.','No description',3,3,123),(125,'Disposición de residuos líquidos','No description',3,3,123),(126,'Disposición de residuos sólidos','No description',3,3,123),(127,'Funcionamiento del RIG','No description',3,3,123),(128,'Manejo de lodos y cortes de perforación','No description',3,3,123),(129,'Pruebas de Producción','No description',2,3,118),(130,'Funcionamiento del quemadero de gases','No description',3,3,129),(131,'Disposición de aguas de producción','No description',3,3,129),(132,'Almacenamiento y transporte de condensados','No description',3,3,129),(133,'Mantenimiento de obras de drenaje y ambientales','No description',3,3,119),(134,'Mantenimiento vías de acceso','No description',3,3,119),(135,'Post-Operativa','No description',1,3,93),(136,'Desmantelamiento Y Restauración','No description',2,3,135),(137,'Demolición de estructuras y limpieza de áreas','No description',3,3,136),(138,'Reconformación del terreno y revegetalización final','No description',3,3,136),(139,'Proyecto','No description',0,4,NULL),(140,'Pre-Operativa','No description',1,4,139),(141,'Preparación del área','No description',2,4,140),(142,'Gestión comunitaria e institucional.','No description',3,4,141),(143,'Adquisición de bienes y servicios.','No description',3,4,141),(144,'Negociación de predios y servidumbres.','No description',3,4,141),(145,'Contratación y capacitación del personal.','No description',3,4,141),(146,'Trabajos de topografía.','No description',3,4,141),(147,'Adecuación de Áreas','No description',1,4,139),(148,'Vías de acceso y localizaciones','No description',2,4,147),(149,'Movilización de materiales, maquinaria, equipos y personal','No description',3,4,148),(150,'Instalación de campamentos transitorios para obras civiles.','No description',3,4,148),(151,'Operación de maquinaria y equipos.','No description',3,4,148),(152,'Remoción de cobertura vegetal y descapote','No description',3,4,148),(153,'Movimiento de tierras y compactación del terreno','No description',3,4,148),(154,'Extracción de material de zonas de préstamo lateral.','No description',3,4,148),(155,'Construcción y adecuación de estructuras.','No description',3,4,148),(156,'Construcción de obras de arte y ambientales','No description',3,4,148),(157,'Transporte y disposición de material de construcción.','No description',3,4,148),(158,'Construcción de piscinas y check shot','No description',3,4,148),(159,'Estabilización de taludes','No description',3,4,148),(160,'Captación / Consumo de agua','No description',3,4,148),(161,'Generación y disposición de residuos líquidos','No description',3,4,148),(162,'Generación y disposición de residuos sólidos','No description',3,4,148),(163,'Revegetalización y/o empradización','No description',3,4,148),(164,'Operación','No description',1,4,139),(165,'Mantenimiento','No description',2,4,164),(166,'Mantenimiento de equipos y vehículos','No description',3,4,165),(167,'Operación','No description',2,4,164),(168,'Operación del campamento de personal','No description',3,4,167),(169,'Perforación','No description',2,4,164),(170,'Captación y consumo de agua.','No description',3,4,169),(171,'Disposición de residuos líquidos','No description',3,4,169),(172,'Disposición de residuos sólidos','No description',3,4,169),(173,'Funcionamiento del RIG','No description',3,4,169),(174,'Manejo de lodos y cortes de perforación','No description',3,4,169),(175,'Pruebas de Producción','No description',2,4,164),(176,'Funcionamiento del quemadero de gases','No description',3,4,175),(177,'Disposición de aguas de producción','No description',3,4,175),(178,'Almacenamiento y transporte de condensados','No description',3,4,175),(179,'Mantenimiento de obras de drenaje y ambientales','No description',3,4,165),(180,'Mantenimiento vías de acceso','No description',3,4,165),(181,'Post-Operativa','No description',1,4,139),(182,'Desmantelamiento Y Restauración','No description',2,4,181),(183,'Demolición de estructuras y limpieza de áreas','No description',3,4,182),(184,'Reconformación del terreno y revegetalización final','No description',3,4,182),(185,'Proyecto','No description',0,5,NULL),(186,'Pre-Operativa','No description',1,5,185),(187,'Preparación del área','No description',2,5,186),(188,'Gestión comunitaria e institucional.','No description',3,5,187),(189,'Adquisición de bienes y servicios.','No description',3,5,187),(190,'Negociación de predios y servidumbres.','No description',3,5,187),(191,'Contratación y capacitación del personal.','No description',3,5,187),(192,'Trabajos de topografía.','No description',3,5,187),(193,'Adecuación de Áreas','No description',1,5,185),(194,'Vías de acceso y localizaciones','No description',2,5,193),(195,'Movilización de materiales, maquinaria, equipos y personal','No description',3,5,194),(196,'Instalación de campamentos transitorios para obras civiles.','No description',3,5,194),(197,'Operación de maquinaria y equipos.','No description',3,5,194),(198,'Remoción de cobertura vegetal y descapote','No description',3,5,194),(199,'Movimiento de tierras y compactación del terreno','No description',3,5,194),(200,'Extracción de material de zonas de préstamo lateral.','No description',3,5,194),(201,'Construcción y adecuación de estructuras.','No description',3,5,194),(202,'Construcción de obras de arte y ambientales','No description',3,5,194),(203,'Transporte y disposición de material de construcción.','No description',3,5,194),(204,'Construcción de piscinas y check shot','No description',3,5,194),(205,'Estabilización de taludes','No description',3,5,194),(206,'Captación / Consumo de agua','No description',3,5,194),(207,'Generación y disposición de residuos líquidos','No description',3,5,194),(208,'Generación y disposición de residuos sólidos','No description',3,5,194),(209,'Revegetalización y/o empradización','No description',3,5,194),(210,'Operación','No description',1,5,185),(211,'Mantenimiento','No description',2,5,210),(212,'Mantenimiento de equipos y vehículos','No description',3,5,211),(213,'Operación','No description',2,5,210),(214,'Operación del campamento de personal','No description',3,5,213),(215,'Perforación','No description',2,5,210),(216,'Captación y consumo de agua.','No description',3,5,215),(217,'Disposición de residuos líquidos','No description',3,5,215),(218,'Disposición de residuos sólidos','No description',3,5,215),(219,'Funcionamiento del RIG','No description',3,5,215),(220,'Manejo de lodos y cortes de perforación','No description',3,5,215),(221,'Pruebas de Producción','No description',2,5,210),(222,'Funcionamiento del quemadero de gases','No description',3,5,221),(223,'Disposición de aguas de producción','No description',3,5,221),(224,'Almacenamiento y transporte de condensados','No description',3,5,221),(225,'Mantenimiento de obras de drenaje y ambientales','No description',3,5,211),(226,'Mantenimiento vías de acceso','No description',3,5,211),(227,'Post-Operativa','No description',1,5,185),(228,'Desmantelamiento Y Restauración','No description',2,5,227),(229,'Demolición de estructuras y limpieza de áreas','No description',3,5,228),(230,'Reconformación del terreno y revegetalización final','No description',3,5,228),(231,'Proyecto','No description',0,6,NULL),(232,'Pre-Operativa','No description',1,6,231),(233,'Preparación del área','No description',2,6,232),(234,'Gestión comunitaria e institucional.','No description',3,6,233),(235,'Adquisición de bienes y servicios.','No description',3,6,233),(236,'Negociación de predios y servidumbres.','No description',3,6,233),(237,'Contratación y capacitación del personal.','No description',3,6,233),(238,'Trabajos de topografía.','No description',3,6,233),(239,'Adecuación de Áreas','No description',1,6,231),(240,'Vías de acceso y localizaciones','No description',2,6,239),(241,'Movilización de materiales, maquinaria, equipos y personal','No description',3,6,240),(242,'Instalación de campamentos transitorios para obras civiles.','No description',3,6,240),(243,'Operación de maquinaria y equipos.','No description',3,6,240),(244,'Remoción de cobertura vegetal y descapote','No description',3,6,240),(245,'Movimiento de tierras y compactación del terreno','No description',3,6,240),(246,'Extracción de material de zonas de préstamo lateral.','No description',3,6,240),(247,'Construcción y adecuación de estructuras.','No description',3,6,240),(248,'Construcción de obras de arte y ambientales','No description',3,6,240),(249,'Transporte y disposición de material de construcción.','No description',3,6,240),(250,'Construcción de piscinas y check shot','No description',3,6,240),(251,'Estabilización de taludes','No description',3,6,240),(252,'Captación / Consumo de agua','No description',3,6,240),(253,'Generación y disposición de residuos líquidos','No description',3,6,240),(254,'Generación y disposición de residuos sólidos','No description',3,6,240),(255,'Revegetalización y/o empradización','No description',3,6,240),(256,'Operación','No description',1,6,231),(257,'Mantenimiento','No description',2,6,256),(258,'Mantenimiento de equipos y vehículos','No description',3,6,257),(259,'Operación','No description',2,6,256),(260,'Operación del campamento de personal','No description',3,6,259),(261,'Perforación','No description',2,6,256),(262,'Captación y consumo de agua.','No description',3,6,261),(263,'Disposición de residuos líquidos','No description',3,6,261),(264,'Disposición de residuos sólidos','No description',3,6,261),(265,'Funcionamiento del RIG','No description',3,6,261),(266,'Manejo de lodos y cortes de perforación','No description',3,6,261),(267,'Pruebas de Producción','No description',2,6,256),(268,'Funcionamiento del quemadero de gases','No description',3,6,267),(269,'Disposición de aguas de producción','No description',3,6,267),(270,'Almacenamiento y transporte de condensados','No description',3,6,267),(271,'Mantenimiento de obras de drenaje y ambientales','No description',3,6,257),(272,'Mantenimiento vías de acceso','No description',3,6,257),(273,'Post-Operativa','No description',1,6,231),(274,'Desmantelamiento Y Restauración','No description',2,6,273),(275,'Demolición de estructuras y limpieza de áreas','No description',3,6,274),(276,'Reconformación del terreno y revegetalización final','No description',3,6,274),(277,'Proyecto','No description',0,7,NULL),(278,'Pre-Operativa','No description',1,7,277),(279,'Preparación del área','No description',2,7,278),(280,'Gestión comunitaria e institucional.','No description',3,7,279),(281,'Adquisición de bienes y servicios.','No description',3,7,279),(282,'Negociación de predios y servidumbres.','No description',3,7,279),(283,'Contratación y capacitación del personal.','No description',3,7,279),(284,'Trabajos de topografía.','No description',3,7,279),(285,'Adecuación de Áreas','No description',1,7,277),(286,'Vías de acceso y localizaciones','No description',2,7,285),(287,'Movilización de materiales, maquinaria, equipos y personal','No description',3,7,286),(288,'Instalación de campamentos transitorios para obras civiles.','No description',3,7,286),(289,'Operación de maquinaria y equipos.','No description',3,7,286),(290,'Remoción de cobertura vegetal y descapote','No description',3,7,286),(291,'Movimiento de tierras y compactación del terreno','No description',3,7,286),(292,'Extracción de material de zonas de préstamo lateral.','No description',3,7,286),(293,'Construcción y adecuación de estructuras.','No description',3,7,286),(294,'Construcción de obras de arte y ambientales','No description',3,7,286),(295,'Transporte y disposición de material de construcción.','No description',3,7,286),(296,'Construcción de piscinas y check shot','No description',3,7,286),(297,'Estabilización de taludes','No description',3,7,286),(298,'Captación / Consumo de agua','No description',3,7,286),(299,'Generación y disposición de residuos líquidos','No description',3,7,286),(300,'Generación y disposición de residuos sólidos','No description',3,7,286),(301,'Revegetalización y/o empradización','No description',3,7,286),(302,'Operación','No description',1,7,277),(303,'Mantenimiento','No description',2,7,302),(304,'Mantenimiento de equipos y vehículos','No description',3,7,303),(305,'Operación','No description',2,7,302),(306,'Operación del campamento de personal','No description',3,7,305),(307,'Perforación','No description',2,7,302),(308,'Captación y consumo de agua.','No description',3,7,307),(309,'Disposición de residuos líquidos','No description',3,7,307),(310,'Disposición de residuos sólidos','No description',3,7,307),(311,'Funcionamiento del RIG','No description',3,7,307),(312,'Manejo de lodos y cortes de perforación','No description',3,7,307),(313,'Pruebas de Producción','No description',2,7,302),(314,'Funcionamiento del quemadero de gases','No description',3,7,313),(315,'Disposición de aguas de producción','No description',3,7,313),(316,'Almacenamiento y transporte de condensados','No description',3,7,313),(317,'Mantenimiento de obras de drenaje y ambientales','No description',3,7,303),(318,'Mantenimiento vías de acceso','No description',3,7,303),(319,'Post-Operativa','No description',1,7,277),(320,'Desmantelamiento Y Restauración','No description',2,7,319),(321,'Demolición de estructuras y limpieza de áreas','No description',3,7,320),(322,'Reconformación del terreno y revegetalización final','No description',3,7,320),(323,'Proyecto','No description',0,8,NULL),(324,'Pre-Operativa','No description',1,8,323),(325,'Preparación del área','No description',2,8,324),(326,'Gestión comunitaria e institucional.','No description',3,8,325),(327,'Adquisición de bienes y servicios.','No description',3,8,325),(328,'Negociación de predios y servidumbres.','No description',3,8,325),(329,'Contratación y capacitación del personal.','No description',3,8,325),(330,'Trabajos de topografía.','No description',3,8,325),(331,'Adecuación de Áreas','No description',1,8,323),(332,'Vías de acceso y localizaciones','No description',2,8,331),(333,'Movilización de materiales, maquinaria, equipos y personal','No description',3,8,332),(334,'Instalación de campamentos transitorios para obras civiles.','No description',3,8,332),(335,'Operación de maquinaria y equipos.','No description',3,8,332),(336,'Remoción de cobertura vegetal y descapote','No description',3,8,332),(337,'Movimiento de tierras y compactación del terreno','No description',3,8,332),(338,'Extracción de material de zonas de préstamo lateral.','No description',3,8,332),(339,'Construcción y adecuación de estructuras.','No description',3,8,332),(340,'Construcción de obras de arte y ambientales','No description',3,8,332),(341,'Transporte y disposición de material de construcción.','No description',3,8,332),(342,'Construcción de piscinas y check shot','No description',3,8,332),(343,'Estabilización de taludes','No description',3,8,332),(344,'Captación / Consumo de agua','No description',3,8,332),(345,'Generación y disposición de residuos líquidos','No description',3,8,332),(346,'Generación y disposición de residuos sólidos','No description',3,8,332),(347,'Revegetalización y/o empradización','No description',3,8,332),(348,'Operación','No description',1,8,323),(349,'Mantenimiento','No description',2,8,348),(350,'Mantenimiento de equipos y vehículos','No description',3,8,349),(351,'Operación','No description',2,8,348),(352,'Operación del campamento de personal','No description',3,8,351),(353,'Perforación','No description',2,8,348),(354,'Captación y consumo de agua.','No description',3,8,353),(355,'Disposición de residuos líquidos','No description',3,8,353),(356,'Disposición de residuos sólidos','No description',3,8,353),(357,'Funcionamiento del RIG','No description',3,8,353),(358,'Manejo de lodos y cortes de perforación','No description',3,8,353),(359,'Pruebas de Producción','No description',2,8,348),(360,'Funcionamiento del quemadero de gases','No description',3,8,359),(361,'Disposición de aguas de producción','No description',3,8,359),(362,'Almacenamiento y transporte de condensados','No description',3,8,359),(363,'Mantenimiento de obras de drenaje y ambientales','No description',3,8,349),(364,'Mantenimiento vías de acceso','No description',3,8,349),(365,'Post-Operativa','No description',1,8,323),(366,'Desmantelamiento Y Restauración','No description',2,8,365),(367,'Demolición de estructuras y limpieza de áreas','No description',3,8,366),(368,'Reconformación del terreno y revegetalización final','No description',3,8,366),(369,'Proyecto','No description',0,9,NULL),(370,'Pre-Operativa','No description',1,9,369),(371,'Preparación del área','No description',2,9,370),(372,'Gestión comunitaria e institucional.','No description',3,9,371),(373,'Adquisición de bienes y servicios.','No description',3,9,371),(374,'Negociación de predios y servidumbres.','No description',3,9,371),(375,'Contratación y capacitación del personal.','No description',3,9,371),(376,'Trabajos de topografía.','No description',3,9,371),(377,'Adecuación de Áreas','No description',1,9,369),(378,'Vías de acceso y localizaciones','No description',2,9,377),(379,'Movilización de materiales, maquinaria, equipos y personal','No description',3,9,378),(380,'Instalación de campamentos transitorios para obras civiles.','No description',3,9,378),(381,'Operación de maquinaria y equipos.','No description',3,9,378),(382,'Remoción de cobertura vegetal y descapote','No description',3,9,378),(383,'Movimiento de tierras y compactación del terreno','No description',3,9,378),(384,'Extracción de material de zonas de préstamo lateral.','No description',3,9,378),(385,'Construcción y adecuación de estructuras.','No description',3,9,378),(386,'Construcción de obras de arte y ambientales','No description',3,9,378),(387,'Transporte y disposición de material de construcción.','No description',3,9,378),(388,'Construcción de piscinas y check shot','No description',3,9,378),(389,'Estabilización de taludes','No description',3,9,378),(390,'Captación / Consumo de agua','No description',3,9,378),(391,'Generación y disposición de residuos líquidos','No description',3,9,378),(392,'Generación y disposición de residuos sólidos','No description',3,9,378),(393,'Revegetalización y/o empradización','No description',3,9,378),(394,'Operación','No description',1,9,369),(395,'Mantenimiento','No description',2,9,394),(396,'Mantenimiento de equipos y vehículos','No description',3,9,395),(397,'Operación','No description',2,9,394),(398,'Operación del campamento de personal','No description',3,9,397),(399,'Perforación','No description',2,9,394),(400,'Captación y consumo de agua.','No description',3,9,399),(401,'Disposición de residuos líquidos','No description',3,9,399),(402,'Disposición de residuos sólidos','No description',3,9,399),(403,'Funcionamiento del RIG','No description',3,9,399),(404,'Manejo de lodos y cortes de perforación','No description',3,9,399),(405,'Pruebas de Producción','No description',2,9,394),(406,'Funcionamiento del quemadero de gases','No description',3,9,405),(407,'Disposición de aguas de producción','No description',3,9,405),(408,'Almacenamiento y transporte de condensados','No description',3,9,405),(409,'Mantenimiento de obras de drenaje y ambientales','No description',3,9,395),(410,'Mantenimiento vías de acceso','No description',3,9,395),(411,'Post-Operativa','No description',1,9,369),(412,'Desmantelamiento Y Restauración','No description',2,9,411),(413,'Demolición de estructuras y limpieza de áreas','No description',3,9,412),(414,'Reconformación del terreno y revegetalización final','No description',3,9,412),(415,'Proyecto','No description',0,10,NULL),(416,'Pre-Operativa','No description',1,10,415),(417,'Preparación del área','No description',2,10,416),(418,'Gestión comunitaria e institucional.','No description',3,10,417),(419,'Adquisición de bienes y servicios.','No description',3,10,417),(420,'Negociación de predios y servidumbres.','No description',3,10,417),(421,'Contratación y capacitación del personal.','No description',3,10,417),(422,'Trabajos de topografía.','No description',3,10,417),(423,'Adecuación de Áreas','No description',1,10,415),(424,'Vías de acceso y localizaciones','No description',2,10,423),(425,'Movilización de materiales, maquinaria, equipos y personal','No description',3,10,424),(426,'Instalación de campamentos transitorios para obras civiles.','No description',3,10,424),(427,'Operación de maquinaria y equipos.','No description',3,10,424),(428,'Remoción de cobertura vegetal y descapote','No description',3,10,424),(429,'Movimiento de tierras y compactación del terreno','No description',3,10,424),(430,'Extracción de material de zonas de préstamo lateral.','No description',3,10,424),(431,'Construcción y adecuación de estructuras.','No description',3,10,424),(432,'Construcción de obras de arte y ambientales','No description',3,10,424),(433,'Transporte y disposición de material de construcción.','No description',3,10,424),(434,'Construcción de piscinas y check shot','No description',3,10,424),(435,'Estabilización de taludes','No description',3,10,424),(436,'Captación / Consumo de agua','No description',3,10,424),(437,'Generación y disposición de residuos líquidos','No description',3,10,424),(438,'Generación y disposición de residuos sólidos','No description',3,10,424),(439,'Revegetalización y/o empradización','No description',3,10,424),(440,'Operación','No description',1,10,415),(441,'Mantenimiento','No description',2,10,440),(442,'Mantenimiento de equipos y vehículos','No description',3,10,441),(443,'Operación','No description',2,10,440),(444,'Operación del campamento de personal','No description',3,10,443),(445,'Perforación','No description',2,10,440),(446,'Captación y consumo de agua.','No description',3,10,445),(447,'Disposición de residuos líquidos','No description',3,10,445),(448,'Disposición de residuos sólidos','No description',3,10,445),(449,'Funcionamiento del RIG','No description',3,10,445),(450,'Manejo de lodos y cortes de perforación','No description',3,10,445),(451,'Pruebas de Producción','No description',2,10,440),(452,'Funcionamiento del quemadero de gases','No description',3,10,451),(453,'Disposición de aguas de producción','No description',3,10,451),(454,'Almacenamiento y transporte de condensados','No description',3,10,451),(455,'Mantenimiento de obras de drenaje y ambientales','No description',3,10,441),(456,'Mantenimiento vías de acceso','No description',3,10,441),(457,'Post-Operativa','No description',1,10,415),(458,'Desmantelamiento Y Restauración','No description',2,10,457),(459,'Demolición de estructuras y limpieza de áreas','No description',3,10,458),(460,'Reconformación del terreno y revegetalización final','No description',3,10,458),(461,'Proyecto','No description',0,11,NULL),(462,'Pre-Operativa','No description',1,11,461),(463,'Preparación del área','No description',2,11,462),(464,'Gestión comunitaria e institucional.','No description',3,11,463),(465,'Adquisición de bienes y servicios.','No description',3,11,463),(466,'Negociación de predios y servidumbres.','No description',3,11,463),(467,'Contratación y capacitación del personal.','No description',3,11,463),(468,'Trabajos de topografía.','No description',3,11,463),(469,'Adecuación de Áreas','No description',1,11,461),(470,'Vías de acceso y localizaciones','No description',2,11,469),(471,'Movilización de materiales, maquinaria, equipos y personal','No description',3,11,470),(472,'Instalación de campamentos transitorios para obras civiles.','No description',3,11,470),(473,'Operación de maquinaria y equipos.','No description',3,11,470),(474,'Remoción de cobertura vegetal y descapote','No description',3,11,470),(475,'Movimiento de tierras y compactación del terreno','No description',3,11,470),(476,'Extracción de material de zonas de préstamo lateral.','No description',3,11,470),(477,'Construcción y adecuación de estructuras.','No description',3,11,470),(478,'Construcción de obras de arte y ambientales','No description',3,11,470),(479,'Transporte y disposición de material de construcción.','No description',3,11,470),(480,'Construcción de piscinas y check shot','No description',3,11,470),(481,'Estabilización de taludes','No description',3,11,470),(482,'Captación / Consumo de agua','No description',3,11,470),(483,'Generación y disposición de residuos líquidos','No description',3,11,470),(484,'Generación y disposición de residuos sólidos','No description',3,11,470),(485,'Revegetalización y/o empradización','No description',3,11,470),(486,'Operación','No description',1,11,461),(487,'Mantenimiento','No description',2,11,486),(488,'Mantenimiento de equipos y vehículos','No description',3,11,487),(489,'Operación','No description',2,11,486),(490,'Operación del campamento de personal','No description',3,11,489),(491,'Perforación','No description',2,11,486),(492,'Captación y consumo de agua.','No description',3,11,491),(493,'Disposición de residuos líquidos','No description',3,11,491),(494,'Disposición de residuos sólidos','No description',3,11,491),(495,'Funcionamiento del RIG','No description',3,11,491),(496,'Manejo de lodos y cortes de perforación','No description',3,11,491),(497,'Pruebas de Producción','No description',2,11,486),(498,'Funcionamiento del quemadero de gases','No description',3,11,497),(499,'Disposición de aguas de producción','No description',3,11,497),(500,'Almacenamiento y transporte de condensados','No description',3,11,497),(501,'Mantenimiento de obras de drenaje y ambientales','No description',3,11,487),(502,'Mantenimiento vías de acceso','No description',3,11,487),(503,'Post-Operativa','No description',1,11,461),(504,'Desmantelamiento Y Restauración','No description',2,11,503),(505,'Demolición de estructuras y limpieza de áreas','No description',3,11,504),(506,'Reconformación del terreno y revegetalización final','No description',3,11,504),(507,'Proyecto','No description',0,12,NULL),(508,'Pre-Operativa','No description',1,12,507),(509,'Preparación del área','No description',2,12,508),(510,'Gestión comunitaria e institucional.','No description',3,12,509),(511,'Adquisición de bienes y servicios.','No description',3,12,509),(512,'Negociación de predios y servidumbres.','No description',3,12,509),(513,'Contratación y capacitación del personal.','No description',3,12,509),(514,'Trabajos de topografía.','No description',3,12,509),(515,'Adecuación de Áreas','No description',1,12,507),(516,'Vías de acceso y localizaciones','No description',2,12,515),(517,'Movilización de materiales, maquinaria, equipos y personal','No description',3,12,516),(518,'Instalación de campamentos transitorios para obras civiles.','No description',3,12,516),(519,'Operación de maquinaria y equipos.','No description',3,12,516),(520,'Remoción de cobertura vegetal y descapote','No description',3,12,516),(521,'Movimiento de tierras y compactación del terreno','No description',3,12,516),(522,'Extracción de material de zonas de préstamo lateral.','No description',3,12,516),(523,'Construcción y adecuación de estructuras.','No description',3,12,516),(524,'Construcción de obras de arte y ambientales','No description',3,12,516),(525,'Transporte y disposición de material de construcción.','No description',3,12,516),(526,'Construcción de piscinas y check shot','No description',3,12,516),(527,'Estabilización de taludes','No description',3,12,516),(528,'Captación / Consumo de agua','No description',3,12,516),(529,'Generación y disposición de residuos líquidos','No description',3,12,516),(530,'Generación y disposición de residuos sólidos','No description',3,12,516),(531,'Revegetalización y/o empradización','No description',3,12,516),(532,'Operación','No description',1,12,507),(533,'Mantenimiento','No description',2,12,532),(534,'Mantenimiento de equipos y vehículos','No description',3,12,533),(535,'Operación','No description',2,12,532),(536,'Operación del campamento de personal','No description',3,12,535),(537,'Perforación','No description',2,12,532),(538,'Captación y consumo de agua.','No description',3,12,537),(539,'Disposición de residuos líquidos','No description',3,12,537),(540,'Disposición de residuos sólidos','No description',3,12,537),(541,'Funcionamiento del RIG','No description',3,12,537),(542,'Manejo de lodos y cortes de perforación','No description',3,12,537),(543,'Pruebas de Producción','No description',2,12,532),(544,'Funcionamiento del quemadero de gases','No description',3,12,543),(545,'Disposición de aguas de producción','No description',3,12,543),(546,'Almacenamiento y transporte de condensados','No description',3,12,543),(547,'Mantenimiento de obras de drenaje y ambientales','No description',3,12,533),(548,'Mantenimiento vías de acceso','No description',3,12,533),(549,'Post-Operativa','No description',1,12,507),(550,'Desmantelamiento Y Restauración','No description',2,12,549),(551,'Demolición de estructuras y limpieza de áreas','No description',3,12,550),(552,'Reconformación del terreno y revegetalización final','No description',3,12,550),(553,'Proyecto','No description',0,13,NULL),(554,'Pre-Operativa','No description',1,13,553),(555,'Preparación del área','No description',2,13,554),(556,'Gestión comunitaria e institucional.','No description',3,13,555),(557,'Adquisición de bienes y servicios.','No description',3,13,555),(558,'Negociación de predios y servidumbres.','No description',3,13,555),(559,'Contratación y capacitación del personal.','No description',3,13,555),(560,'Trabajos de topografía.','No description',3,13,555),(561,'Adecuación de Áreas','No description',1,13,553),(562,'Vías de acceso y localizaciones','No description',2,13,561),(563,'Movilización de materiales, maquinaria, equipos y personal','No description',3,13,562),(564,'Instalación de campamentos transitorios para obras civiles.','No description',3,13,562),(565,'Operación de maquinaria y equipos.','No description',3,13,562),(566,'Remoción de cobertura vegetal y descapote','No description',3,13,562),(567,'Movimiento de tierras y compactación del terreno','No description',3,13,562),(568,'Extracción de material de zonas de préstamo lateral.','No description',3,13,562),(569,'Construcción y adecuación de estructuras.','No description',3,13,562),(570,'Construcción de obras de arte y ambientales','No description',3,13,562),(571,'Transporte y disposición de material de construcción.','No description',3,13,562),(572,'Construcción de piscinas y check shot','No description',3,13,562),(573,'Estabilización de taludes','No description',3,13,562),(574,'Captación / Consumo de agua','No description',3,13,562),(575,'Generación y disposición de residuos líquidos','No description',3,13,562),(576,'Generación y disposición de residuos sólidos','No description',3,13,562),(577,'Revegetalización y/o empradización','No description',3,13,562),(578,'Operación','No description',1,13,553),(579,'Mantenimiento','No description',2,13,578),(580,'Mantenimiento de equipos y vehículos','No description',3,13,579),(581,'Operación','No description',2,13,578),(582,'Operación del campamento de personal','No description',3,13,581),(583,'Perforación','No description',2,13,578),(584,'Captación y consumo de agua.','No description',3,13,583),(585,'Disposición de residuos líquidos','No description',3,13,583),(586,'Disposición de residuos sólidos','No description',3,13,583),(587,'Funcionamiento del RIG','No description',3,13,583),(588,'Manejo de lodos y cortes de perforación','No description',3,13,583),(589,'Pruebas de Producción','No description',2,13,578),(590,'Funcionamiento del quemadero de gases','No description',3,13,589),(591,'Disposición de aguas de producción','No description',3,13,589),(592,'Almacenamiento y transporte de condensados','No description',3,13,589),(593,'Mantenimiento de obras de drenaje y ambientales','No description',3,13,579),(594,'Mantenimiento vías de acceso','No description',3,13,579),(595,'Post-Operativa','No description',1,13,553),(596,'Desmantelamiento Y Restauración','No description',2,13,595),(597,'Demolición de estructuras y limpieza de áreas','No description',3,13,596),(598,'Reconformación del terreno y revegetalización final','No description',3,13,596),(599,'Proyecto','No description',0,14,NULL),(600,'Pre-Operativa','No description',1,14,599),(601,'Preparación del área','No description',2,14,600),(602,'Gestión comunitaria e institucional.','No description',3,14,601),(603,'Adquisición de bienes y servicios.','No description',3,14,601),(604,'Negociación de predios y servidumbres.','No description',3,14,601),(605,'Contratación y capacitación del personal.','No description',3,14,601),(606,'Trabajos de topografía.','No description',3,14,601),(607,'Adecuación de Áreas','No description',1,14,599),(608,'Vías de acceso y localizaciones','No description',2,14,607),(609,'Movilización de materiales, maquinaria, equipos y personal','No description',3,14,608),(610,'Instalación de campamentos transitorios para obras civiles.','No description',3,14,608),(611,'Operación de maquinaria y equipos.','No description',3,14,608),(612,'Remoción de cobertura vegetal y descapote','No description',3,14,608),(613,'Movimiento de tierras y compactación del terreno','No description',3,14,608),(614,'Extracción de material de zonas de préstamo lateral.','No description',3,14,608),(615,'Construcción y adecuación de estructuras.','No description',3,14,608),(616,'Construcción de obras de arte y ambientales','No description',3,14,608),(617,'Transporte y disposición de material de construcción.','No description',3,14,608),(618,'Construcción de piscinas y check shot','No description',3,14,608),(619,'Estabilización de taludes','No description',3,14,608),(620,'Captación / Consumo de agua','No description',3,14,608),(621,'Generación y disposición de residuos líquidos','No description',3,14,608),(622,'Generación y disposición de residuos sólidos','No description',3,14,608),(623,'Revegetalización y/o empradización','No description',3,14,608),(624,'Operación','No description',1,14,599),(625,'Mantenimiento','No description',2,14,624),(626,'Mantenimiento de equipos y vehículos','No description',3,14,625),(627,'Operación','No description',2,14,624),(628,'Operación del campamento de personal','No description',3,14,627),(629,'Perforación','No description',2,14,624),(630,'Captación y consumo de agua.','No description',3,14,629),(631,'Disposición de residuos líquidos','No description',3,14,629),(632,'Disposición de residuos sólidos','No description',3,14,629),(633,'Funcionamiento del RIG','No description',3,14,629),(634,'Manejo de lodos y cortes de perforación','No description',3,14,629),(635,'Pruebas de Producción','No description',2,14,624),(636,'Funcionamiento del quemadero de gases','No description',3,14,635),(637,'Disposición de aguas de producción','No description',3,14,635),(638,'Almacenamiento y transporte de condensados','No description',3,14,635),(639,'Mantenimiento de obras de drenaje y ambientales','No description',3,14,625),(640,'Mantenimiento vías de acceso','No description',3,14,625),(641,'Post-Operativa','No description',1,14,599),(642,'Desmantelamiento Y Restauración','No description',2,14,641),(643,'Demolición de estructuras y limpieza de áreas','No description',3,14,642),(644,'Reconformación del terreno y revegetalización final','No description',3,14,642),(645,'Proyecto','No description',0,15,NULL),(646,'Pre-Operativa','No description',1,15,645),(647,'Preparación del área','No description',2,15,646),(648,'Gestión comunitaria e institucional.','No description',3,15,647),(649,'Adquisición de bienes y servicios.','No description',3,15,647),(650,'Negociación de predios y servidumbres.','No description',3,15,647),(651,'Contratación y capacitación del personal.','No description',3,15,647),(652,'Trabajos de topografía.','No description',3,15,647),(653,'Adecuación de Áreas','No description',1,15,645),(654,'Vías de acceso y localizaciones','No description',2,15,653),(655,'Movilización de materiales, maquinaria, equipos y personal','No description',3,15,654),(656,'Instalación de campamentos transitorios para obras civiles.','No description',3,15,654),(657,'Operación de maquinaria y equipos.','No description',3,15,654),(658,'Remoción de cobertura vegetal y descapote','No description',3,15,654),(659,'Movimiento de tierras y compactación del terreno','No description',3,15,654),(660,'Extracción de material de zonas de préstamo lateral.','No description',3,15,654),(661,'Construcción y adecuación de estructuras.','No description',3,15,654),(662,'Construcción de obras de arte y ambientales','No description',3,15,654),(663,'Transporte y disposición de material de construcción.','No description',3,15,654),(664,'Construcción de piscinas y check shot','No description',3,15,654),(665,'Estabilización de taludes','No description',3,15,654),(666,'Captación / Consumo de agua','No description',3,15,654),(667,'Generación y disposición de residuos líquidos','No description',3,15,654),(668,'Generación y disposición de residuos sólidos','No description',3,15,654),(669,'Revegetalización y/o empradización','No description',3,15,654),(670,'Operación','No description',1,15,645),(671,'Mantenimiento','No description',2,15,670),(672,'Mantenimiento de equipos y vehículos','No description',3,15,671),(673,'Operación','No description',2,15,670),(674,'Operación del campamento de personal','No description',3,15,673),(675,'Perforación','No description',2,15,670),(676,'Captación y consumo de agua.','No description',3,15,675),(677,'Disposición de residuos líquidos','No description',3,15,675),(678,'Disposición de residuos sólidos','No description',3,15,675),(679,'Funcionamiento del RIG','No description',3,15,675),(680,'Manejo de lodos y cortes de perforación','No description',3,15,675),(681,'Pruebas de Producción','No description',2,15,670),(682,'Funcionamiento del quemadero de gases','No description',3,15,681),(683,'Disposición de aguas de producción','No description',3,15,681),(684,'Almacenamiento y transporte de condensados','No description',3,15,681),(685,'Mantenimiento de obras de drenaje y ambientales','No description',3,15,671),(686,'Mantenimiento vías de acceso','No description',3,15,671),(687,'Post-Operativa','No description',1,15,645),(688,'Desmantelamiento Y Restauración','No description',2,15,687),(689,'Demolición de estructuras y limpieza de áreas','No description',3,15,688),(690,'Reconformación del terreno y revegetalización final','No description',3,15,688),(691,'Proyecto','No description',0,16,NULL),(692,'Pre-Operativa','No description',1,16,691),(693,'Preparación del área','No description',2,16,692),(694,'Gestión comunitaria e institucional.','No description',3,16,693),(695,'Adquisición de bienes y servicios.','No description',3,16,693),(696,'Negociación de predios y servidumbres.','No description',3,16,693),(697,'Contratación y capacitación del personal.','No description',3,16,693),(698,'Trabajos de topografía.','No description',3,16,693),(699,'Adecuación de Áreas','No description',1,16,691),(700,'Vías de acceso y localizaciones','No description',2,16,699),(701,'Movilización de materiales, maquinaria, equipos y personal','No description',3,16,700),(702,'Instalación de campamentos transitorios para obras civiles.','No description',3,16,700),(703,'Operación de maquinaria y equipos.','No description',3,16,700),(704,'Remoción de cobertura vegetal y descapote','No description',3,16,700),(705,'Movimiento de tierras y compactación del terreno','No description',3,16,700),(706,'Extracción de material de zonas de préstamo lateral.','No description',3,16,700),(707,'Construcción y adecuación de estructuras.','No description',3,16,700),(708,'Construcción de obras de arte y ambientales','No description',3,16,700),(709,'Transporte y disposición de material de construcción.','No description',3,16,700),(710,'Construcción de piscinas y check shot','No description',3,16,700),(711,'Estabilización de taludes','No description',3,16,700),(712,'Captación / Consumo de agua','No description',3,16,700),(713,'Generación y disposición de residuos líquidos','No description',3,16,700),(714,'Generación y disposición de residuos sólidos','No description',3,16,700),(715,'Revegetalización y/o empradización','No description',3,16,700),(716,'Operación','No description',1,16,691),(717,'Mantenimiento','No description',2,16,716),(718,'Mantenimiento de equipos y vehículos','No description',3,16,717),(719,'Operación','No description',2,16,716),(720,'Operación del campamento de personal','No description',3,16,719),(721,'Perforación','No description',2,16,716),(722,'Captación y consumo de agua.','No description',3,16,721),(723,'Disposición de residuos líquidos','No description',3,16,721),(724,'Disposición de residuos sólidos','No description',3,16,721),(725,'Funcionamiento del RIG','No description',3,16,721),(726,'Manejo de lodos y cortes de perforación','No description',3,16,721),(727,'Pruebas de Producción','No description',2,16,716),(728,'Funcionamiento del quemadero de gases','No description',3,16,727),(729,'Disposición de aguas de producción','No description',3,16,727),(730,'Almacenamiento y transporte de condensados','No description',3,16,727),(731,'Mantenimiento de obras de drenaje y ambientales','No description',3,16,717),(732,'Mantenimiento vías de acceso','No description',3,16,717),(733,'Post-Operativa','No description',1,16,691),(734,'Desmantelamiento Y Restauración','No description',2,16,733),(735,'Demolición de estructuras y limpieza de áreas','No description',3,16,734),(736,'Reconformación del terreno y revegetalización final','No description',3,16,734),(737,'Proyecto','No description',0,17,NULL),(738,'Pre-Operativa','No description',1,17,737),(739,'Preparación del área','No description',2,17,738),(740,'Gestión comunitaria e institucional.','No description',3,17,739),(741,'Adquisición de bienes y servicios.','No description',3,17,739),(742,'Negociación de predios y servidumbres.','No description',3,17,739),(743,'Contratación y capacitación del personal.','No description',3,17,739),(744,'Trabajos de topografía.','No description',3,17,739),(745,'Adecuación de Áreas','No description',1,17,737),(746,'Vías de acceso y localizaciones','No description',2,17,745),(747,'Movilización de materiales, maquinaria, equipos y personal','No description',3,17,746),(748,'Instalación de campamentos transitorios para obras civiles.','No description',3,17,746),(749,'Operación de maquinaria y equipos.','No description',3,17,746),(750,'Remoción de cobertura vegetal y descapote','No description',3,17,746),(751,'Movimiento de tierras y compactación del terreno','No description',3,17,746),(752,'Extracción de material de zonas de préstamo lateral.','No description',3,17,746),(753,'Construcción y adecuación de estructuras.','No description',3,17,746),(754,'Construcción de obras de arte y ambientales','No description',3,17,746),(755,'Transporte y disposición de material de construcción.','No description',3,17,746),(756,'Construcción de piscinas y check shot','No description',3,17,746),(757,'Estabilización de taludes','No description',3,17,746),(758,'Captación / Consumo de agua','No description',3,17,746),(759,'Generación y disposición de residuos líquidos','No description',3,17,746),(760,'Generación y disposición de residuos sólidos','No description',3,17,746),(761,'Revegetalización y/o empradización','No description',3,17,746),(762,'Operación','No description',1,17,737),(763,'Mantenimiento','No description',2,17,762),(764,'Mantenimiento de equipos y vehículos','No description',3,17,763),(765,'Operación','No description',2,17,762),(766,'Operación del campamento de personal','No description',3,17,765),(767,'Perforación','No description',2,17,762),(768,'Captación y consumo de agua.','No description',3,17,767),(769,'Disposición de residuos líquidos','No description',3,17,767),(770,'Disposición de residuos sólidos','No description',3,17,767),(771,'Funcionamiento del RIG','No description',3,17,767),(772,'Manejo de lodos y cortes de perforación','No description',3,17,767),(773,'Pruebas de Producción','No description',2,17,762),(774,'Funcionamiento del quemadero de gases','No description',3,17,773),(775,'Disposición de aguas de producción','No description',3,17,773),(776,'Almacenamiento y transporte de condensados','No description',3,17,773),(777,'Mantenimiento de obras de drenaje y ambientales','No description',3,17,763),(778,'Mantenimiento vías de acceso','No description',3,17,763),(779,'Post-Operativa','No description',1,17,737),(780,'Desmantelamiento Y Restauración','No description',2,17,779),(781,'Demolición de estructuras y limpieza de áreas','No description',3,17,780),(782,'Reconformación del terreno y revegetalización final','No description',3,17,780),(783,'Proyecto','No description',0,18,NULL),(784,'Pre-Operativa','No description',1,18,783),(785,'Preparación del área','No description',2,18,784),(786,'Gestión comunitaria e institucional.','No description',3,18,785),(787,'Adquisición de bienes y servicios.','No description',3,18,785),(788,'Negociación de predios y servidumbres.','No description',3,18,785),(789,'Contratación y capacitación del personal.','No description',3,18,785),(790,'Trabajos de topografía.','No description',3,18,785),(791,'Adecuación de Áreas','No description',1,18,783),(792,'Vías de acceso y localizaciones','No description',2,18,791),(793,'Movilización de materiales, maquinaria, equipos y personal','No description',3,18,792),(794,'Instalación de campamentos transitorios para obras civiles.','No description',3,18,792),(795,'Operación de maquinaria y equipos.','No description',3,18,792),(796,'Remoción de cobertura vegetal y descapote','No description',3,18,792),(797,'Movimiento de tierras y compactación del terreno','No description',3,18,792),(798,'Extracción de material de zonas de préstamo lateral.','No description',3,18,792),(799,'Construcción y adecuación de estructuras.','No description',3,18,792),(800,'Construcción de obras de arte y ambientales','No description',3,18,792),(801,'Transporte y disposición de material de construcción.','No description',3,18,792),(802,'Construcción de piscinas y check shot','No description',3,18,792),(803,'Estabilización de taludes','No description',3,18,792),(804,'Captación / Consumo de agua','No description',3,18,792),(805,'Generación y disposición de residuos líquidos','No description',3,18,792),(806,'Generación y disposición de residuos sólidos','No description',3,18,792),(807,'Revegetalización y/o empradización','No description',3,18,792),(808,'Operación','No description',1,18,783),(809,'Mantenimiento','No description',2,18,808),(810,'Mantenimiento de equipos y vehículos','No description',3,18,809),(811,'Operación','No description',2,18,808),(812,'Operación del campamento de personal','No description',3,18,811),(813,'Perforación','No description',2,18,808),(814,'Captación y consumo de agua.','No description',3,18,813),(815,'Disposición de residuos líquidos','No description',3,18,813),(816,'Disposición de residuos sólidos','No description',3,18,813),(817,'Funcionamiento del RIG','No description',3,18,813),(818,'Manejo de lodos y cortes de perforación','No description',3,18,813),(819,'Pruebas de Producción','No description',2,18,808),(820,'Funcionamiento del quemadero de gases','No description',3,18,819),(821,'Disposición de aguas de producción','No description',3,18,819),(822,'Almacenamiento y transporte de condensados','No description',3,18,819),(823,'Mantenimiento de obras de drenaje y ambientales','No description',3,18,809),(824,'Mantenimiento vías de acceso','No description',3,18,809),(825,'Post-Operativa','No description',1,18,783),(826,'Desmantelamiento Y Restauración','No description',2,18,825),(827,'Demolición de estructuras y limpieza de áreas','No description',3,18,826),(828,'Reconformación del terreno y revegetalización final','No description',3,18,826),(829,'Proyecto','No description',0,19,NULL),(830,'Pre-Operativa','No description',1,19,829),(831,'Preparación del área','No description',2,19,830),(832,'Gestión comunitaria e institucional.','No description',3,19,831),(833,'Adquisición de bienes y servicios.','No description',3,19,831),(834,'Negociación de predios y servidumbres.','No description',3,19,831),(835,'Contratación y capacitación del personal.','No description',3,19,831),(836,'Trabajos de topografía.','No description',3,19,831),(837,'Adecuación de Áreas','No description',1,19,829),(838,'Vías de acceso y localizaciones','No description',2,19,837),(839,'Movilización de materiales, maquinaria, equipos y personal','No description',3,19,838),(840,'Instalación de campamentos transitorios para obras civiles.','No description',3,19,838),(841,'Operación de maquinaria y equipos.','No description',3,19,838),(842,'Remoción de cobertura vegetal y descapote','No description',3,19,838),(843,'Movimiento de tierras y compactación del terreno','No description',3,19,838),(844,'Extracción de material de zonas de préstamo lateral.','No description',3,19,838),(845,'Construcción y adecuación de estructuras.','No description',3,19,838),(846,'Construcción de obras de arte y ambientales','No description',3,19,838),(847,'Transporte y disposición de material de construcción.','No description',3,19,838),(848,'Construcción de piscinas y check shot','No description',3,19,838),(849,'Estabilización de taludes','No description',3,19,838),(850,'Captación / Consumo de agua','No description',3,19,838),(851,'Generación y disposición de residuos líquidos','No description',3,19,838),(852,'Generación y disposición de residuos sólidos','No description',3,19,838),(853,'Revegetalización y/o empradización','No description',3,19,838),(854,'Operación','No description',1,19,829),(855,'Mantenimiento','No description',2,19,854),(856,'Mantenimiento de equipos y vehículos','No description',3,19,855),(857,'Operación','No description',2,19,854),(858,'Operación del campamento de personal','No description',3,19,857),(859,'Perforación','No description',2,19,854),(860,'Captación y consumo de agua.','No description',3,19,859),(861,'Disposición de residuos líquidos','No description',3,19,859),(862,'Disposición de residuos sólidos','No description',3,19,859),(863,'Funcionamiento del RIG','No description',3,19,859),(864,'Manejo de lodos y cortes de perforación','No description',3,19,859),(865,'Pruebas de Producción','No description',2,19,854),(866,'Funcionamiento del quemadero de gases','No description',3,19,865),(867,'Disposición de aguas de producción','No description',3,19,865),(868,'Almacenamiento y transporte de condensados','No description',3,19,865),(869,'Mantenimiento de obras de drenaje y ambientales','No description',3,19,855),(870,'Mantenimiento vías de acceso','No description',3,19,855),(871,'Post-Operativa','No description',1,19,829),(872,'Desmantelamiento Y Restauración','No description',2,19,871),(873,'Demolición de estructuras y limpieza de áreas','No description',3,19,872),(874,'Reconformación del terreno y revegetalización final','No description',3,19,872),(875,'Proyecto','No description',0,20,NULL),(876,'Pre-Operativa','No description',1,20,875),(877,'Preparación del área','No description',2,20,876),(878,'Gestión comunitaria e institucional.','No description',3,20,877),(879,'Adquisición de bienes y servicios.','No description',3,20,877),(880,'Negociación de predios y servidumbres.','No description',3,20,877),(881,'Contratación y capacitación del personal.','No description',3,20,877),(882,'Trabajos de topografía.','No description',3,20,877),(883,'Adecuación de Áreas','No description',1,20,875),(884,'Vías de acceso y localizaciones','No description',2,20,883),(885,'Movilización de materiales, maquinaria, equipos y personal','No description',3,20,884),(886,'Instalación de campamentos transitorios para obras civiles.','No description',3,20,884),(887,'Operación de maquinaria y equipos.','No description',3,20,884),(888,'Remoción de cobertura vegetal y descapote','No description',3,20,884),(889,'Movimiento de tierras y compactación del terreno','No description',3,20,884),(890,'Extracción de material de zonas de préstamo lateral.','No description',3,20,884),(891,'Construcción y adecuación de estructuras.','No description',3,20,884),(892,'Construcción de obras de arte y ambientales','No description',3,20,884),(893,'Transporte y disposición de material de construcción.','No description',3,20,884),(894,'Construcción de piscinas y check shot','No description',3,20,884),(895,'Estabilización de taludes','No description',3,20,884),(896,'Captación / Consumo de agua','No description',3,20,884),(897,'Generación y disposición de residuos líquidos','No description',3,20,884),(898,'Generación y disposición de residuos sólidos','No description',3,20,884),(899,'Revegetalización y/o empradización','No description',3,20,884),(900,'Operación','No description',1,20,875),(901,'Mantenimiento','No description',2,20,900),(902,'Mantenimiento de equipos y vehículos','No description',3,20,901),(903,'Operación','No description',2,20,900),(904,'Operación del campamento de personal','No description',3,20,903),(905,'Perforación','No description',2,20,900),(906,'Captación y consumo de agua.','No description',3,20,905),(907,'Disposición de residuos líquidos','No description',3,20,905),(908,'Disposición de residuos sólidos','No description',3,20,905),(909,'Funcionamiento del RIG','No description',3,20,905),(910,'Manejo de lodos y cortes de perforación','No description',3,20,905),(911,'Pruebas de Producción','No description',2,20,900),(912,'Funcionamiento del quemadero de gases','No description',3,20,911),(913,'Disposición de aguas de producción','No description',3,20,911),(914,'Almacenamiento y transporte de condensados','No description',3,20,911),(915,'Mantenimiento de obras de drenaje y ambientales','No description',3,20,901),(916,'Mantenimiento vías de acceso','No description',3,20,901),(917,'Post-Operativa','No description',1,20,875),(918,'Desmantelamiento Y Restauración','No description',2,20,917),(919,'Demolición de estructuras y limpieza de áreas','No description',3,20,918),(920,'Reconformación del terreno y revegetalización final','No description',3,20,918),(921,'Proyecto','No description',0,21,NULL),(922,'Pre-Operativa','No description',1,21,921),(923,'Preparación del área','No description',2,21,922),(924,'Gestión comunitaria e institucional.','No description',3,21,923),(925,'Adquisición de bienes y servicios.','No description',3,21,923),(926,'Negociación de predios y servidumbres.','No description',3,21,923),(927,'Contratación y capacitación del personal.','No description',3,21,923),(928,'Trabajos de topografía.','No description',3,21,923),(929,'Adecuación de Áreas','No description',1,21,921),(930,'Vías de acceso y localizaciones','No description',2,21,929),(931,'Movilización de materiales, maquinaria, equipos y personal','No description',3,21,930),(932,'Instalación de campamentos transitorios para obras civiles.','No description',3,21,930),(933,'Operación de maquinaria y equipos.','No description',3,21,930),(934,'Remoción de cobertura vegetal y descapote','No description',3,21,930),(935,'Movimiento de tierras y compactación del terreno','No description',3,21,930),(936,'Extracción de material de zonas de préstamo lateral.','No description',3,21,930),(937,'Construcción y adecuación de estructuras.','No description',3,21,930),(938,'Construcción de obras de arte y ambientales','No description',3,21,930),(939,'Transporte y disposición de material de construcción.','No description',3,21,930),(940,'Construcción de piscinas y check shot','No description',3,21,930),(941,'Estabilización de taludes','No description',3,21,930),(942,'Captación / Consumo de agua','No description',3,21,930),(943,'Generación y disposición de residuos líquidos','No description',3,21,930),(944,'Generación y disposición de residuos sólidos','No description',3,21,930),(945,'Revegetalización y/o empradización','No description',3,21,930),(946,'Operación','No description',1,21,921),(947,'Mantenimiento','No description',2,21,946),(948,'Mantenimiento de equipos y vehículos','No description',3,21,947),(949,'Operación','No description',2,21,946),(950,'Operación del campamento de personal','No description',3,21,949),(951,'Perforación','No description',2,21,946),(952,'Captación y consumo de agua.','No description',3,21,951),(953,'Disposición de residuos líquidos','No description',3,21,951),(954,'Disposición de residuos sólidos','No description',3,21,951),(955,'Funcionamiento del RIG','No description',3,21,951),(956,'Manejo de lodos y cortes de perforación','No description',3,21,951),(957,'Pruebas de Producción','No description',2,21,946),(958,'Funcionamiento del quemadero de gases','No description',3,21,957),(959,'Disposición de aguas de producción','No description',3,21,957),(960,'Almacenamiento y transporte de condensados','No description',3,21,957),(961,'Mantenimiento de obras de drenaje y ambientales','No description',3,21,947),(962,'Mantenimiento vías de acceso','No description',3,21,947),(963,'Post-Operativa','No description',1,21,921),(964,'Desmantelamiento Y Restauración','No description',2,21,963),(965,'Demolición de estructuras y limpieza de áreas','No description',3,21,964),(966,'Reconformación del terreno y revegetalización final','No description',3,21,964),(967,'Proyecto','No description',0,22,NULL),(968,'Pre-Operativa','No description',1,22,967),(969,'Preparación del área','No description',2,22,968),(970,'Gestión comunitaria e institucional.','No description',3,22,969),(971,'Adquisición de bienes y servicios.','No description',3,22,969),(972,'Negociación de predios y servidumbres.','No description',3,22,969),(973,'Contratación y capacitación del personal.','No description',3,22,969),(974,'Trabajos de topografía.','No description',3,22,969),(975,'Adecuación de Áreas','No description',1,22,967),(976,'Vías de acceso y localizaciones','No description',2,22,975),(977,'Movilización de materiales, maquinaria, equipos y personal','No description',3,22,976),(978,'Instalación de campamentos transitorios para obras civiles.','No description',3,22,976),(979,'Operación de maquinaria y equipos.','No description',3,22,976),(980,'Remoción de cobertura vegetal y descapote','No description',3,22,976),(981,'Movimiento de tierras y compactación del terreno','No description',3,22,976),(982,'Extracción de material de zonas de préstamo lateral.','No description',3,22,976),(983,'Construcción y adecuación de estructuras.','No description',3,22,976),(984,'Construcción de obras de arte y ambientales','No description',3,22,976),(985,'Transporte y disposición de material de construcción.','No description',3,22,976),(986,'Construcción de piscinas y check shot','No description',3,22,976),(987,'Estabilización de taludes','No description',3,22,976),(988,'Captación / Consumo de agua','No description',3,22,976),(989,'Generación y disposición de residuos líquidos','No description',3,22,976),(990,'Generación y disposición de residuos sólidos','No description',3,22,976),(991,'Revegetalización y/o empradización','No description',3,22,976),(992,'Operación','No description',1,22,967),(993,'Mantenimiento','No description',2,22,992),(994,'Mantenimiento de equipos y vehículos','No description',3,22,993),(995,'Operación','No description',2,22,992),(996,'Operación del campamento de personal','No description',3,22,995),(997,'Perforación','No description',2,22,992),(998,'Captación y consumo de agua.','No description',3,22,997),(999,'Disposición de residuos líquidos','No description',3,22,997),(1000,'Disposición de residuos sólidos','No description',3,22,997),(1001,'Funcionamiento del RIG','No description',3,22,997),(1002,'Manejo de lodos y cortes de perforación','No description',3,22,997),(1003,'Pruebas de Producción','No description',2,22,992),(1004,'Funcionamiento del quemadero de gases','No description',3,22,1003),(1005,'Disposición de aguas de producción','No description',3,22,1003),(1006,'Almacenamiento y transporte de condensados','No description',3,22,1003),(1007,'Mantenimiento de obras de drenaje y ambientales','No description',3,22,993),(1008,'Mantenimiento vías de acceso','No description',3,22,993),(1009,'Post-Operativa','No description',1,22,967),(1010,'Desmantelamiento Y Restauración','No description',2,22,1009),(1011,'Demolición de estructuras y limpieza de áreas','No description',3,22,1010),(1012,'Reconformación del terreno y revegetalización final','No description',3,22,1010),(1013,'Proyecto','No description',0,23,NULL),(1014,'Pre-Operativa','No description',1,23,1013),(1015,'Preparación del área','No description',2,23,1014),(1016,'Gestión comunitaria e institucional.','No description',3,23,1015),(1017,'Adquisición de bienes y servicios.','No description',3,23,1015),(1018,'Negociación de predios y servidumbres.','No description',3,23,1015),(1019,'Contratación y capacitación del personal.','No description',3,23,1015),(1020,'Trabajos de topografía.','No description',3,23,1015),(1021,'Adecuación de Áreas','No description',1,23,1013),(1022,'Vías de acceso y localizaciones','No description',2,23,1021),(1023,'Movilización de materiales, maquinaria, equipos y personal','No description',3,23,1022),(1024,'Instalación de campamentos transitorios para obras civiles.','No description',3,23,1022),(1025,'Operación de maquinaria y equipos.','No description',3,23,1022),(1026,'Remoción de cobertura vegetal y descapote','No description',3,23,1022),(1027,'Movimiento de tierras y compactación del terreno','No description',3,23,1022),(1028,'Extracción de material de zonas de préstamo lateral.','No description',3,23,1022),(1029,'Construcción y adecuación de estructuras.','No description',3,23,1022),(1030,'Construcción de obras de arte y ambientales','No description',3,23,1022),(1031,'Transporte y disposición de material de construcción.','No description',3,23,1022),(1032,'Construcción de piscinas y check shot','No description',3,23,1022),(1033,'Estabilización de taludes','No description',3,23,1022),(1034,'Captación / Consumo de agua','No description',3,23,1022),(1035,'Generación y disposición de residuos líquidos','No description',3,23,1022),(1036,'Generación y disposición de residuos sólidos','No description',3,23,1022),(1037,'Revegetalización y/o empradización','No description',3,23,1022),(1038,'Operación','No description',1,23,1013),(1039,'Mantenimiento','No description',2,23,1038),(1040,'Mantenimiento de equipos y vehículos','No description',3,23,1039),(1041,'Operación','No description',2,23,1038),(1042,'Operación del campamento de personal','No description',3,23,1041),(1043,'Perforación','No description',2,23,1038),(1044,'Captación y consumo de agua.','No description',3,23,1043),(1045,'Disposición de residuos líquidos','No description',3,23,1043),(1046,'Disposición de residuos sólidos','No description',3,23,1043),(1047,'Funcionamiento del RIG','No description',3,23,1043),(1048,'Manejo de lodos y cortes de perforación','No description',3,23,1043),(1049,'Pruebas de Producción','No description',2,23,1038),(1050,'Funcionamiento del quemadero de gases','No description',3,23,1049),(1051,'Disposición de aguas de producción','No description',3,23,1049),(1052,'Almacenamiento y transporte de condensados','No description',3,23,1049),(1053,'Mantenimiento de obras de drenaje y ambientales','No description',3,23,1039),(1054,'Mantenimiento vías de acceso','No description',3,23,1039),(1055,'Post-Operativa','No description',1,23,1013),(1056,'Desmantelamiento Y Restauración','No description',2,23,1055),(1057,'Demolición de estructuras y limpieza de áreas','No description',3,23,1056),(1058,'Reconformación del terreno y revegetalización final','No description',3,23,1056),(1059,'Proyecto','No description',0,24,NULL),(1060,'Pre-Operativa','No description',1,24,1059),(1061,'Preparación del área','No description',2,24,1060),(1062,'Gestión comunitaria e institucional.','No description',3,24,1061),(1063,'Adquisición de bienes y servicios.','No description',3,24,1061),(1064,'Negociación de predios y servidumbres.','No description',3,24,1061),(1065,'Contratación y capacitación del personal.','No description',3,24,1061),(1066,'Trabajos de topografía.','No description',3,24,1061),(1067,'Adecuación de Áreas','No description',1,24,1059),(1068,'Vías de acceso y localizaciones','No description',2,24,1067),(1069,'Movilización de materiales, maquinaria, equipos y personal','No description',3,24,1068),(1070,'Instalación de campamentos transitorios para obras civiles.','No description',3,24,1068),(1071,'Operación de maquinaria y equipos.','No description',3,24,1068),(1072,'Remoción de cobertura vegetal y descapote','No description',3,24,1068),(1073,'Movimiento de tierras y compactación del terreno','No description',3,24,1068),(1074,'Extracción de material de zonas de préstamo lateral.','No description',3,24,1068),(1075,'Construcción y adecuación de estructuras.','No description',3,24,1068),(1076,'Construcción de obras de arte y ambientales','No description',3,24,1068),(1077,'Transporte y disposición de material de construcción.','No description',3,24,1068),(1078,'Construcción de piscinas y check shot','No description',3,24,1068),(1079,'Estabilización de taludes','No description',3,24,1068),(1080,'Captación / Consumo de agua','No description',3,24,1068),(1081,'Generación y disposición de residuos líquidos','No description',3,24,1068),(1082,'Generación y disposición de residuos sólidos','No description',3,24,1068),(1083,'Revegetalización y/o empradización','No description',3,24,1068),(1084,'Operación','No description',1,24,1059),(1085,'Mantenimiento','No description',2,24,1084),(1086,'Mantenimiento de equipos y vehículos','No description',3,24,1085),(1087,'Operación','No description',2,24,1084),(1088,'Operación del campamento de personal','No description',3,24,1087),(1089,'Perforación','No description',2,24,1084),(1090,'Captación y consumo de agua.','No description',3,24,1089),(1091,'Disposición de residuos líquidos','No description',3,24,1089),(1092,'Disposición de residuos sólidos','No description',3,24,1089),(1093,'Funcionamiento del RIG','No description',3,24,1089),(1094,'Manejo de lodos y cortes de perforación','No description',3,24,1089),(1095,'Pruebas de Producción','No description',2,24,1084),(1096,'Funcionamiento del quemadero de gases','No description',3,24,1095),(1097,'Disposición de aguas de producción','No description',3,24,1095),(1098,'Almacenamiento y transporte de condensados','No description',3,24,1095),(1099,'Mantenimiento de obras de drenaje y ambientales','No description',3,24,1085),(1100,'Mantenimiento vías de acceso','No description',3,24,1085),(1101,'Post-Operativa','No description',1,24,1059),(1102,'Desmantelamiento Y Restauración','No description',2,24,1101),(1103,'Demolición de estructuras y limpieza de áreas','No description',3,24,1102),(1104,'Reconformación del terreno y revegetalización final','No description',3,24,1102),(1105,'Proyecto','No description',0,25,NULL),(1106,'Pre-Operativa','No description',1,25,1105),(1107,'Preparación del área','No description',2,25,1106),(1108,'Gestión comunitaria e institucional.','No description',3,25,1107),(1109,'Adquisición de bienes y servicios.','No description',3,25,1107),(1110,'Negociación de predios y servidumbres.','No description',3,25,1107),(1111,'Contratación y capacitación del personal.','No description',3,25,1107),(1112,'Trabajos de topografía.','No description',3,25,1107),(1113,'Adecuación de Áreas','No description',1,25,1105),(1114,'Vías de acceso y localizaciones','No description',2,25,1113),(1115,'Movilización de materiales, maquinaria, equipos y personal','No description',3,25,1114),(1116,'Instalación de campamentos transitorios para obras civiles.','No description',3,25,1114),(1117,'Operación de maquinaria y equipos.','No description',3,25,1114),(1118,'Remoción de cobertura vegetal y descapote','No description',3,25,1114),(1119,'Movimiento de tierras y compactación del terreno','No description',3,25,1114),(1120,'Extracción de material de zonas de préstamo lateral.','No description',3,25,1114),(1121,'Construcción y adecuación de estructuras.','No description',3,25,1114),(1122,'Construcción de obras de arte y ambientales','No description',3,25,1114),(1123,'Transporte y disposición de material de construcción.','No description',3,25,1114),(1124,'Construcción de piscinas y check shot','No description',3,25,1114),(1125,'Estabilización de taludes','No description',3,25,1114),(1126,'Captación / Consumo de agua','No description',3,25,1114),(1127,'Generación y disposición de residuos líquidos','No description',3,25,1114),(1128,'Generación y disposición de residuos sólidos','No description',3,25,1114),(1129,'Revegetalización y/o empradización','No description',3,25,1114),(1130,'Operación','No description',1,25,1105),(1131,'Mantenimiento','No description',2,25,1130),(1132,'Mantenimiento de equipos y vehículos','No description',3,25,1131),(1133,'Operación','No description',2,25,1130),(1134,'Operación del campamento de personal','No description',3,25,1133),(1135,'Perforación','No description',2,25,1130),(1136,'Captación y consumo de agua.','No description',3,25,1135),(1137,'Disposición de residuos líquidos','No description',3,25,1135),(1138,'Disposición de residuos sólidos','No description',3,25,1135),(1139,'Funcionamiento del RIG','No description',3,25,1135),(1140,'Manejo de lodos y cortes de perforación','No description',3,25,1135),(1141,'Pruebas de Producción','No description',2,25,1130),(1142,'Funcionamiento del quemadero de gases','No description',3,25,1141),(1143,'Disposición de aguas de producción','No description',3,25,1141),(1144,'Almacenamiento y transporte de condensados','No description',3,25,1141),(1145,'Mantenimiento de obras de drenaje y ambientales','No description',3,25,1131),(1146,'Mantenimiento vías de acceso','No description',3,25,1131),(1147,'Post-Operativa','No description',1,25,1105),(1148,'Desmantelamiento Y Restauración','No description',2,25,1147),(1149,'Demolición de estructuras y limpieza de áreas','No description',3,25,1148),(1150,'Reconformación del terreno y revegetalización final','No description',3,25,1148),(1151,'Proyecto','No description',0,26,NULL),(1152,'Pre-Operativa','No description',1,26,1151),(1153,'Preparación del área','No description',2,26,1152),(1154,'Gestión comunitaria e institucional.','No description',3,26,1153),(1155,'Adquisición de bienes y servicios.','No description',3,26,1153),(1156,'Negociación de predios y servidumbres.','No description',3,26,1153),(1157,'Contratación y capacitación del personal.','No description',3,26,1153),(1158,'Trabajos de topografía.','No description',3,26,1153),(1159,'Adecuación de Áreas','No description',1,26,1151),(1160,'Vías de acceso y localizaciones','No description',2,26,1159),(1161,'Movilización de materiales, maquinaria, equipos y personal','No description',3,26,1160),(1162,'Instalación de campamentos transitorios para obras civiles.','No description',3,26,1160),(1163,'Operación de maquinaria y equipos.','No description',3,26,1160),(1164,'Remoción de cobertura vegetal y descapote','No description',3,26,1160),(1165,'Movimiento de tierras y compactación del terreno','No description',3,26,1160),(1166,'Extracción de material de zonas de préstamo lateral.','No description',3,26,1160),(1167,'Construcción y adecuación de estructuras.','No description',3,26,1160),(1168,'Construcción de obras de arte y ambientales','No description',3,26,1160),(1169,'Transporte y disposición de material de construcción.','No description',3,26,1160),(1170,'Construcción de piscinas y check shot','No description',3,26,1160),(1171,'Estabilización de taludes','No description',3,26,1160),(1172,'Captación / Consumo de agua','No description',3,26,1160),(1173,'Generación y disposición de residuos líquidos','No description',3,26,1160),(1174,'Generación y disposición de residuos sólidos','No description',3,26,1160),(1175,'Revegetalización y/o empradización','No description',3,26,1160),(1176,'Operación','No description',1,26,1151),(1177,'Mantenimiento','No description',2,26,1176),(1178,'Mantenimiento de equipos y vehículos','No description',3,26,1177),(1179,'Operación','No description',2,26,1176),(1180,'Operación del campamento de personal','No description',3,26,1179),(1181,'Perforación','No description',2,26,1176),(1182,'Captación y consumo de agua.','No description',3,26,1181),(1183,'Disposición de residuos líquidos','No description',3,26,1181),(1184,'Disposición de residuos sólidos','No description',3,26,1181),(1185,'Funcionamiento del RIG','No description',3,26,1181),(1186,'Manejo de lodos y cortes de perforación','No description',3,26,1181),(1187,'Pruebas de Producción','No description',2,26,1176),(1188,'Funcionamiento del quemadero de gases','No description',3,26,1187),(1189,'Disposición de aguas de producción','No description',3,26,1187),(1190,'Almacenamiento y transporte de condensados','No description',3,26,1187),(1191,'Mantenimiento de obras de drenaje y ambientales','No description',3,26,1177),(1192,'Mantenimiento vías de acceso','No description',3,26,1177),(1193,'Post-Operativa','No description',1,26,1151),(1194,'Desmantelamiento Y Restauración','No description',2,26,1193),(1195,'Demolición de estructuras y limpieza de áreas','No description',3,26,1194),(1196,'Reconformación del terreno y revegetalización final','No description',3,26,1194),(1197,'Proyecto','No description',0,27,NULL),(1198,'Pre-Operativa','No description',1,27,1197),(1199,'Preparación del área','No description',2,27,1198),(1200,'Gestión comunitaria e institucional.','No description',3,27,1199),(1201,'Adquisición de bienes y servicios.','No description',3,27,1199),(1202,'Negociación de predios y servidumbres.','No description',3,27,1199),(1203,'Contratación y capacitación del personal.','No description',3,27,1199),(1204,'Trabajos de topografía.','No description',3,27,1199),(1205,'Adecuación de Áreas','No description',1,27,1197),(1206,'Vías de acceso y localizaciones','No description',2,27,1205),(1207,'Movilización de materiales, maquinaria, equipos y personal','No description',3,27,1206),(1208,'Instalación de campamentos transitorios para obras civiles.','No description',3,27,1206),(1209,'Operación de maquinaria y equipos.','No description',3,27,1206),(1210,'Remoción de cobertura vegetal y descapote','No description',3,27,1206),(1211,'Movimiento de tierras y compactación del terreno','No description',3,27,1206),(1212,'Extracción de material de zonas de préstamo lateral.','No description',3,27,1206),(1213,'Construcción y adecuación de estructuras.','No description',3,27,1206),(1214,'Construcción de obras de arte y ambientales','No description',3,27,1206),(1215,'Transporte y disposición de material de construcción.','No description',3,27,1206),(1216,'Construcción de piscinas y check shot','No description',3,27,1206),(1217,'Estabilización de taludes','No description',3,27,1206),(1218,'Captación / Consumo de agua','No description',3,27,1206),(1219,'Generación y disposición de residuos líquidos','No description',3,27,1206),(1220,'Generación y disposición de residuos sólidos','No description',3,27,1206),(1221,'Revegetalización y/o empradización','No description',3,27,1206),(1222,'Operación','No description',1,27,1197),(1223,'Mantenimiento','No description',2,27,1222),(1224,'Mantenimiento de equipos y vehículos','No description',3,27,1223),(1225,'Operación','No description',2,27,1222),(1226,'Operación del campamento de personal','No description',3,27,1225),(1227,'Perforación','No description',2,27,1222),(1228,'Captación y consumo de agua.','No description',3,27,1227),(1229,'Disposición de residuos líquidos','No description',3,27,1227),(1230,'Disposición de residuos sólidos','No description',3,27,1227),(1231,'Funcionamiento del RIG','No description',3,27,1227),(1232,'Manejo de lodos y cortes de perforación','No description',3,27,1227),(1233,'Pruebas de Producción','No description',2,27,1222),(1234,'Funcionamiento del quemadero de gases','No description',3,27,1233),(1235,'Disposición de aguas de producción','No description',3,27,1233),(1236,'Almacenamiento y transporte de condensados','No description',3,27,1233),(1237,'Mantenimiento de obras de drenaje y ambientales','No description',3,27,1223),(1238,'Mantenimiento vías de acceso','No description',3,27,1223),(1239,'Post-Operativa','No description',1,27,1197),(1240,'Desmantelamiento Y Restauración','No description',2,27,1239),(1241,'Demolición de estructuras y limpieza de áreas','No description',3,27,1240),(1242,'Reconformación del terreno y revegetalización final','No description',3,27,1240),(1243,'Proyecto','No description',0,28,NULL),(1244,'Pre-Operativa','No description',1,28,1243),(1245,'Preparación del área','No description',2,28,1244),(1246,'Gestión comunitaria e institucional.','No description',3,28,1245),(1247,'Adquisición de bienes y servicios.','No description',3,28,1245),(1248,'Negociación de predios y servidumbres.','No description',3,28,1245),(1249,'Contratación y capacitación del personal.','No description',3,28,1245),(1250,'Trabajos de topografía.','No description',3,28,1245),(1251,'Adecuación de Áreas','No description',1,28,1243),(1252,'Vías de acceso y localizaciones','No description',2,28,1251),(1253,'Movilización de materiales, maquinaria, equipos y personal','No description',3,28,1252),(1254,'Instalación de campamentos transitorios para obras civiles.','No description',3,28,1252),(1255,'Operación de maquinaria y equipos.','No description',3,28,1252),(1256,'Remoción de cobertura vegetal y descapote','No description',3,28,1252),(1257,'Movimiento de tierras y compactación del terreno','No description',3,28,1252),(1258,'Extracción de material de zonas de préstamo lateral.','No description',3,28,1252),(1259,'Construcción y adecuación de estructuras.','No description',3,28,1252),(1260,'Construcción de obras de arte y ambientales','No description',3,28,1252),(1261,'Transporte y disposición de material de construcción.','No description',3,28,1252),(1262,'Construcción de piscinas y check shot','No description',3,28,1252),(1263,'Estabilización de taludes','No description',3,28,1252),(1264,'Captación / Consumo de agua','No description',3,28,1252),(1265,'Generación y disposición de residuos líquidos','No description',3,28,1252),(1266,'Generación y disposición de residuos sólidos','No description',3,28,1252),(1267,'Revegetalización y/o empradización','No description',3,28,1252),(1268,'Operación','No description',1,28,1243),(1269,'Mantenimiento','No description',2,28,1268),(1270,'Mantenimiento de equipos y vehículos','No description',3,28,1269),(1271,'Operación','No description',2,28,1268),(1272,'Operación del campamento de personal','No description',3,28,1271),(1273,'Perforación','No description',2,28,1268),(1274,'Captación y consumo de agua.','No description',3,28,1273),(1275,'Disposición de residuos líquidos','No description',3,28,1273),(1276,'Disposición de residuos sólidos','No description',3,28,1273),(1277,'Funcionamiento del RIG','No description',3,28,1273),(1278,'Manejo de lodos y cortes de perforación','No description',3,28,1273),(1279,'Pruebas de Producción','No description',2,28,1268),(1280,'Funcionamiento del quemadero de gases','No description',3,28,1279),(1281,'Disposición de aguas de producción','No description',3,28,1279),(1282,'Almacenamiento y transporte de condensados','No description',3,28,1279),(1283,'Mantenimiento de obras de drenaje y ambientales','No description',3,28,1269),(1284,'Mantenimiento vías de acceso','No description',3,28,1269),(1285,'Post-Operativa','No description',1,28,1243),(1286,'Desmantelamiento Y Restauración','No description',2,28,1285),(1287,'Demolición de estructuras y limpieza de áreas','No description',3,28,1286),(1288,'Reconformación del terreno y revegetalización final','No description',3,28,1286),(1289,'Proyecto','No description',0,29,NULL),(1290,'Pre-Operativa','No description',1,29,1289),(1291,'Preparación del área','No description',2,29,1290),(1292,'Gestión comunitaria e institucional.','No description',3,29,1291),(1293,'Adquisición de bienes y servicios.','No description',3,29,1291),(1294,'Negociación de predios y servidumbres.','No description',3,29,1291),(1295,'Contratación y capacitación del personal.','No description',3,29,1291),(1296,'Trabajos de topografía.','No description',3,29,1291),(1297,'Adecuación de Áreas','No description',1,29,1289),(1298,'Vías de acceso y localizaciones','No description',2,29,1297),(1299,'Movilización de materiales, maquinaria, equipos y personal','No description',3,29,1298),(1300,'Instalación de campamentos transitorios para obras civiles.','No description',3,29,1298),(1301,'Operación de maquinaria y equipos.','No description',3,29,1298),(1302,'Remoción de cobertura vegetal y descapote','No description',3,29,1298),(1303,'Movimiento de tierras y compactación del terreno','No description',3,29,1298),(1304,'Extracción de material de zonas de préstamo lateral.','No description',3,29,1298),(1305,'Construcción y adecuación de estructuras.','No description',3,29,1298),(1306,'Construcción de obras de arte y ambientales','No description',3,29,1298),(1307,'Transporte y disposición de material de construcción.','No description',3,29,1298),(1308,'Construcción de piscinas y check shot','No description',3,29,1298),(1309,'Estabilización de taludes','No description',3,29,1298),(1310,'Captación / Consumo de agua','No description',3,29,1298),(1311,'Generación y disposición de residuos líquidos','No description',3,29,1298),(1312,'Generación y disposición de residuos sólidos','No description',3,29,1298),(1313,'Revegetalización y/o empradización','No description',3,29,1298),(1314,'Operación','No description',1,29,1289),(1315,'Mantenimiento','No description',2,29,1314),(1316,'Mantenimiento de equipos y vehículos','No description',3,29,1315),(1317,'Operación','No description',2,29,1314),(1318,'Operación del campamento de personal','No description',3,29,1317),(1319,'Perforación','No description',2,29,1314),(1320,'Captación y consumo de agua.','No description',3,29,1319),(1321,'Disposición de residuos líquidos','No description',3,29,1319),(1322,'Disposición de residuos sólidos','No description',3,29,1319),(1323,'Funcionamiento del RIG','No description',3,29,1319),(1324,'Manejo de lodos y cortes de perforación','No description',3,29,1319),(1325,'Pruebas de Producción','No description',2,29,1314),(1326,'Funcionamiento del quemadero de gases','No description',3,29,1325),(1327,'Disposición de aguas de producción','No description',3,29,1325),(1328,'Almacenamiento y transporte de condensados','No description',3,29,1325),(1329,'Mantenimiento de obras de drenaje y ambientales','No description',3,29,1315),(1330,'Mantenimiento vías de acceso','No description',3,29,1315),(1331,'Post-Operativa','No description',1,29,1289),(1332,'Desmantelamiento Y Restauración','No description',2,29,1331),(1333,'Demolición de estructuras y limpieza de áreas','No description',3,29,1332),(1334,'Reconformación del terreno y revegetalización final','No description',3,29,1332),(1335,'Proyecto','No description',0,30,NULL),(1336,'Pre-Operativa','No description',1,30,1335),(1337,'Preparación del área','No description',2,30,1336),(1338,'Gestión comunitaria e institucional.','No description',3,30,1337),(1339,'Adquisición de bienes y servicios.','No description',3,30,1337),(1340,'Negociación de predios y servidumbres.','No description',3,30,1337),(1341,'Contratación y capacitación del personal.','No description',3,30,1337),(1342,'Trabajos de topografía.','No description',3,30,1337),(1343,'Adecuación de Áreas','No description',1,30,1335),(1344,'Vías de acceso y localizaciones','No description',2,30,1343),(1345,'Movilización de materiales, maquinaria, equipos y personal','No description',3,30,1344),(1346,'Instalación de campamentos transitorios para obras civiles.','No description',3,30,1344),(1347,'Operación de maquinaria y equipos.','No description',3,30,1344),(1348,'Remoción de cobertura vegetal y descapote','No description',3,30,1344),(1349,'Movimiento de tierras y compactación del terreno','No description',3,30,1344),(1350,'Extracción de material de zonas de préstamo lateral.','No description',3,30,1344),(1351,'Construcción y adecuación de estructuras.','No description',3,30,1344),(1352,'Construcción de obras de arte y ambientales','No description',3,30,1344),(1353,'Transporte y disposición de material de construcción.','No description',3,30,1344),(1354,'Construcción de piscinas y check shot','No description',3,30,1344),(1355,'Estabilización de taludes','No description',3,30,1344),(1356,'Captación / Consumo de agua','No description',3,30,1344),(1357,'Generación y disposición de residuos líquidos','No description',3,30,1344),(1358,'Generación y disposición de residuos sólidos','No description',3,30,1344),(1359,'Revegetalización y/o empradización','No description',3,30,1344),(1360,'Operación','No description',1,30,1335),(1361,'Mantenimiento','No description',2,30,1360),(1362,'Mantenimiento de equipos y vehículos','No description',3,30,1361),(1363,'Operación','No description',2,30,1360),(1364,'Operación del campamento de personal','No description',3,30,1363),(1365,'Perforación','No description',2,30,1360),(1366,'Captación y consumo de agua.','No description',3,30,1365),(1367,'Disposición de residuos líquidos','No description',3,30,1365),(1368,'Disposición de residuos sólidos','No description',3,30,1365),(1369,'Funcionamiento del RIG','No description',3,30,1365),(1370,'Manejo de lodos y cortes de perforación','No description',3,30,1365),(1371,'Pruebas de Producción','No description',2,30,1360),(1372,'Funcionamiento del quemadero de gases','No description',3,30,1371),(1373,'Disposición de aguas de producción','No description',3,30,1371),(1374,'Almacenamiento y transporte de condensados','No description',3,30,1371),(1375,'Mantenimiento de obras de drenaje y ambientales','No description',3,30,1361),(1376,'Mantenimiento vías de acceso','No description',3,30,1361),(1377,'Post-Operativa','No description',1,30,1335),(1378,'Desmantelamiento Y Restauración','No description',2,30,1377),(1379,'Demolición de estructuras y limpieza de áreas','No description',3,30,1378),(1380,'Reconformación del terreno y revegetalización final','No description',3,30,1378),(1381,'Proyecto','No description',0,31,NULL),(1382,'A 1.','No description',1,31,1381),(1383,'A 1.1.','No description',2,31,1382),(1384,'A 1.1.1.','No description',3,31,1383),(1385,'A 1.1.2.','No description',3,31,1383),(1386,'A 1.1.3.','No description',3,31,1383),(1387,'A 1.1.4.','No description',3,31,1383),(1388,'A 1.2.','No description',2,31,1382),(1389,'A 1.2.1.','No description',3,31,1388),(1390,'A 1.2.2.','No description',3,31,1388),(1391,'A 2.','No description',1,31,1381),(1392,'A 2.1.','No description',2,31,1391),(1393,'A 2.1.1.','No description',3,31,1392),(1394,'A 2.1.2.','No description',3,31,1392),(1395,'A 2.1.3.','No description',3,31,1392),(1396,'A 2.1.4.','No description',3,31,1392),(1397,'A 2.2.','No description',2,31,1391),(1398,'A 2.2.1.','No description',3,31,1397),(1399,'A 2.2.2.','No description',3,31,1397),(1400,'NN','No description',0,32,NULL);
/*!40000 ALTER TABLE `actions` ENABLE KEYS */;
UNLOCK TABLES;

--
-- Table structure for table `aggregation_cuts`
--

DROP TABLE IF EXISTS `aggregation_cuts`;
/*!40101 SET @saved_cs_client     = @@character_set_client */;
/*!40101 SET character_set_client = utf8 */;
CREATE TABLE `aggregation_cuts` (
  `id` int(11) NOT NULL AUTO_INCREMENT,
  `alpha` float NOT NULL,
  `L` float NOT NULL,
  `R` float NOT NULL,
  `aggregation_id` int(11) DEFAULT NULL,
  PRIMARY KEY (`id`),
  KEY `aggregation_id` (`aggregation_id`),
  CONSTRAINT `aggregation_cuts_ibfk_1` FOREIGN KEY (`aggregation_id`) REFERENCES `aggregations` (`id`) ON DELETE CASCADE ON UPDATE CASCADE
) ENGINE=InnoDB AUTO_INCREMENT=1081 DEFAULT CHARSET=latin1;
/*!40101 SET character_set_client = @saved_cs_client */;

--
-- Dumping data for table `aggregation_cuts`
--

LOCK TABLES `aggregation_cuts` WRITE;
/*!40000 ALTER TABLE `aggregation_cuts` DISABLE KEYS */;
INSERT INTO `aggregation_cuts` VALUES (1,0,-0.54408,-0.13648,1),(2,1,-0.40796,-0.24136,1),(3,0,-0.54408,-0.13648,2),(4,1,-0.40796,-0.24136,2),(5,0,-0.54408,-0.13648,3),(6,1,-0.40796,-0.24136,3),(7,0,-0.54408,-0.13648,4),(8,1,-0.40796,-0.24136,4),(9,0,-0.54408,-0.13648,5),(10,1,-0.40796,-0.24136,5),(11,0,-0.54408,-0.13648,6),(12,1,-0.40796,-0.24136,6),(13,0,-0.54408,-0.13648,7),(14,1,-0.40796,-0.24136,7),(15,0,-0.54408,-0.13648,8),(16,1,-0.40796,-0.24136,8),(17,0,-0.54408,-0.13648,9),(18,1,-0.40796,-0.24136,9),(19,0,-0.54408,-0.13648,10),(20,1,-0.40796,-0.24136,10),(21,0,-0.54408,-0.13648,11),(22,1,-0.40796,-0.24136,11),(23,0,-0.54408,-0.13648,12),(24,1,-0.40796,-0.24136,12),(25,0,-0.5442,-0.1498,13),(26,1,-0.40808,-0.24136,13),(27,0,-0.5442,-0.1498,14),(28,1,-0.40808,-0.24136,14),(29,0,-0.46416,-0.09652,15),(30,1,-0.32804,-0.16144,15),(31,0,-0.62436,-0.2164,16),(32,1,-0.48824,-0.32128,16),(33,0,-0.54408,-0.13648,17),(34,1,-0.40796,-0.24136,17),(35,0,-0.54408,-0.13648,18),(36,1,-0.40796,-0.24136,18),(37,0,-0.54408,-0.13648,19),(38,1,-0.40796,-0.24136,19),(39,0,-0.54408,-0.13648,20),(40,1,-0.40796,-0.24136,20),(41,0,-0.21524,0.181,21),(42,1,-0.10618,0.06042,21),(43,0,-0.21524,0.181,22),(44,1,-0.10618,0.06042,22),(45,0,0.1136,0.49848,23),(46,1,0.1956,0.3622,23),(47,0,-0.54408,-0.13648,24),(48,1,-0.40796,-0.24136,24),(49,0,-0.16388,0.21678,25),(50,1,-0.05478,0.11191,25),(51,0,-0.16388,0.21678,26),(52,1,-0.05478,0.11191,26),(53,0,0.19352,0.57876,27),(54,1,0.27552,0.44248,27),(55,0,-0.54408,-0.13648,28),(56,1,-0.40796,-0.24136,28),(57,0,-0.290673,0.0923667,29),(58,1,-0.172567,-0.00584667,29),(59,0,-0.290673,0.0923667,30),(60,1,-0.172567,-0.00584667,30),(61,0,0.19352,0.57876,31),(62,1,0.27552,0.44248,31),(63,0,-0.62436,-0.2164,32),(64,1,-0.48824,-0.32128,32),(65,0,-0.54408,-0.13648,33),(66,1,-0.40796,-0.24136,33),(67,0,-0.54408,-0.13648,34),(68,1,-0.40796,-0.24136,34),(69,0,-0.54408,-0.13648,35),(70,1,-0.40796,-0.24136,35),(71,0,-0.54408,-0.13648,36),(72,1,-0.40796,-0.24136,36),(73,0,-0.283013,0.09612,37),(74,1,-0.16488,0.00172,37),(75,0,-0.283013,0.09612,38),(76,1,-0.16488,0.00172,38),(77,0,0.1136,0.49848,39),(78,1,0.1956,0.3622,39),(79,0,-0.54408,-0.13648,40),(80,1,-0.40796,-0.24136,40),(81,0,-0.297497,0.0768,41),(82,1,-0.176749,-0.0100971,41),(83,0,-0.359508,0.0153781,42),(84,1,-0.2341,-0.0674639,42),(85,0,0.19352,0.57876,43),(86,1,0.27552,0.44248,43),(87,0,-0.58984,-0.18224,44),(88,1,-0.45356,-0.28696,44),(89,0,-0.352333,0.0249644,45),(90,1,-0.228169,-0.0614889,45),(91,0,-0.3903,-0.0132616,46),(92,1,-0.263107,-0.0964466,46),(93,0,0.19352,0.57876,47),(94,1,0.27552,0.44248,47),(95,0,-0.62436,-0.2164,48),(96,1,-0.48824,-0.32128,48),(97,0,-0.54408,-0.13648,49),(98,1,-0.40796,-0.24136,49),(99,0,-0.54408,-0.13648,50),(100,1,-0.40796,-0.24136,50),(101,0,-0.54408,-0.13648,51),(102,1,-0.40796,-0.24136,51),(103,0,-0.54408,-0.13648,52),(104,1,-0.40796,-0.24136,52),(105,0,-0.283013,0.09612,53),(106,1,-0.16488,0.00172,53),(107,0,-0.283013,0.09612,54),(108,1,-0.16488,0.00172,54),(109,0,0.1136,0.49848,55),(110,1,0.1956,0.3622,55),(111,0,-0.54408,-0.13648,56),(112,1,-0.40796,-0.24136,56),(113,0,-0.352351,0.0224222,57),(114,1,-0.228151,-0.0614711,57),(115,0,-0.390313,-0.0151683,58),(116,1,-0.263093,-0.0964333,58),(117,0,0.19352,0.57876,59),(118,1,0.27552,0.44248,59),(119,0,-0.58984,-0.19352,60),(120,1,-0.45356,-0.28696,60),(121,0,-0.458468,-0.07458,61),(122,1,-0.330442,-0.163707,61),(123,0,-0.465688,-0.0830052,62),(124,1,-0.33636,-0.169646,62),(125,0,0.19352,0.57876,63),(126,1,0.27552,0.44248,63),(127,0,-0.693,-0.30776,64),(128,1,-0.5796,-0.41264,64),(129,0,-0.46416,-0.09652,65),(130,1,-0.32804,-0.16144,65),(131,0,-0.46416,-0.09652,66),(132,1,-0.32804,-0.16144,66),(133,0,-0.46416,-0.09652,67),(134,1,-0.32804,-0.16144,67),(135,0,-0.46416,-0.09652,68),(136,1,-0.32804,-0.16144,68),(137,0,-0.54426,-0.15646,69),(138,1,-0.40814,-0.24136,69),(139,0,-0.54426,-0.15646,70),(140,1,-0.40814,-0.24136,70),(141,0,-0.46416,-0.09652,71),(142,1,-0.32804,-0.16144,71),(143,0,-0.62436,-0.2164,72),(144,1,-0.48824,-0.32128,72),(145,0,-0.54426,-0.15646,73),(146,1,-0.40814,-0.24136,73),(147,0,-0.54426,-0.15646,74),(148,1,-0.40814,-0.24136,74),(149,0,-0.46416,-0.09652,75),(150,1,-0.32804,-0.16144,75),(151,0,-0.62436,-0.2164,76),(152,1,-0.48824,-0.32128,76),(153,0,-0.46416,-0.09652,77),(154,1,-0.32804,-0.16144,77),(155,0,-0.46416,-0.09652,78),(156,1,-0.32804,-0.16144,78),(157,0,-0.46416,-0.09652,79),(158,1,-0.32804,-0.16144,79),(159,0,-0.46416,-0.09652,80),(160,1,-0.32804,-0.16144,80),(161,0,-0.54426,-0.15646,81),(162,1,-0.40814,-0.24136,81),(163,0,-0.54426,-0.15646,82),(164,1,-0.40814,-0.24136,82),(165,0,-0.46416,-0.09652,83),(166,1,-0.32804,-0.16144,83),(167,0,-0.62436,-0.2164,84),(168,1,-0.48824,-0.32128,84),(169,0,-0.54426,-0.15646,85),(170,1,-0.40814,-0.24136,85),(171,0,-0.54426,-0.15646,86),(172,1,-0.40814,-0.24136,86),(173,0,-0.46416,-0.09652,87),(174,1,-0.32804,-0.16144,87),(175,0,-0.62436,-0.2164,88),(176,1,-0.48824,-0.32128,88),(177,0,-0.46416,-0.09652,89),(178,1,-0.32804,-0.16144,89),(179,0,-0.46416,-0.09652,90),(180,1,-0.32804,-0.16144,90),(181,0,-0.46416,-0.09652,91),(182,1,-0.32804,-0.16144,91),(183,0,-0.46416,-0.09652,92),(184,1,-0.32804,-0.16144,92),(185,0,-0.54426,-0.15646,93),(186,1,-0.40814,-0.24136,93),(187,0,-0.54426,-0.15646,94),(188,1,-0.40814,-0.24136,94),(189,0,-0.46416,-0.09652,95),(190,1,-0.32804,-0.16144,95),(191,0,-0.62436,-0.2164,96),(192,1,-0.48824,-0.32128,96),(193,0,-0.54426,-0.15646,97),(194,1,-0.40814,-0.24136,97),(195,0,-0.54426,-0.15646,98),(196,1,-0.40814,-0.24136,98),(197,0,-0.46416,-0.09652,99),(198,1,-0.32804,-0.16144,99),(199,0,-0.62436,-0.2164,100),(200,1,-0.48824,-0.32128,100),(201,0,-0.52146,-0.14502,101),(202,1,-0.38526,-0.21848,101),(203,0,-0.52146,-0.14502,102),(204,1,-0.38526,-0.21848,102),(205,0,-0.46416,-0.09652,103),(206,1,-0.32804,-0.16144,103),(207,0,-0.57876,-0.19352,104),(208,1,-0.44248,-0.27552,104),(209,0,-0.576296,-0.181016,105),(210,1,-0.440112,-0.273296,105),(211,0,-0.576296,-0.181016,106),(212,1,-0.440112,-0.273296,106),(213,0,-0.46416,-0.09652,107),(214,1,-0.32804,-0.16144,107),(215,0,-0.67012,-0.26216,108),(216,1,-0.53384,-0.36688,108),(217,0,-0.594903,-0.199297,109),(218,1,-0.46196,-0.295154,109),(219,0,-0.594903,-0.199297,110),(220,1,-0.46196,-0.295154,110),(221,0,-0.46416,-0.09652,111),(222,1,-0.32804,-0.16144,111),(223,0,-0.693,-0.30776,112),(224,1,-0.5796,-0.41264,112),(225,0,-0.62436,-0.2164,113),(226,1,-0.48824,-0.32128,113),(227,0,-0.62436,-0.2164,114),(228,1,-0.48824,-0.32128,114),(229,0,-0.62436,-0.2164,115),(230,1,-0.48824,-0.32128,115),(231,0,-0.62436,-0.2164,116),(232,1,-0.48824,-0.32128,116),(233,0,-0.62436,-0.2164,117),(234,1,-0.48824,-0.32128,117),(235,0,-0.62436,-0.2164,118),(236,1,-0.48824,-0.32128,118),(237,0,-0.62436,-0.2164,119),(238,1,-0.48824,-0.32128,119),(239,0,-0.62436,-0.2164,120),(240,1,-0.48824,-0.32128,120),(241,0,-0.62436,-0.2164,121),(242,1,-0.48824,-0.32128,121),(243,0,-0.62436,-0.2164,122),(244,1,-0.48824,-0.32128,122),(245,0,-0.62436,-0.2164,123),(246,1,-0.48824,-0.32128,123),(247,0,-0.62436,-0.2164,124),(248,1,-0.48824,-0.32128,124),(249,0,-0.62436,-0.2164,125),(250,1,-0.48824,-0.32128,125),(251,0,-0.62436,-0.2164,126),(252,1,-0.48824,-0.32128,126),(253,0,-0.62436,-0.2164,127),(254,1,-0.48824,-0.32128,127),(255,0,-0.62436,-0.2164,128),(256,1,-0.48824,-0.32128,128),(257,0,-0.41856,-0.07364,129),(258,1,-0.28228,-0.11568,129),(259,0,-0.41856,-0.07364,130),(260,1,-0.28228,-0.11568,130),(261,0,-0.41856,-0.07364,131),(262,1,-0.28228,-0.11568,131),(263,0,-0.41856,-0.07364,132),(264,1,-0.28228,-0.11568,132),(265,0,-0.41856,-0.07364,133),(266,1,-0.28228,-0.11568,133),(267,0,-0.41856,-0.07364,134),(268,1,-0.28228,-0.11568,134),(269,0,-0.41856,-0.07364,135),(270,1,-0.28228,-0.11568,135),(271,0,-0.41856,-0.07364,136),(272,1,-0.28228,-0.11568,136),(273,0,-0.41856,-0.07364,137),(274,1,-0.28228,-0.11568,137),(275,0,-0.41856,-0.07364,138),(276,1,-0.28228,-0.11568,138),(277,0,-0.41856,-0.07364,139),(278,1,-0.28228,-0.11568,139),(279,0,-0.41856,-0.07364,140),(280,1,-0.28228,-0.11568,140),(281,0,-0.41856,-0.07364,141),(282,1,-0.28228,-0.11568,141),(283,0,-0.41856,-0.07364,142),(284,1,-0.28228,-0.11568,142),(285,0,-0.41856,-0.07364,143),(286,1,-0.28228,-0.11568,143),(287,0,-0.41856,-0.07364,144),(288,1,-0.28228,-0.11568,144),(289,0,-0.11252,0.25256,145),(290,1,-0.00338,0.1634,145),(291,0,-0.11252,0.25256,146),(292,1,-0.00338,0.1634,146),(293,0,0.19352,0.57876,147),(294,1,0.27552,0.44248,147),(295,0,-0.41856,-0.07364,148),(296,1,-0.28228,-0.11568,148),(297,0,-0.11252,0.25256,149),(298,1,-0.00338,0.1634,149),(299,0,-0.11252,0.25256,150),(300,1,-0.00338,0.1634,150),(301,0,0.19352,0.57876,151),(302,1,0.27552,0.44248,151),(303,0,-0.41856,-0.07364,152),(304,1,-0.28228,-0.11568,152),(305,0,-0.11252,0.25256,153),(306,1,-0.00338,0.1634,153),(307,0,-0.11252,0.25256,154),(308,1,-0.00338,0.1634,154),(309,0,0.19352,0.57876,155),(310,1,0.27552,0.44248,155),(311,0,-0.41856,-0.07364,156),(312,1,-0.28228,-0.11568,156),(313,0,-0.30836,0.06231,157),(314,1,-0.18565,-0.01896,157),(315,0,-0.392291,-0.0192256,158),(316,1,-0.263766,-0.0971142,158),(317,0,0.19352,0.57876,159),(318,1,0.27552,0.44248,159),(319,0,-0.58984,-0.18224,160),(320,1,-0.45356,-0.28696,160),(321,0,-0.11252,0.25256,161),(322,1,-0.00338,0.1634,161),(323,0,-0.11252,0.25256,162),(324,1,-0.00338,0.1634,162),(325,0,0.19352,0.57876,163),(326,1,0.27552,0.44248,163),(327,0,-0.41856,-0.07364,164),(328,1,-0.28228,-0.11568,164),(329,0,-0.38702,-0.0144267,165),(330,1,-0.259787,-0.0930667,165),(331,0,-0.42608,-0.0522644,166),(332,1,-0.295831,-0.129151,166),(333,0,0.19352,0.57876,167),(334,1,0.27552,0.44248,167),(335,0,-0.58984,-0.19352,168),(336,1,-0.45356,-0.28696,168),(337,0,0.1136,0.49848,169),(338,1,0.1956,0.3622,169),(339,0,0.1136,0.49848,170),(340,1,0.1956,0.3622,170),(341,0,0.1136,0.49848,171),(342,1,0.1956,0.3622,171),(343,0,0.1136,0.49848,172),(344,1,0.1956,0.3622,172),(345,0,0.1136,0.49848,173),(346,1,0.1956,0.3622,173),(347,0,0.1136,0.49848,174),(348,1,0.1956,0.3622,174),(349,0,0.1136,0.49848,175),(350,1,0.1956,0.3622,175),(351,0,0.1136,0.49848,176),(352,1,0.1956,0.3622,176),(353,0,0.1136,0.49848,177),(354,1,0.1956,0.3622,177),(355,0,0.1136,0.49848,178),(356,1,0.1956,0.3622,178),(357,0,0.1136,0.49848,179),(358,1,0.1956,0.3622,179),(359,0,0.1136,0.49848,180),(360,1,0.1956,0.3622,180),(361,0,0.1136,0.49848,181),(362,1,0.1956,0.3622,181),(363,0,0.1136,0.49848,182),(364,1,0.1956,0.3622,182),(365,0,0.1136,0.49848,183),(366,1,0.1956,0.3622,183),(367,0,0.1136,0.49848,184),(368,1,0.1956,0.3622,184),(369,0,0.1136,0.49848,185),(370,1,0.1956,0.3622,185),(371,0,0.1136,0.49848,186),(372,1,0.1956,0.3622,186),(373,0,0.1136,0.49848,187),(374,1,0.1956,0.3622,187),(375,0,0.1136,0.49848,188),(376,1,0.1956,0.3622,188),(377,0,-0.15248,0.21242,189),(378,1,-0.04334,0.12326,189),(379,0,-0.15248,0.21242,190),(380,1,-0.04334,0.12326,190),(381,0,0.1136,0.49848,191),(382,1,0.1956,0.3622,191),(383,0,-0.41856,-0.07364,192),(384,1,-0.28228,-0.11568,192),(385,0,-0.15248,0.21242,193),(386,1,-0.04334,0.12326,193),(387,0,-0.15248,0.21242,194),(388,1,-0.04334,0.12326,194),(389,0,0.1136,0.49848,195),(390,1,0.1956,0.3622,195),(391,0,-0.41856,-0.07364,196),(392,1,-0.28228,-0.11568,196),(393,0,0.19352,0.57876,197),(394,1,0.27552,0.44248,197),(395,0,0.19352,0.57876,198),(396,1,0.27552,0.44248,198),(397,0,0.19352,0.57876,199),(398,1,0.27552,0.44248,199),(399,0,0.19352,0.57876,200),(400,1,0.27552,0.44248,200),(401,0,0.19352,0.57876,201),(402,1,0.27552,0.44248,201),(403,0,0.19352,0.57876,202),(404,1,0.27552,0.44248,202),(405,0,0.19352,0.57876,203),(406,1,0.27552,0.44248,203),(407,0,0.19352,0.57876,204),(408,1,0.27552,0.44248,204),(409,0,0.19352,0.57876,205),(410,1,0.27552,0.44248,205),(411,0,0.19352,0.57876,206),(412,1,0.27552,0.44248,206),(413,0,0.19352,0.57876,207),(414,1,0.27552,0.44248,207),(415,0,0.19352,0.57876,208),(416,1,0.27552,0.44248,208),(417,0,0.19352,0.57876,209),(418,1,0.27552,0.44248,209),(419,0,0.19352,0.57876,210),(420,1,0.27552,0.44248,210),(421,0,0.19352,0.57876,211),(422,1,0.27552,0.44248,211),(423,0,0.19352,0.57876,212),(424,1,0.27552,0.44248,212),(425,0,-0.41856,-0.07364,213),(426,1,-0.28228,-0.11568,213),(427,0,-0.41856,-0.07364,214),(428,1,-0.28228,-0.11568,214),(429,0,-0.41856,-0.07364,215),(430,1,-0.28228,-0.11568,215),(431,0,-0.41856,-0.07364,216),(432,1,-0.28228,-0.11568,216),(433,0,-0.41856,-0.07364,217),(434,1,-0.28228,-0.11568,217),(435,0,-0.41856,-0.07364,218),(436,1,-0.28228,-0.11568,218),(437,0,-0.41856,-0.07364,219),(438,1,-0.28228,-0.11568,219),(439,0,-0.41856,-0.07364,220),(440,1,-0.28228,-0.11568,220),(441,0,-0.41856,-0.07364,221),(442,1,-0.28228,-0.11568,221),(443,0,-0.41856,-0.07364,222),(444,1,-0.28228,-0.11568,222),(445,0,-0.41856,-0.07364,223),(446,1,-0.28228,-0.11568,223),(447,0,-0.41856,-0.07364,224),(448,1,-0.28228,-0.11568,224),(449,0,-0.41856,-0.07364,225),(450,1,-0.28228,-0.11568,225),(451,0,-0.41856,-0.07364,226),(452,1,-0.28228,-0.11568,226),(453,0,-0.41856,-0.07364,227),(454,1,-0.28228,-0.11568,227),(455,0,-0.41856,-0.07364,228),(456,1,-0.28228,-0.11568,228),(457,0,-0.41856,-0.07364,229),(458,1,-0.28228,-0.11568,229),(459,0,-0.41856,-0.07364,230),(460,1,-0.28228,-0.11568,230),(461,0,-0.41856,-0.07364,231),(462,1,-0.28228,-0.11568,231),(463,0,-0.41856,-0.07364,232),(464,1,-0.28228,-0.11568,232),(465,0,-0.41856,-0.07364,233),(466,1,-0.28228,-0.11568,233),(467,0,-0.41856,-0.07364,234),(468,1,-0.28228,-0.11568,234),(469,0,-0.41856,-0.07364,235),(470,1,-0.28228,-0.11568,235),(471,0,-0.41856,-0.07364,236),(472,1,-0.28228,-0.11568,236),(473,0,-0.475653,-0.10984,237),(474,1,-0.339373,-0.172773,237),(475,0,-0.489927,-0.11889,238),(476,1,-0.353647,-0.187047,238),(477,0,-0.41856,-0.07364,239),(478,1,-0.28228,-0.11568,239),(479,0,-0.58984,-0.18224,240),(480,1,-0.45356,-0.28696,240),(481,0,-0.475653,-0.10984,241),(482,1,-0.339373,-0.172773,241),(483,0,-0.489927,-0.11889,242),(484,1,-0.353647,-0.187047,242),(485,0,-0.41856,-0.07364,243),(486,1,-0.28228,-0.11568,243),(487,0,-0.58984,-0.18224,244),(488,1,-0.45356,-0.28696,244),(489,0,-0.41856,-0.07364,245),(490,1,-0.28228,-0.11568,245),(491,0,-0.41856,-0.07364,246),(492,1,-0.28228,-0.11568,246),(493,0,-0.41856,-0.07364,247),(494,1,-0.28228,-0.11568,247),(495,0,-0.41856,-0.07364,248),(496,1,-0.28228,-0.11568,248),(497,0,-0.5042,-0.12794,249),(498,1,-0.36792,-0.20132,249),(499,0,-0.5042,-0.12794,250),(500,1,-0.36792,-0.20132,250),(501,0,-0.41856,-0.07364,251),(502,1,-0.28228,-0.11568,251),(503,0,-0.58984,-0.18224,252),(504,1,-0.45356,-0.28696,252),(505,0,-0.5042,-0.12794,253),(506,1,-0.36792,-0.20132,253),(507,0,-0.5042,-0.12794,254),(508,1,-0.36792,-0.20132,254),(509,0,-0.41856,-0.07364,255),(510,1,-0.28228,-0.11568,255),(511,0,-0.58984,-0.18224,256),(512,1,-0.45356,-0.28696,256),(513,0,-0.5042,-0.12794,257),(514,1,-0.36792,-0.20132,257),(515,0,-0.5042,-0.12794,258),(516,1,-0.36792,-0.20132,258),(517,0,-0.41856,-0.07364,259),(518,1,-0.28228,-0.11568,259),(519,0,-0.58984,-0.18224,260),(520,1,-0.45356,-0.28696,260),(521,0,-0.41856,-0.07364,261),(522,1,-0.28228,-0.11568,261),(523,0,-0.41856,-0.07364,262),(524,1,-0.28228,-0.11568,262),(525,0,-0.41856,-0.07364,263),(526,1,-0.28228,-0.11568,263),(527,0,-0.41856,-0.07364,264),(528,1,-0.28228,-0.11568,264),(529,0,-0.5042,-0.12794,265),(530,1,-0.36792,-0.20132,265),(531,0,-0.5042,-0.12794,266),(532,1,-0.36792,-0.20132,266),(533,0,-0.41856,-0.07364,267),(534,1,-0.28228,-0.11568,267),(535,0,-0.58984,-0.18224,268),(536,1,-0.45356,-0.28696,268),(537,0,-0.41856,-0.07364,269),(538,1,-0.28228,-0.11568,269),(539,0,-0.41856,-0.07364,270),(540,1,-0.28228,-0.11568,270),(541,0,-0.41856,-0.07364,271),(542,1,-0.28228,-0.11568,271),(543,0,-0.41856,-0.07364,272),(544,1,-0.28228,-0.11568,272),(545,0,-0.49866,-0.13358,273),(546,1,-0.36238,-0.1956,273),(547,0,-0.464331,-0.107891,274),(548,1,-0.328051,-0.161349,274),(549,0,-0.41856,-0.07364,275),(550,1,-0.28228,-0.11568,275),(551,0,-0.57876,-0.19352,276),(552,1,-0.44248,-0.27552,276),(553,0,-0.58984,-0.18224,277),(554,1,-0.45356,-0.28696,277),(555,0,-0.58984,-0.18224,278),(556,1,-0.45356,-0.28696,278),(557,0,-0.58984,-0.18224,279),(558,1,-0.45356,-0.28696,279),(559,0,-0.58984,-0.18224,280),(560,1,-0.45356,-0.28696,280),(561,0,-0.58984,-0.18224,281),(562,1,-0.45356,-0.28696,281),(563,0,-0.58984,-0.18224,282),(564,1,-0.45356,-0.28696,282),(565,0,-0.58984,-0.18224,283),(566,1,-0.45356,-0.28696,283),(567,0,-0.58984,-0.18224,284),(568,1,-0.45356,-0.28696,284),(569,0,-0.58984,-0.18224,285),(570,1,-0.45356,-0.28696,285),(571,0,-0.58984,-0.18224,286),(572,1,-0.45356,-0.28696,286),(573,0,-0.58984,-0.18224,287),(574,1,-0.45356,-0.28696,287),(575,0,-0.58984,-0.18224,288),(576,1,-0.45356,-0.28696,288),(577,0,-0.58984,-0.18224,289),(578,1,-0.45356,-0.28696,289),(579,0,-0.58984,-0.18224,290),(580,1,-0.45356,-0.28696,290),(581,0,-0.58984,-0.18224,291),(582,1,-0.45356,-0.28696,291),(583,0,-0.58984,-0.18224,292),(584,1,-0.45356,-0.28696,292),(585,0,-0.67012,-0.26216,293),(586,1,-0.53384,-0.36688,293),(587,0,-0.67012,-0.26216,294),(588,1,-0.53384,-0.36688,294),(589,0,-0.67012,-0.26216,295),(590,1,-0.53384,-0.36688,295),(591,0,-0.67012,-0.26216,296),(592,1,-0.53384,-0.36688,296),(593,0,-0.67012,-0.26216,297),(594,1,-0.53384,-0.36688,297),(595,0,-0.67012,-0.26216,298),(596,1,-0.53384,-0.36688,298),(597,0,-0.67012,-0.26216,299),(598,1,-0.53384,-0.36688,299),(599,0,-0.67012,-0.26216,300),(600,1,-0.53384,-0.36688,300),(601,0,-0.67012,-0.26216,301),(602,1,-0.53384,-0.36688,301),(603,0,-0.67012,-0.26216,302),(604,1,-0.53384,-0.36688,302),(605,0,-0.67012,-0.26216,303),(606,1,-0.53384,-0.36688,303),(607,0,-0.67012,-0.26216,304),(608,1,-0.53384,-0.36688,304),(609,0,-0.67012,-0.26216,305),(610,1,-0.53384,-0.36688,305),(611,0,-0.67012,-0.26216,306),(612,1,-0.53384,-0.36688,306),(613,0,-0.67012,-0.26216,307),(614,1,-0.53384,-0.36688,307),(615,0,-0.67012,-0.26216,308),(616,1,-0.53384,-0.36688,308),(617,0,-0.67012,-0.26216,309),(618,1,-0.53384,-0.36688,309),(619,0,-0.67012,-0.26216,310),(620,1,-0.53384,-0.36688,310),(621,0,-0.67012,-0.26216,311),(622,1,-0.53384,-0.36688,311),(623,0,-0.67012,-0.26216,312),(624,1,-0.53384,-0.36688,312),(625,0,-0.6071,-0.19932,313),(626,1,-0.4709,-0.30412,313),(627,0,-0.6071,-0.19932,314),(628,1,-0.4709,-0.30412,314),(629,0,-0.54408,-0.13648,315),(630,1,-0.40796,-0.24136,315),(631,0,-0.67012,-0.26216,316),(632,1,-0.53384,-0.36688,316),(633,0,-0.62426,-0.22216,317),(634,1,-0.49374,-0.32696,317),(635,0,-0.62426,-0.22216,318),(636,1,-0.49374,-0.32696,318),(637,0,-0.54408,-0.13648,319),(638,1,-0.40796,-0.24136,319),(639,0,-0.693,-0.30776,320),(640,1,-0.5796,-0.41264,320),(641,0,-0.62426,-0.22216,321),(642,1,-0.49374,-0.32696,321),(643,0,-0.62426,-0.22216,322),(644,1,-0.49374,-0.32696,322),(645,0,-0.54408,-0.13648,323),(646,1,-0.40796,-0.24136,323),(647,0,-0.693,-0.30776,324),(648,1,-0.5796,-0.41264,324),(649,0,-0.67012,-0.26216,325),(650,1,-0.53384,-0.36688,325),(651,0,-0.67012,-0.26216,326),(652,1,-0.53384,-0.36688,326),(653,0,-0.67012,-0.26216,327),(654,1,-0.53384,-0.36688,327),(655,0,-0.67012,-0.26216,328),(656,1,-0.53384,-0.36688,328),(657,0,-0.597653,-0.197387,329),(658,1,-0.461427,-0.294587,329),(659,0,-0.597653,-0.197387,330),(660,1,-0.461427,-0.294587,330),(661,0,-0.54408,-0.13648,331),(662,1,-0.40796,-0.24136,331),(663,0,-0.67012,-0.26216,332),(664,1,-0.53384,-0.36688,332),(665,0,-0.61516,-0.216432,333),(666,1,-0.483488,-0.316672,333),(667,0,-0.61516,-0.216432,334),(668,1,-0.483488,-0.316672,334),(669,0,-0.54408,-0.13648,335),(670,1,-0.40796,-0.24136,335),(671,0,-0.693,-0.30776,336),(672,1,-0.5796,-0.41264,336),(673,0,-0.594926,-0.202566,337),(674,1,-0.461937,-0.295131,337),(675,0,-0.594926,-0.202566,338),(676,1,-0.461937,-0.295131,338),(677,0,-0.50992,-0.13648,339),(678,1,-0.37364,-0.20704,339),(679,0,-0.693,-0.30776,340),(680,1,-0.5796,-0.41264,340),(681,0,-0.67012,-0.26216,341),(682,1,-0.53384,-0.36688,341),(683,0,-0.67012,-0.26216,342),(684,1,-0.53384,-0.36688,342),(685,0,-0.67012,-0.26216,343),(686,1,-0.53384,-0.36688,343),(687,0,-0.67012,-0.26216,344),(688,1,-0.53384,-0.36688,344),(689,0,-0.54408,-0.13648,345),(690,1,-0.40796,-0.24136,345),(691,0,-0.54408,-0.13648,346),(692,1,-0.40796,-0.24136,346),(693,0,-0.54408,-0.13648,347),(694,1,-0.40796,-0.24136,347),(695,0,-0.54408,-0.13648,348),(696,1,-0.40796,-0.24136,348),(697,0,-0.54408,-0.13648,349),(698,1,-0.40796,-0.24136,349),(699,0,-0.54408,-0.13648,350),(700,1,-0.40796,-0.24136,350),(701,0,-0.54408,-0.13648,351),(702,1,-0.40796,-0.24136,351),(703,0,-0.54408,-0.13648,352),(704,1,-0.40796,-0.24136,352),(705,0,-0.54408,-0.13648,353),(706,1,-0.40796,-0.24136,353),(707,0,-0.54408,-0.13648,354),(708,1,-0.40796,-0.24136,354),(709,0,-0.54408,-0.13648,355),(710,1,-0.40796,-0.24136,355),(711,0,-0.54408,-0.13648,356),(712,1,-0.40796,-0.24136,356),(713,0,-0.54408,-0.13648,357),(714,1,-0.40796,-0.24136,357),(715,0,-0.54408,-0.13648,358),(716,1,-0.40796,-0.24136,358),(717,0,-0.54408,-0.13648,359),(718,1,-0.40796,-0.24136,359),(719,0,-0.54408,-0.13648,360),(720,1,-0.40796,-0.24136,360),(721,0,-0.54408,-0.13648,361),(722,1,-0.40796,-0.24136,361),(723,0,-0.54408,-0.13648,362),(724,1,-0.40796,-0.24136,362),(725,0,-0.54408,-0.13648,363),(726,1,-0.40796,-0.24136,363),(727,0,-0.54408,-0.13648,364),(728,1,-0.40796,-0.24136,364),(729,0,-0.54408,-0.13648,365),(730,1,-0.40796,-0.24136,365),(731,0,-0.54408,-0.13648,366),(732,1,-0.40796,-0.24136,366),(733,0,-0.54408,-0.13648,367),(734,1,-0.40796,-0.24136,367),(735,0,-0.54408,-0.13648,368),(736,1,-0.40796,-0.24136,368),(737,0,-0.54408,-0.13648,369),(738,1,-0.40796,-0.24136,369),(739,0,-0.54408,-0.13648,370),(740,1,-0.40796,-0.24136,370),(741,0,-0.54408,-0.13648,371),(742,1,-0.40796,-0.24136,371),(743,0,-0.54408,-0.13648,372),(744,1,-0.40796,-0.24136,372),(745,0,-0.58984,-0.18224,373),(746,1,-0.45356,-0.28696,373),(747,0,-0.58984,-0.18224,374),(748,1,-0.45356,-0.28696,374),(749,0,-0.58984,-0.18224,375),(750,1,-0.45356,-0.28696,375),(751,0,-0.58984,-0.18224,376),(752,1,-0.45356,-0.28696,376),(753,0,-0.58984,-0.18224,377),(754,1,-0.45356,-0.28696,377),(755,0,-0.58984,-0.18224,378),(756,1,-0.45356,-0.28696,378),(757,0,-0.58984,-0.18224,379),(758,1,-0.45356,-0.28696,379),(759,0,-0.58984,-0.18224,380),(760,1,-0.45356,-0.28696,380),(761,0,-0.58984,-0.18224,381),(762,1,-0.45356,-0.28696,381),(763,0,-0.58984,-0.18224,382),(764,1,-0.45356,-0.28696,382),(765,0,-0.58984,-0.18224,383),(766,1,-0.45356,-0.28696,383),(767,0,-0.58984,-0.18224,384),(768,1,-0.45356,-0.28696,384),(769,0,-0.58984,-0.18224,385),(770,1,-0.45356,-0.28696,385),(771,0,-0.58984,-0.18224,386),(772,1,-0.45356,-0.28696,386),(773,0,-0.58984,-0.18224,387),(774,1,-0.45356,-0.28696,387),(775,0,-0.58984,-0.18224,388),(776,1,-0.45356,-0.28696,388),(777,0,-0.58984,-0.18224,389),(778,1,-0.45356,-0.28696,389),(779,0,-0.58984,-0.18224,390),(780,1,-0.45356,-0.28696,390),(781,0,-0.58984,-0.18224,391),(782,1,-0.45356,-0.28696,391),(783,0,-0.58984,-0.18224,392),(784,1,-0.45356,-0.28696,392),(785,0,-0.64142,-0.245,393),(786,1,-0.51658,-0.3498,393),(787,0,-0.64142,-0.245,394),(788,1,-0.51658,-0.3498,394),(789,0,-0.58984,-0.18224,395),(790,1,-0.45356,-0.28696,395),(791,0,-0.693,-0.30776,396),(792,1,-0.5796,-0.41264,396),(793,0,-0.58984,-0.18224,397),(794,1,-0.45356,-0.28696,397),(795,0,-0.58984,-0.18224,398),(796,1,-0.45356,-0.28696,398),(797,0,-0.58984,-0.18224,399),(798,1,-0.45356,-0.28696,399),(799,0,-0.58984,-0.18224,400),(800,1,-0.45356,-0.28696,400),(801,0,-0.64142,-0.245,401),(802,1,-0.51658,-0.3498,401),(803,0,-0.64142,-0.245,402),(804,1,-0.51658,-0.3498,402),(805,0,-0.58984,-0.18224,403),(806,1,-0.45356,-0.28696,403),(807,0,-0.693,-0.30776,404),(808,1,-0.5796,-0.41264,404),(809,0,-0.58984,-0.18224,405),(810,1,-0.45356,-0.28696,405),(811,0,-0.58984,-0.18224,406),(812,1,-0.45356,-0.28696,406),(813,0,-0.58984,-0.18224,407),(814,1,-0.45356,-0.28696,407),(815,0,-0.58984,-0.18224,408),(816,1,-0.45356,-0.28696,408),(817,0,-0.64142,-0.245,409),(818,1,-0.51658,-0.3498,409),(819,0,-0.64142,-0.245,410),(820,1,-0.51658,-0.3498,410),(821,0,-0.58984,-0.18224,411),(822,1,-0.45356,-0.28696,411),(823,0,-0.693,-0.30776,412),(824,1,-0.5796,-0.41264,412),(825,0,-0.693,-0.30776,413),(826,1,-0.5796,-0.41264,413),(827,0,-0.693,-0.30776,414),(828,1,-0.5796,-0.41264,414),(829,0,-0.693,-0.30776,415),(830,1,-0.5796,-0.41264,415),(831,0,-0.693,-0.30776,416),(832,1,-0.5796,-0.41264,416),(833,0,-0.693,-0.30776,417),(834,1,-0.5796,-0.41264,417),(835,0,-0.693,-0.30776,418),(836,1,-0.5796,-0.41264,418),(837,0,-0.693,-0.30776,419),(838,1,-0.5796,-0.41264,419),(839,0,-0.693,-0.30776,420),(840,1,-0.5796,-0.41264,420),(841,0,-0.693,-0.30776,421),(842,1,-0.5796,-0.41264,421),(843,0,-0.693,-0.30776,422),(844,1,-0.5796,-0.41264,422),(845,0,-0.693,-0.30776,423),(846,1,-0.5796,-0.41264,423),(847,0,-0.693,-0.30776,424),(848,1,-0.5796,-0.41264,424),(849,0,-0.693,-0.30776,425),(850,1,-0.5796,-0.41264,425),(851,0,-0.693,-0.30776,426),(852,1,-0.5796,-0.41264,426),(853,0,-0.693,-0.30776,427),(854,1,-0.5796,-0.41264,427),(855,0,-0.693,-0.30776,428),(856,1,-0.5796,-0.41264,428),(857,0,-0.693,-0.30776,429),(858,1,-0.5796,-0.41264,429),(859,0,-0.693,-0.30776,430),(860,1,-0.5796,-0.41264,430),(861,0,-0.693,-0.30776,431),(862,1,-0.5796,-0.41264,431),(863,0,-0.693,-0.30776,432),(864,1,-0.5796,-0.41264,432),(865,0,-0.693,-0.30776,433),(866,1,-0.5796,-0.41264,433),(867,0,-0.693,-0.30776,434),(868,1,-0.5796,-0.41264,434),(869,0,-0.693,-0.30776,435),(870,1,-0.5796,-0.41264,435),(871,0,-0.693,-0.30776,436),(872,1,-0.5796,-0.41264,436),(873,0,-0.693,-0.30776,437),(874,1,-0.5796,-0.41264,437),(875,0,-0.693,-0.30776,438),(876,1,-0.5796,-0.41264,438),(877,0,-0.693,-0.30776,439),(878,1,-0.5796,-0.41264,439),(879,0,-0.693,-0.30776,440),(880,1,-0.5796,-0.41264,440),(881,0,-0.50992,-0.14228,441),(882,1,-0.37364,-0.20704,441),(883,0,-0.50992,-0.14228,442),(884,1,-0.37364,-0.20704,442),(885,0,-0.50992,-0.14228,443),(886,1,-0.37364,-0.20704,443),(887,0,-0.50992,-0.14228,444),(888,1,-0.37364,-0.20704,444),(889,0,-0.50992,-0.14228,445),(890,1,-0.37364,-0.20704,445),(891,0,-0.50992,-0.14228,446),(892,1,-0.37364,-0.20704,446),(893,0,-0.50992,-0.14228,447),(894,1,-0.37364,-0.20704,447),(895,0,-0.50992,-0.14228,448),(896,1,-0.37364,-0.20704,448),(897,0,-0.50992,-0.14228,449),(898,1,-0.37364,-0.20704,449),(899,0,-0.50992,-0.14228,450),(900,1,-0.37364,-0.20704,450),(901,0,-0.50992,-0.14228,451),(902,1,-0.37364,-0.20704,451),(903,0,-0.50992,-0.14228,452),(904,1,-0.37364,-0.20704,452),(905,0,-0.54434,-0.1679,453),(906,1,-0.40806,-0.24128,453),(907,0,-0.54434,-0.1679,454),(908,1,-0.40806,-0.24128,454),(909,0,-0.50992,-0.14228,455),(910,1,-0.37364,-0.20704,455),(911,0,-0.57876,-0.19352,456),(912,1,-0.44248,-0.27552,456),(913,0,-0.50992,-0.14228,457),(914,1,-0.37364,-0.20704,457),(915,0,-0.50992,-0.14228,458),(916,1,-0.37364,-0.20704,458),(917,0,-0.50992,-0.14228,459),(918,1,-0.37364,-0.20704,459),(919,0,-0.50992,-0.14228,460),(920,1,-0.37364,-0.20704,460),(921,0,-0.54434,-0.1679,461),(922,1,-0.40806,-0.24128,461),(923,0,-0.54434,-0.1679,462),(924,1,-0.40806,-0.24128,462),(925,0,-0.50992,-0.14228,463),(926,1,-0.37364,-0.20704,463),(927,0,-0.57876,-0.19352,464),(928,1,-0.44248,-0.27552,464),(929,0,-0.54434,-0.1679,465),(930,1,-0.40806,-0.24128,465),(931,0,-0.54434,-0.1679,466),(932,1,-0.40806,-0.24128,466),(933,0,-0.50992,-0.14228,467),(934,1,-0.37364,-0.20704,467),(935,0,-0.57876,-0.19352,468),(936,1,-0.44248,-0.27552,468),(937,0,-0.555813,-0.17644,469),(938,1,-0.419533,-0.252693,469),(939,0,-0.555813,-0.17644,470),(940,1,-0.419533,-0.252693,470),(941,0,-0.50992,-0.14228,471),(942,1,-0.37364,-0.20704,471),(943,0,-0.57876,-0.19352,472),(944,1,-0.44248,-0.27552,472),(945,0,-0.50992,-0.14228,473),(946,1,-0.37364,-0.20704,473),(947,0,-0.50992,-0.14228,474),(948,1,-0.37364,-0.20704,474),(949,0,-0.50992,-0.14228,475),(950,1,-0.37364,-0.20704,475),(951,0,-0.50992,-0.14228,476),(952,1,-0.37364,-0.20704,476),(953,0,-0.54434,-0.1679,477),(954,1,-0.40806,-0.24128,477),(955,0,-0.54434,-0.1679,478),(956,1,-0.40806,-0.24128,478),(957,0,-0.50992,-0.14228,479),(958,1,-0.37364,-0.20704,479),(959,0,-0.57876,-0.19352,480),(960,1,-0.44248,-0.27552,480),(961,0,-0.54434,-0.1679,481),(962,1,-0.40806,-0.24128,481),(963,0,-0.54434,-0.1679,482),(964,1,-0.40806,-0.24128,482),(965,0,-0.50992,-0.14228,483),(966,1,-0.37364,-0.20704,483),(967,0,-0.57876,-0.19352,484),(968,1,-0.44248,-0.27552,484),(969,0,-0.50992,-0.14228,485),(970,1,-0.37364,-0.20704,485),(971,0,-0.50992,-0.14228,486),(972,1,-0.37364,-0.20704,486),(973,0,-0.50992,-0.14228,487),(974,1,-0.37364,-0.20704,487),(975,0,-0.50992,-0.14228,488),(976,1,-0.37364,-0.20704,488),(977,0,-0.57876,-0.19352,489),(978,1,-0.44248,-0.27552,489),(979,0,-0.57876,-0.19352,490),(980,1,-0.44248,-0.27552,490),(981,0,-0.57876,-0.19352,491),(982,1,-0.44248,-0.27552,491),(983,0,-0.57876,-0.19352,492),(984,1,-0.44248,-0.27552,492),(985,0,-0.57876,-0.19352,493),(986,1,-0.44248,-0.27552,493),(987,0,-0.57876,-0.19352,494),(988,1,-0.44248,-0.27552,494),(989,0,-0.57876,-0.19352,495),(990,1,-0.44248,-0.27552,495),(991,0,-0.57876,-0.19352,496),(992,1,-0.44248,-0.27552,496),(993,0,-0.57876,-0.19352,497),(994,1,-0.44248,-0.27552,497),(995,0,-0.57876,-0.19352,498),(996,1,-0.44248,-0.27552,498),(997,0,-0.57876,-0.19352,499),(998,1,-0.44248,-0.27552,499),(999,0,-0.57876,-0.19352,500),(1000,1,-0.44248,-0.27552,500),(1001,0,-0.57876,-0.19352,501),(1002,1,-0.44248,-0.27552,501),(1003,0,-0.57876,-0.19352,502),(1004,1,-0.44248,-0.27552,502),(1005,0,-0.57876,-0.19352,503),(1006,1,-0.44248,-0.27552,503),(1007,0,-0.57876,-0.19352,504),(1008,1,-0.44248,-0.27552,504),(1009,0,-0.57876,-0.19352,505),(1010,1,-0.44248,-0.27552,505),(1011,0,-0.57876,-0.19352,506),(1012,1,-0.44248,-0.27552,506),(1013,0,-0.57876,-0.19352,507),(1014,1,-0.44248,-0.27552,507),(1015,0,-0.57876,-0.19352,508),(1016,1,-0.44248,-0.27552,508),(1017,0,-0.57876,-0.19352,509),(1018,1,-0.44248,-0.27552,509),(1019,0,-0.57876,-0.19352,510),(1020,1,-0.44248,-0.27552,510),(1021,0,-0.57876,-0.19352,511),(1022,1,-0.44248,-0.27552,511),(1023,0,-0.57876,-0.19352,512),(1024,1,-0.44248,-0.27552,512),(1025,0,-0.57876,-0.19352,513),(1026,1,-0.44248,-0.27552,513),(1027,0,-0.57876,-0.19352,514),(1028,1,-0.44248,-0.27552,514),(1029,0,-0.57876,-0.19352,515),(1030,1,-0.44248,-0.27552,515),(1031,0,-0.57876,-0.19352,516),(1032,1,-0.44248,-0.27552,516),(1033,0,-0.57876,-0.19352,517),(1034,1,-0.44248,-0.27552,517),(1035,0,-0.57876,-0.19352,518),(1036,1,-0.44248,-0.27552,518),(1037,0,-0.57876,-0.19352,519),(1038,1,-0.44248,-0.27552,519),(1039,0,-0.57876,-0.19352,520),(1040,1,-0.44248,-0.27552,520),(1041,0,-0.57876,-0.19352,521),(1042,1,-0.44248,-0.27552,521),(1043,0,-0.57876,-0.19352,522),(1044,1,-0.44248,-0.27552,522),(1045,0,-0.57876,-0.19352,523),(1046,1,-0.44248,-0.27552,523),(1047,0,-0.57876,-0.19352,524),(1048,1,-0.44248,-0.27552,524),(1049,0,-0.57876,-0.19352,525),(1050,1,-0.44248,-0.27552,525),(1051,0,-0.57876,-0.19352,526),(1052,1,-0.44248,-0.27552,526),(1053,0,-0.57876,-0.19352,527),(1054,1,-0.44248,-0.27552,527),(1055,0,-0.57876,-0.19352,528),(1056,1,-0.44248,-0.27552,528),(1057,0,-0.57876,-0.19352,529),(1058,1,-0.44248,-0.27552,529),(1059,0,-0.57876,-0.19352,530),(1060,1,-0.44248,-0.27552,530),(1061,0,-0.57876,-0.19352,531),(1062,1,-0.44248,-0.27552,531),(1063,0,-0.57876,-0.19352,532),(1064,1,-0.44248,-0.27552,532),(1065,0,-0.57876,-0.19352,533),(1066,1,-0.44248,-0.27552,533),(1067,0,-0.57876,-0.19352,534),(1068,1,-0.44248,-0.27552,534),(1069,0,-0.57876,-0.19352,535),(1070,1,-0.44248,-0.27552,535),(1071,0,-0.57876,-0.19352,536),(1072,1,-0.44248,-0.27552,536),(1073,0,-0.57876,-0.19352,537),(1074,1,-0.44248,-0.27552,537),(1075,0,-0.57876,-0.19352,538),(1076,1,-0.44248,-0.27552,538),(1077,0,-0.57876,-0.19352,539),(1078,1,-0.44248,-0.27552,539),(1079,0,-0.57876,-0.19352,540),(1080,1,-0.44248,-0.27552,540);
/*!40000 ALTER TABLE `aggregation_cuts` ENABLE KEYS */;
UNLOCK TABLES;

--
-- Table structure for table `aggregations`
--

DROP TABLE IF EXISTS `aggregations`;
/*!40101 SET @saved_cs_client     = @@character_set_client */;
/*!40101 SET character_set_client = utf8 */;
CREATE TABLE `aggregations` (
  `id` int(11) NOT NULL AUTO_INCREMENT,
  `aggregator_id` int(11) NOT NULL,
  `factor_id` int(11) NOT NULL,
  `action_id` int(11) NOT NULL,
  `description` text,
  PRIMARY KEY (`id`),
  KEY `aggregator_id` (`aggregator_id`),
  KEY `factor_id` (`factor_id`),
  KEY `action_id` (`action_id`),
  CONSTRAINT `aggregations_ibfk_1` FOREIGN KEY (`aggregator_id`) REFERENCES `aggregators` (`id`) ON DELETE CASCADE ON UPDATE CASCADE,
  CONSTRAINT `aggregations_ibfk_2` FOREIGN KEY (`factor_id`) REFERENCES `factors` (`id`) ON DELETE CASCADE ON UPDATE CASCADE,
  CONSTRAINT `aggregations_ibfk_3` FOREIGN KEY (`action_id`) REFERENCES `actions` (`id`) ON DELETE CASCADE ON UPDATE CASCADE
) ENGINE=InnoDB AUTO_INCREMENT=541 DEFAULT CHARSET=latin1;
/*!40101 SET character_set_client = @saved_cs_client */;

--
-- Dumping data for table `aggregations`
--

LOCK TABLES `aggregations` WRITE;
/*!40000 ALTER TABLE `aggregations` DISABLE KEYS */;
INSERT INTO `aggregations` VALUES (1,92,1354,1390,''),(2,93,1354,1390,''),(3,94,1354,1390,''),(4,95,1354,1390,''),(5,92,1354,1388,''),(6,93,1354,1388,''),(7,94,1354,1388,''),(8,95,1354,1388,''),(9,92,1354,1382,''),(10,93,1354,1382,''),(11,94,1354,1382,''),(12,95,1354,1382,''),(13,92,1354,1381,''),(14,93,1354,1381,''),(15,94,1354,1381,''),(16,95,1354,1381,''),(17,92,1353,1390,''),(18,93,1353,1390,''),(19,94,1353,1390,''),(20,95,1353,1390,''),(21,92,1353,1388,''),(22,93,1353,1388,''),(23,94,1353,1388,''),(24,95,1353,1388,''),(25,92,1353,1382,''),(26,93,1353,1382,''),(27,94,1353,1382,''),(28,95,1353,1382,''),(29,92,1353,1381,''),(30,93,1353,1381,''),(31,94,1353,1381,''),(32,95,1353,1381,''),(33,92,1352,1390,''),(34,93,1352,1390,''),(35,94,1352,1390,''),(36,95,1352,1390,''),(37,92,1352,1388,''),(38,93,1352,1388,''),(39,94,1352,1388,''),(40,95,1352,1388,''),(41,92,1352,1382,''),(42,93,1352,1382,''),(43,94,1352,1382,''),(44,95,1352,1382,''),(45,92,1352,1381,''),(46,93,1352,1381,''),(47,94,1352,1381,''),(48,95,1352,1381,''),(49,92,1351,1390,''),(50,93,1351,1390,''),(51,94,1351,1390,''),(52,95,1351,1390,''),(53,92,1351,1388,''),(54,93,1351,1388,''),(55,94,1351,1388,''),(56,95,1351,1388,''),(57,92,1351,1382,''),(58,93,1351,1382,''),(59,94,1351,1382,''),(60,95,1351,1382,''),(61,92,1351,1381,''),(62,93,1351,1381,''),(63,94,1351,1381,''),(64,95,1351,1381,''),(65,92,1354,1393,''),(66,93,1354,1393,''),(67,94,1354,1393,''),(68,95,1354,1393,''),(69,92,1354,1392,''),(70,93,1354,1392,''),(71,94,1354,1392,''),(72,95,1354,1392,''),(73,92,1354,1391,''),(74,93,1354,1391,''),(75,94,1354,1391,''),(76,95,1354,1391,''),(77,92,1353,1393,''),(78,93,1353,1393,''),(79,94,1353,1393,''),(80,95,1353,1393,''),(81,92,1353,1392,''),(82,93,1353,1392,''),(83,94,1353,1392,''),(84,95,1353,1392,''),(85,92,1353,1391,''),(86,93,1353,1391,''),(87,94,1353,1391,''),(88,95,1353,1391,''),(89,92,1352,1393,''),(90,93,1352,1393,''),(91,94,1352,1393,''),(92,95,1352,1393,''),(93,92,1352,1392,''),(94,93,1352,1392,''),(95,94,1352,1392,''),(96,95,1352,1392,''),(97,92,1352,1391,''),(98,93,1352,1391,''),(99,94,1352,1391,''),(100,95,1352,1391,''),(101,92,1351,1393,''),(102,93,1351,1393,''),(103,94,1351,1393,''),(104,95,1351,1393,''),(105,92,1351,1392,''),(106,93,1351,1392,''),(107,94,1351,1392,''),(108,95,1351,1392,''),(109,92,1351,1391,''),(110,93,1351,1391,''),(111,94,1351,1391,''),(112,95,1351,1391,''),(113,92,1354,1394,''),(114,93,1354,1394,''),(115,94,1354,1394,''),(116,95,1354,1394,''),(117,92,1353,1394,''),(118,93,1353,1394,''),(119,94,1353,1394,''),(120,95,1353,1394,''),(121,92,1352,1394,''),(122,93,1352,1394,''),(123,94,1352,1394,''),(124,95,1352,1394,''),(125,92,1351,1394,''),(126,93,1351,1394,''),(127,94,1351,1394,''),(128,95,1351,1394,''),(129,92,1355,1384,''),(130,93,1355,1384,''),(131,94,1355,1384,''),(132,95,1355,1384,''),(133,92,1355,1383,''),(134,93,1355,1383,''),(135,94,1355,1383,''),(136,95,1355,1383,''),(137,92,1355,1382,''),(138,93,1355,1382,''),(139,94,1355,1382,''),(140,95,1355,1382,''),(141,92,1355,1381,''),(142,93,1355,1381,''),(143,94,1355,1381,''),(144,95,1355,1381,''),(145,92,1353,1384,''),(146,93,1353,1384,''),(147,94,1353,1384,''),(148,95,1353,1384,''),(149,92,1353,1383,''),(150,93,1353,1383,''),(151,94,1353,1383,''),(152,95,1353,1383,''),(153,92,1352,1384,''),(154,93,1352,1384,''),(155,94,1352,1384,''),(156,95,1352,1384,''),(157,92,1352,1383,''),(158,93,1352,1383,''),(159,94,1352,1383,''),(160,95,1352,1383,''),(161,92,1351,1384,''),(162,93,1351,1384,''),(163,94,1351,1384,''),(164,95,1351,1384,''),(165,92,1351,1383,''),(166,93,1351,1383,''),(167,94,1351,1383,''),(168,95,1351,1383,''),(169,92,1356,1389,''),(170,93,1356,1389,''),(171,94,1356,1389,''),(172,95,1356,1389,''),(173,92,1356,1388,''),(174,93,1356,1388,''),(175,94,1356,1388,''),(176,95,1356,1388,''),(177,92,1356,1382,''),(178,93,1356,1382,''),(179,94,1356,1382,''),(180,95,1356,1382,''),(181,92,1356,1381,''),(182,93,1356,1381,''),(183,94,1356,1381,''),(184,95,1356,1381,''),(185,92,1353,1389,''),(186,93,1353,1389,''),(187,94,1353,1389,''),(188,95,1353,1389,''),(189,92,1352,1389,''),(190,93,1352,1389,''),(191,94,1352,1389,''),(192,95,1352,1389,''),(193,92,1351,1389,''),(194,93,1351,1389,''),(195,94,1351,1389,''),(196,95,1351,1389,''),(197,92,1357,1384,''),(198,93,1357,1384,''),(199,94,1357,1384,''),(200,95,1357,1384,''),(201,92,1357,1383,''),(202,93,1357,1383,''),(203,94,1357,1383,''),(204,95,1357,1383,''),(205,92,1357,1382,''),(206,93,1357,1382,''),(207,94,1357,1382,''),(208,95,1357,1382,''),(209,92,1357,1381,''),(210,93,1357,1381,''),(211,94,1357,1381,''),(212,95,1357,1381,''),(213,92,1359,1389,''),(214,93,1359,1389,''),(215,94,1359,1389,''),(216,95,1359,1389,''),(217,92,1359,1388,''),(218,93,1359,1388,''),(219,94,1359,1388,''),(220,95,1359,1388,''),(221,92,1359,1382,''),(222,93,1359,1382,''),(223,94,1359,1382,''),(224,95,1359,1382,''),(225,92,1359,1381,''),(226,93,1359,1381,''),(227,94,1359,1381,''),(228,95,1359,1381,''),(229,92,1358,1389,''),(230,93,1358,1389,''),(231,94,1358,1389,''),(232,95,1358,1389,''),(233,92,1358,1388,''),(234,93,1358,1388,''),(235,94,1358,1388,''),(236,95,1358,1388,''),(237,92,1358,1382,''),(238,93,1358,1382,''),(239,94,1358,1382,''),(240,95,1358,1382,''),(241,92,1358,1381,''),(242,93,1358,1381,''),(243,94,1358,1381,''),(244,95,1358,1381,''),(245,92,1360,1385,''),(246,93,1360,1385,''),(247,94,1360,1385,''),(248,95,1360,1385,''),(249,92,1360,1383,''),(250,93,1360,1383,''),(251,94,1360,1383,''),(252,95,1360,1383,''),(253,92,1360,1382,''),(254,93,1360,1382,''),(255,94,1360,1382,''),(256,95,1360,1382,''),(257,92,1360,1381,''),(258,93,1360,1381,''),(259,94,1360,1381,''),(260,95,1360,1381,''),(261,92,1358,1385,''),(262,93,1358,1385,''),(263,94,1358,1385,''),(264,95,1358,1385,''),(265,92,1358,1383,''),(266,93,1358,1383,''),(267,94,1358,1383,''),(268,95,1358,1383,''),(269,92,1352,1385,''),(270,93,1352,1385,''),(271,94,1352,1385,''),(272,95,1352,1385,''),(273,92,1351,1385,''),(274,93,1351,1385,''),(275,94,1351,1385,''),(276,95,1351,1385,''),(277,92,1360,1387,''),(278,93,1360,1387,''),(279,94,1360,1387,''),(280,95,1360,1387,''),(281,92,1358,1387,''),(282,93,1358,1387,''),(283,94,1358,1387,''),(284,95,1358,1387,''),(285,92,1352,1387,''),(286,93,1352,1387,''),(287,94,1352,1387,''),(288,95,1352,1387,''),(289,92,1351,1387,''),(290,93,1351,1387,''),(291,94,1351,1387,''),(292,95,1351,1387,''),(293,92,1363,1395,''),(294,93,1363,1395,''),(295,94,1363,1395,''),(296,95,1363,1395,''),(297,92,1363,1392,''),(298,93,1363,1392,''),(299,94,1363,1392,''),(300,95,1363,1392,''),(301,92,1363,1391,''),(302,93,1363,1391,''),(303,94,1363,1391,''),(304,95,1363,1391,''),(305,92,1363,1381,''),(306,93,1363,1381,''),(307,94,1363,1381,''),(308,95,1363,1381,''),(309,92,1362,1395,''),(310,93,1362,1395,''),(311,94,1362,1395,''),(312,95,1362,1395,''),(313,92,1362,1392,''),(314,93,1362,1392,''),(315,94,1362,1392,''),(316,95,1362,1392,''),(317,92,1362,1391,''),(318,93,1362,1391,''),(319,94,1362,1391,''),(320,95,1362,1391,''),(321,92,1362,1381,''),(322,93,1362,1381,''),(323,94,1362,1381,''),(324,95,1362,1381,''),(325,92,1361,1395,''),(326,93,1361,1395,''),(327,94,1361,1395,''),(328,95,1361,1395,''),(329,92,1361,1392,''),(330,93,1361,1392,''),(331,94,1361,1392,''),(332,95,1361,1392,''),(333,92,1361,1391,''),(334,93,1361,1391,''),(335,94,1361,1391,''),(336,95,1361,1391,''),(337,92,1361,1381,''),(338,93,1361,1381,''),(339,94,1361,1381,''),(340,95,1361,1381,''),(341,92,1351,1395,''),(342,93,1351,1395,''),(343,94,1351,1395,''),(344,95,1351,1395,''),(345,92,1364,1396,''),(346,93,1364,1396,''),(347,94,1364,1396,''),(348,95,1364,1396,''),(349,92,1364,1392,''),(350,93,1364,1392,''),(351,94,1364,1392,''),(352,95,1364,1392,''),(353,92,1364,1391,''),(354,93,1364,1391,''),(355,94,1364,1391,''),(356,95,1364,1391,''),(357,92,1364,1381,''),(358,93,1364,1381,''),(359,94,1364,1381,''),(360,95,1364,1381,''),(361,92,1362,1396,''),(362,93,1362,1396,''),(363,94,1362,1396,''),(364,95,1362,1396,''),(365,92,1361,1396,''),(366,93,1361,1396,''),(367,94,1361,1396,''),(368,95,1361,1396,''),(369,92,1351,1396,''),(370,93,1351,1396,''),(371,94,1351,1396,''),(372,95,1351,1396,''),(373,92,1365,1398,''),(374,93,1365,1398,''),(375,94,1365,1398,''),(376,95,1365,1398,''),(377,92,1365,1397,''),(378,93,1365,1397,''),(379,94,1365,1397,''),(380,95,1365,1397,''),(381,92,1365,1391,''),(382,93,1365,1391,''),(383,94,1365,1391,''),(384,95,1365,1391,''),(385,92,1365,1381,''),(386,93,1365,1381,''),(387,94,1365,1381,''),(388,95,1365,1381,''),(389,92,1362,1398,''),(390,93,1362,1398,''),(391,94,1362,1398,''),(392,95,1362,1398,''),(393,92,1362,1397,''),(394,93,1362,1397,''),(395,94,1362,1397,''),(396,95,1362,1397,''),(397,92,1361,1398,''),(398,93,1361,1398,''),(399,94,1361,1398,''),(400,95,1361,1398,''),(401,92,1361,1397,''),(402,93,1361,1397,''),(403,94,1361,1397,''),(404,95,1361,1397,''),(405,92,1351,1398,''),(406,93,1351,1398,''),(407,94,1351,1398,''),(408,95,1351,1398,''),(409,92,1351,1397,''),(410,93,1351,1397,''),(411,94,1351,1397,''),(412,95,1351,1397,''),(413,92,1366,1399,''),(414,93,1366,1399,''),(415,94,1366,1399,''),(416,95,1366,1399,''),(417,92,1366,1397,''),(418,93,1366,1397,''),(419,94,1366,1397,''),(420,95,1366,1397,''),(421,92,1366,1391,''),(422,93,1366,1391,''),(423,94,1366,1391,''),(424,95,1366,1391,''),(425,92,1366,1381,''),(426,93,1366,1381,''),(427,94,1366,1381,''),(428,95,1366,1381,''),(429,92,1362,1399,''),(430,93,1362,1399,''),(431,94,1362,1399,''),(432,95,1362,1399,''),(433,92,1361,1399,''),(434,93,1361,1399,''),(435,94,1361,1399,''),(436,95,1361,1399,''),(437,92,1351,1399,''),(438,93,1351,1399,''),(439,94,1351,1399,''),(440,95,1351,1399,''),(441,92,1368,1386,''),(442,93,1368,1386,''),(443,94,1368,1386,''),(444,95,1368,1386,''),(445,92,1368,1383,''),(446,93,1368,1383,''),(447,94,1368,1383,''),(448,95,1368,1383,''),(449,92,1368,1382,''),(450,93,1368,1382,''),(451,94,1368,1382,''),(452,95,1368,1382,''),(453,92,1368,1381,''),(454,93,1368,1381,''),(455,94,1368,1381,''),(456,95,1368,1381,''),(457,92,1367,1386,''),(458,93,1367,1386,''),(459,94,1367,1386,''),(460,95,1367,1386,''),(461,92,1367,1383,''),(462,93,1367,1383,''),(463,94,1367,1383,''),(464,95,1367,1383,''),(465,92,1367,1382,''),(466,93,1367,1382,''),(467,94,1367,1382,''),(468,95,1367,1382,''),(469,92,1367,1381,''),(470,93,1367,1381,''),(471,94,1367,1381,''),(472,95,1367,1381,''),(473,92,1361,1386,''),(474,93,1361,1386,''),(475,94,1361,1386,''),(476,95,1361,1386,''),(477,92,1361,1383,''),(478,93,1361,1383,''),(479,94,1361,1383,''),(480,95,1361,1383,''),(481,92,1361,1382,''),(482,93,1361,1382,''),(483,94,1361,1382,''),(484,95,1361,1382,''),(485,92,1351,1386,''),(486,93,1351,1386,''),(487,94,1351,1386,''),(488,95,1351,1386,''),(489,92,1368,1393,''),(490,93,1368,1393,''),(491,94,1368,1393,''),(492,95,1368,1393,''),(493,92,1368,1392,''),(494,93,1368,1392,''),(495,94,1368,1392,''),(496,95,1368,1392,''),(497,92,1368,1391,''),(498,93,1368,1391,''),(499,94,1368,1391,''),(500,95,1368,1391,''),(501,92,1367,1393,''),(502,93,1367,1393,''),(503,94,1367,1393,''),(504,95,1367,1393,''),(505,92,1367,1392,''),(506,93,1367,1392,''),(507,94,1367,1392,''),(508,95,1367,1392,''),(509,92,1367,1391,''),(510,93,1367,1391,''),(511,94,1367,1391,''),(512,95,1367,1391,''),(513,92,1361,1393,''),(514,93,1361,1393,''),(515,94,1361,1393,''),(516,95,1361,1393,''),(517,92,1369,1385,''),(518,93,1369,1385,''),(519,94,1369,1385,''),(520,95,1369,1385,''),(521,92,1369,1383,''),(522,93,1369,1383,''),(523,94,1369,1383,''),(524,95,1369,1383,''),(525,92,1369,1382,''),(526,93,1369,1382,''),(527,94,1369,1382,''),(528,95,1369,1382,''),(529,92,1369,1381,''),(530,93,1369,1381,''),(531,94,1369,1381,''),(532,95,1369,1381,''),(533,92,1367,1385,''),(534,93,1367,1385,''),(535,94,1367,1385,''),(536,95,1367,1385,''),(537,92,1361,1385,''),(538,93,1361,1385,''),(539,94,1361,1385,''),(540,95,1361,1385,'');
/*!40000 ALTER TABLE `aggregations` ENABLE KEYS */;
UNLOCK TABLES;

--
-- Table structure for table `aggregators`
--

DROP TABLE IF EXISTS `aggregators`;
/*!40101 SET @saved_cs_client     = @@character_set_client */;
/*!40101 SET character_set_client = utf8 */;
CREATE TABLE `aggregators` (
  `id` int(11) NOT NULL AUTO_INCREMENT,
  `name` varchar(255) NOT NULL,
  `description` text,
  `importance` char(1) NOT NULL,
  `equation` varchar(255) NOT NULL,
  `project_id` int(11) NOT NULL,
  PRIMARY KEY (`id`),
  KEY `project_id` (`project_id`),
  CONSTRAINT `aggregators_ibfk_1` FOREIGN KEY (`project_id`) REFERENCES `projects` (`id`) ON DELETE CASCADE ON UPDATE CASCADE
) ENGINE=InnoDB AUTO_INCREMENT=96 DEFAULT CHARSET=latin1;
/*!40101 SET character_set_client = @saved_cs_client */;

--
-- Dumping data for table `aggregators`
--

LOCK TABLES `aggregators` WRITE;
/*!40000 ALTER TABLE `aggregators` DISABLE KEYS */;
INSERT INTO `aggregators` VALUES (1,'Importancia','Importancia de un efecto','1','linear_combination',1),(2,'Importancia media','Promedio de importancias','0','simple_average',1),(3,'Importancia máxima','Mayor importancia','0','maximum',1),(4,'Importancia','Importancia de un efecto','1','linear_combination',2),(5,'Importancia media','Promedio de importancias','0','simple_average',2),(6,'Importancia máxima','Mayor importancia','0','maximum',2),(7,'Importancia','Importancia de un efecto','1','linear_combination',3),(8,'Importancia media','Promedio de importancias','0','simple_average',3),(9,'Importancia máxima','Mayor importancia','0','maximum',3),(10,'Importancia','Importancia de un efecto','1','linear_combination',4),(11,'Importancia media','Promedio de importancias','0','simple_average',4),(12,'Importancia máxima','Mayor importancia','0','maximum',4),(13,'Importancia','Importancia de un efecto','1','linear_combination',5),(14,'Importancia media','Promedio de importancias','0','simple_average',5),(15,'Importancia máxima','Mayor importancia','0','maximum',5),(16,'Importancia','Importancia de un efecto','1','linear_combination',6),(17,'Importancia media','Promedio de importancias','0','simple_average',6),(18,'Importancia máxima','Mayor importancia','0','maximum',6),(19,'Importancia','Importancia de un efecto','1','linear_combination',7),(20,'Importancia media','Promedio de importancias','0','simple_average',7),(21,'Importancia máxima','Mayor importancia','0','maximum',7),(22,'Importancia','Importancia de un efecto','1','linear_combination',8),(23,'Importancia media','Promedio de importancias','0','simple_average',8),(24,'Importancia máxima','Mayor importancia','0','maximum',8),(25,'Importancia','Importancia de un efecto','1','linear_combination',9),(26,'Importancia media','Promedio de importancias','0','simple_average',9),(27,'Importancia máxima','Mayor importancia','0','maximum',9),(28,'Importancia','Importancia de un efecto','1','linear_combination',10),(29,'Importancia media','Promedio de importancias','0','simple_average',10),(30,'Importancia máxima','Mayor importancia','0','maximum',10),(31,'Importancia','Importancia de un efecto','1','linear_combination',11),(32,'Importancia media','Promedio de importancias','0','simple_average',11),(33,'Importancia máxima','Mayor importancia','0','maximum',11),(34,'Importancia','Importancia de un efecto','1','linear_combination',12),(35,'Importancia media','Promedio de importancias','0','simple_average',12),(36,'Importancia máxima','Mayor importancia','0','maximum',12),(37,'Importancia','Importancia de un efecto','1','linear_combination',13),(38,'Importancia media','Promedio de importancias','0','simple_average',13),(39,'Importancia máxima','Mayor importancia','0','maximum',13),(40,'Importancia','Importancia de un efecto','1','linear_combination',14),(41,'Importancia media','Promedio de importancias','0','simple_average',14),(42,'Importancia máxima','Mayor importancia','0','maximum',14),(43,'Importancia','Importancia de un efecto','1','linear_combination',15),(44,'Importancia media','Promedio de importancias','0','simple_average',15),(45,'Importancia máxima','Mayor importancia','0','maximum',15),(46,'Importancia','Importancia de un efecto','1','linear_combination',16),(47,'Importancia media','Promedio de importancias','0','simple_average',16),(48,'Importancia máxima','Mayor importancia','0','maximum',16),(49,'Importancia','Importancia de un efecto','1','linear_combination',17),(50,'Importancia media','Promedio de importancias','0','simple_average',17),(51,'Importancia máxima','Mayor importancia','0','maximum',17),(52,'Importancia','Importancia de un efecto','1','linear_combination',18),(53,'Importancia media','Promedio de importancias','0','simple_average',18),(54,'Importancia máxima','Mayor importancia','0','maximum',18),(55,'Importancia','Importancia de un efecto','1','linear_combination',19),(56,'Importancia media','Promedio de importancias','0','simple_average',19),(57,'Importancia máxima','Mayor importancia','0','maximum',19),(58,'Importancia','Importancia de un efecto','1','linear_combination',20),(59,'Importancia media','Promedio de importancias','0','simple_average',20),(60,'Importancia máxima','Mayor importancia','0','maximum',20),(61,'Importancia','Importancia de un efecto','1','linear_combination',21),(62,'Importancia media','Promedio de importancias','0','simple_average',21),(63,'Importancia máxima','Mayor importancia','0','maximum',21),(64,'Importancia','Importancia de un efecto','1','linear_combination',22),(65,'Importancia media','Promedio de importancias','0','simple_average',22),(66,'Importancia máxima','Mayor importancia','0','maximum',22),(67,'Importancia','Importancia de un efecto','1','linear_combination',23),(68,'Importancia media','Promedio de importancias','0','simple_average',23),(69,'Importancia máxima','Mayor importancia','0','maximum',23),(70,'Importancia','Importancia de un efecto','1','linear_combination',24),(71,'Importancia media','Promedio de importancias','0','simple_average',24),(72,'Importancia máxima','Mayor importancia','0','maximum',24),(73,'Importancia','Importancia de un efecto','1','linear_combination',25),(74,'Importancia media','Promedio de importancias','0','simple_average',25),(75,'Importancia máxima','Mayor importancia','0','maximum',25),(76,'Importancia','Importancia de un efecto','1','linear_combination',26),(77,'Importancia media','Promedio de importancias','0','simple_average',26),(78,'Importancia máxima','Mayor importancia','0','maximum',26),(79,'Importancia','Importancia de un efecto','1','linear_combination',27),(80,'Importancia media','Promedio de importancias','0','simple_average',27),(81,'Importancia máxima','Mayor importancia','0','maximum',27),(82,'Importancia','Importancia de un efecto','1','linear_combination',28),(83,'Importancia media','Promedio de importancias','0','simple_average',28),(84,'Importancia máxima','Mayor importancia','0','maximum',28),(85,'Importancia','Importancia de un efecto','1','linear_combination',29),(86,'Importancia media','Promedio de importancias','0','simple_average',29),(87,'Importancia máxima','Mayor importancia','0','maximum',29),(88,'Importancia','Importancia de un efecto','1','linear_combination',30),(89,'Importancia media','Promedio de importancias','0','simple_average',30),(90,'Importancia máxima','Mayor importancia','0','maximum',30),(91,'Importancia','Importancia de un efecto','1','linear_combination',31),(92,'Importancia media','Promedio de importancias','0','simple_average',31),(93,'Importancia ponderada','Promedio de importancias ponderado por el peso del factor','0','weighted_average',31),(94,'Importancia máxima','Mayor importancia','0','maximum',31),(95,'Importancia mínima','Mínima importancia','0','minimum',31);
/*!40000 ALTER TABLE `aggregators` ENABLE KEYS */;
UNLOCK TABLES;

--
-- Table structure for table `cuts`
--

DROP TABLE IF EXISTS `cuts`;
/*!40101 SET @saved_cs_client     = @@character_set_client */;
/*!40101 SET character_set_client = utf8 */;
CREATE TABLE `cuts` (
  `id` int(11) NOT NULL AUTO_INCREMENT,
  `alpha` float NOT NULL,
  `L` float NOT NULL,
  `R` float NOT NULL,
  `set_id` int(11) NOT NULL,
  PRIMARY KEY (`id`),
  KEY `set_id` (`set_id`),
  CONSTRAINT `cuts_ibfk_1` FOREIGN KEY (`set_id`) REFERENCES `sets` (`id`) ON DELETE CASCADE ON UPDATE CASCADE
) ENGINE=InnoDB AUTO_INCREMENT=3749 DEFAULT CHARSET=latin1;
/*!40101 SET character_set_client = @saved_cs_client */;

--
-- Dumping data for table `cuts`
--

LOCK TABLES `cuts` WRITE;
/*!40000 ALTER TABLE `cuts` DISABLE KEYS */;
INSERT INTO `cuts` VALUES (1,0,0,0.222,1),(2,1,0,0.111,1),(3,0,0.111,0.444,2),(4,1,0.222,0.333,2),(5,0,0.333,0.667,3),(6,1,0.444,0.556,3),(7,0,0.556,0.889,4),(8,1,0.667,0.778,4),(9,0,0.778,1,5),(10,1,0.889,1,5),(11,0,0,0.286,6),(12,1,0,0.143,6),(13,0,0.143,0.571,7),(14,1,0.286,0.429,7),(15,0,0.429,0.857,8),(16,1,0.571,0.714,8),(17,0,0.714,1,9),(18,1,0.857,1,9),(19,0,0,0.4,10),(20,1,0,0.2,10),(21,0,0.2,0.8,11),(22,1,0.4,0.6,11),(23,0,0.6,1,12),(24,1,0.8,1,12),(25,0,0,0.125,13),(26,1,0,0.075,13),(27,0,0.075,0.6,14),(28,1,0.125,0.4,14),(29,0,0.4,1,15),(30,1,0.5,1,15),(31,0,0,0.4,16),(32,1,0,0.2,16),(33,0,0.2,0.8,17),(34,1,0.4,0.6,17),(35,0,0.6,1,18),(36,1,0.8,1,18),(37,0,0,0.083,19),(38,1,0,0.05,19),(39,0,0.05,0.8,20),(40,1,0.083,0.533,20),(41,0,0.6,1,21),(42,1,0.8,1,21),(43,0,0,0.083,22),(44,1,0,0.05,22),(45,0,0.05,0.8,23),(46,1,0.083,0.533,23),(47,0,0.533,1,24),(48,1,0.8,1,24),(49,0,0,0.4,25),(50,1,0,0.2,25),(51,0,0.2,0.8,26),(52,1,0.4,0.6,26),(53,0,0.6,1,27),(54,1,0.8,1,27),(55,0,0,0.4,28),(56,1,0,0.2,28),(57,0,0.2,0.8,29),(58,1,0.4,0.6,29),(59,0,0.6,1,30),(60,1,0.8,1,30),(61,0,0,0.667,31),(62,1,0,0.333,31),(63,0,0.333,1,32),(64,1,0.667,1,32),(65,0,0,0.4,33),(66,1,0,0.2,33),(67,0,0.2,0.8,34),(68,1,0.4,0.6,34),(69,0,0.6,1,35),(70,1,0.8,1,35),(71,0,0,0.286,36),(72,1,0,0.143,36),(73,0,0.143,0.571,37),(74,1,0.286,0.429,37),(75,0,0.429,0.857,38),(76,1,0.571,0.714,38),(77,0,0.714,1,39),(78,1,0.857,1,39),(79,0,-1,-0.692,40),(80,1,-1,-0.846,40),(81,0,-0.846,-0.385,41),(82,1,-0.692,-0.538,41),(83,0,-0.538,-0.077,42),(84,1,-0.385,-0.231,42),(85,0,-0.231,0.231,43),(86,1,-0.077,0.077,43),(87,0,0.077,0.538,44),(88,1,0.231,0.385,44),(89,0,0.385,0.846,45),(90,1,0.538,0.692,45),(91,0,0.692,1,46),(92,1,0.846,1,46),(93,0,-1,-0.692,47),(94,1,-1,-0.846,47),(95,0,-0.846,-0.385,48),(96,1,-0.692,-0.538,48),(97,0,-0.538,-0.077,49),(98,1,-0.385,-0.231,49),(99,0,-0.231,0.231,50),(100,1,-0.077,0.077,50),(101,0,0.077,0.538,51),(102,1,0.231,0.385,51),(103,0,0.385,0.846,52),(104,1,0.538,0.692,52),(105,0,0.692,1,53),(106,1,0.846,1,53),(107,0,-1,-0.692,54),(108,1,-1,-0.846,54),(109,0,-0.846,-0.385,55),(110,1,-0.692,-0.538,55),(111,0,-0.538,-0.077,56),(112,1,-0.385,-0.231,56),(113,0,-0.231,0.231,57),(114,1,-0.077,0.077,57),(115,0,0.077,0.538,58),(116,1,0.231,0.385,58),(117,0,0.385,0.846,59),(118,1,0.538,0.692,59),(119,0,0.692,1,60),(120,1,0.846,1,60),(121,0,0,0.222,61),(122,1,0,0.111,61),(123,0,0.111,0.444,62),(124,1,0.222,0.333,62),(125,0,0.333,0.667,63),(126,1,0.444,0.556,63),(127,0,0.556,0.889,64),(128,1,0.667,0.778,64),(129,0,0.778,1,65),(130,1,0.889,1,65),(131,0,0,0.286,66),(132,1,0,0.143,66),(133,0,0.143,0.571,67),(134,1,0.286,0.429,67),(135,0,0.429,0.857,68),(136,1,0.571,0.714,68),(137,0,0.714,1,69),(138,1,0.857,1,69),(139,0,0,0.4,70),(140,1,0,0.2,70),(141,0,0.2,0.8,71),(142,1,0.4,0.6,71),(143,0,0.6,1,72),(144,1,0.8,1,72),(145,0,0,0.125,73),(146,1,0,0.075,73),(147,0,0.075,0.6,74),(148,1,0.125,0.4,74),(149,0,0.4,1,75),(150,1,0.5,1,75),(151,0,0,0.4,76),(152,1,0,0.2,76),(153,0,0.2,0.8,77),(154,1,0.4,0.6,77),(155,0,0.6,1,78),(156,1,0.8,1,78),(157,0,0,0.083,79),(158,1,0,0.05,79),(159,0,0.05,0.8,80),(160,1,0.083,0.533,80),(161,0,0.6,1,81),(162,1,0.8,1,81),(163,0,0,0.083,82),(164,1,0,0.05,82),(165,0,0.05,0.8,83),(166,1,0.083,0.533,83),(167,0,0.533,1,84),(168,1,0.8,1,84),(169,0,0,0.4,85),(170,1,0,0.2,85),(171,0,0.2,0.8,86),(172,1,0.4,0.6,86),(173,0,0.6,1,87),(174,1,0.8,1,87),(175,0,0,0.4,88),(176,1,0,0.2,88),(177,0,0.2,0.8,89),(178,1,0.4,0.6,89),(179,0,0.6,1,90),(180,1,0.8,1,90),(181,0,0,0.667,91),(182,1,0,0.333,91),(183,0,0.333,1,92),(184,1,0.667,1,92),(185,0,0,0.4,93),(186,1,0,0.2,93),(187,0,0.2,0.8,94),(188,1,0.4,0.6,94),(189,0,0.6,1,95),(190,1,0.8,1,95),(191,0,0,0.286,96),(192,1,0,0.143,96),(193,0,0.143,0.571,97),(194,1,0.286,0.429,97),(195,0,0.429,0.857,98),(196,1,0.571,0.714,98),(197,0,0.714,1,99),(198,1,0.857,1,99),(199,0,-1,-0.692,100),(200,1,-1,-0.846,100),(201,0,-0.846,-0.385,101),(202,1,-0.692,-0.538,101),(203,0,-0.538,-0.077,102),(204,1,-0.385,-0.231,102),(205,0,-0.231,0.231,103),(206,1,-0.077,0.077,103),(207,0,0.077,0.538,104),(208,1,0.231,0.385,104),(209,0,0.385,0.846,105),(210,1,0.538,0.692,105),(211,0,0.692,1,106),(212,1,0.846,1,106),(213,0,-1,-0.692,107),(214,1,-1,-0.846,107),(215,0,-0.846,-0.385,108),(216,1,-0.692,-0.538,108),(217,0,-0.538,-0.077,109),(218,1,-0.385,-0.231,109),(219,0,-0.231,0.231,110),(220,1,-0.077,0.077,110),(221,0,0.077,0.538,111),(222,1,0.231,0.385,111),(223,0,0.385,0.846,112),(224,1,0.538,0.692,112),(225,0,0.692,1,113),(226,1,0.846,1,113),(227,0,-1,-0.692,114),(228,1,-1,-0.846,114),(229,0,-0.846,-0.385,115),(230,1,-0.692,-0.538,115),(231,0,-0.538,-0.077,116),(232,1,-0.385,-0.231,116),(233,0,-0.231,0.231,117),(234,1,-0.077,0.077,117),(235,0,0.077,0.538,118),(236,1,0.231,0.385,118),(237,0,0.385,0.846,119),(238,1,0.538,0.692,119),(239,0,0.692,1,120),(240,1,0.846,1,120),(241,0,0,0.222,121),(242,1,0,0.111,121),(243,0,0.111,0.444,122),(244,1,0.222,0.333,122),(245,0,0.333,0.667,123),(246,1,0.444,0.556,123),(247,0,0.556,0.889,124),(248,1,0.667,0.778,124),(249,0,0.778,1,125),(250,1,0.889,1,125),(251,0,0,0.286,126),(252,1,0,0.143,126),(253,0,0.143,0.571,127),(254,1,0.286,0.429,127),(255,0,0.429,0.857,128),(256,1,0.571,0.714,128),(257,0,0.714,1,129),(258,1,0.857,1,129),(259,0,0,0.4,130),(260,1,0,0.2,130),(261,0,0.2,0.8,131),(262,1,0.4,0.6,131),(263,0,0.6,1,132),(264,1,0.8,1,132),(265,0,0,0.125,133),(266,1,0,0.075,133),(267,0,0.075,0.6,134),(268,1,0.125,0.4,134),(269,0,0.4,1,135),(270,1,0.5,1,135),(271,0,0,0.4,136),(272,1,0,0.2,136),(273,0,0.2,0.8,137),(274,1,0.4,0.6,137),(275,0,0.6,1,138),(276,1,0.8,1,138),(277,0,0,0.083,139),(278,1,0,0.05,139),(279,0,0.05,0.8,140),(280,1,0.083,0.533,140),(281,0,0.6,1,141),(282,1,0.8,1,141),(283,0,0,0.083,142),(284,1,0,0.05,142),(285,0,0.05,0.8,143),(286,1,0.083,0.533,143),(287,0,0.533,1,144),(288,1,0.8,1,144),(289,0,0,0.4,145),(290,1,0,0.2,145),(291,0,0.2,0.8,146),(292,1,0.4,0.6,146),(293,0,0.6,1,147),(294,1,0.8,1,147),(295,0,0,0.4,148),(296,1,0,0.2,148),(297,0,0.2,0.8,149),(298,1,0.4,0.6,149),(299,0,0.6,1,150),(300,1,0.8,1,150),(301,0,0,0.667,151),(302,1,0,0.333,151),(303,0,0.333,1,152),(304,1,0.667,1,152),(305,0,0,0.4,153),(306,1,0,0.2,153),(307,0,0.2,0.8,154),(308,1,0.4,0.6,154),(309,0,0.6,1,155),(310,1,0.8,1,155),(311,0,0,0.286,156),(312,1,0,0.143,156),(313,0,0.143,0.571,157),(314,1,0.286,0.429,157),(315,0,0.429,0.857,158),(316,1,0.571,0.714,158),(317,0,0.714,1,159),(318,1,0.857,1,159),(319,0,-1,-0.692,160),(320,1,-1,-0.846,160),(321,0,-0.846,-0.385,161),(322,1,-0.692,-0.538,161),(323,0,-0.538,-0.077,162),(324,1,-0.385,-0.231,162),(325,0,-0.231,0.231,163),(326,1,-0.077,0.077,163),(327,0,0.077,0.538,164),(328,1,0.231,0.385,164),(329,0,0.385,0.846,165),(330,1,0.538,0.692,165),(331,0,0.692,1,166),(332,1,0.846,1,166),(333,0,-1,-0.692,167),(334,1,-1,-0.846,167),(335,0,-0.846,-0.385,168),(336,1,-0.692,-0.538,168),(337,0,-0.538,-0.077,169),(338,1,-0.385,-0.231,169),(339,0,-0.231,0.231,170),(340,1,-0.077,0.077,170),(341,0,0.077,0.538,171),(342,1,0.231,0.385,171),(343,0,0.385,0.846,172),(344,1,0.538,0.692,172),(345,0,0.692,1,173),(346,1,0.846,1,173),(347,0,-1,-0.692,174),(348,1,-1,-0.846,174),(349,0,-0.846,-0.385,175),(350,1,-0.692,-0.538,175),(351,0,-0.538,-0.077,176),(352,1,-0.385,-0.231,176),(353,0,-0.231,0.231,177),(354,1,-0.077,0.077,177),(355,0,0.077,0.538,178),(356,1,0.231,0.385,178),(357,0,0.385,0.846,179),(358,1,0.538,0.692,179),(359,0,0.692,1,180),(360,1,0.846,1,180),(361,0,0,0.222,181),(362,1,0,0.111,181),(363,0,0.111,0.444,182),(364,1,0.222,0.333,182),(365,0,0.333,0.667,183),(366,1,0.444,0.556,183),(367,0,0.556,0.889,184),(368,1,0.667,0.778,184),(369,0,0.778,1,185),(370,1,0.889,1,185),(371,0,0,0.286,186),(372,1,0,0.143,186),(373,0,0.143,0.571,187),(374,1,0.286,0.429,187),(375,0,0.429,0.857,188),(376,1,0.571,0.714,188),(377,0,0.714,1,189),(378,1,0.857,1,189),(379,0,0,0.4,190),(380,1,0,0.2,190),(381,0,0.2,0.8,191),(382,1,0.4,0.6,191),(383,0,0.6,1,192),(384,1,0.8,1,192),(385,0,0,0.125,193),(386,1,0,0.075,193),(387,0,0.075,0.6,194),(388,1,0.125,0.4,194),(389,0,0.4,1,195),(390,1,0.5,1,195),(391,0,0,0.4,196),(392,1,0,0.2,196),(393,0,0.2,0.8,197),(394,1,0.4,0.6,197),(395,0,0.6,1,198),(396,1,0.8,1,198),(397,0,0,0.083,199),(398,1,0,0.05,199),(399,0,0.05,0.8,200),(400,1,0.083,0.533,200),(401,0,0.6,1,201),(402,1,0.8,1,201),(403,0,0,0.083,202),(404,1,0,0.05,202),(405,0,0.05,0.8,203),(406,1,0.083,0.533,203),(407,0,0.533,1,204),(408,1,0.8,1,204),(409,0,0,0.4,205),(410,1,0,0.2,205),(411,0,0.2,0.8,206),(412,1,0.4,0.6,206),(413,0,0.6,1,207),(414,1,0.8,1,207),(415,0,0,0.4,208),(416,1,0,0.2,208),(417,0,0.2,0.8,209),(418,1,0.4,0.6,209),(419,0,0.6,1,210),(420,1,0.8,1,210),(421,0,0,0.667,211),(422,1,0,0.333,211),(423,0,0.333,1,212),(424,1,0.667,1,212),(425,0,0,0.4,213),(426,1,0,0.2,213),(427,0,0.2,0.8,214),(428,1,0.4,0.6,214),(429,0,0.6,1,215),(430,1,0.8,1,215),(431,0,0,0.286,216),(432,1,0,0.143,216),(433,0,0.143,0.571,217),(434,1,0.286,0.429,217),(435,0,0.429,0.857,218),(436,1,0.571,0.714,218),(437,0,0.714,1,219),(438,1,0.857,1,219),(439,0,-1,-0.692,220),(440,1,-1,-0.846,220),(441,0,-0.846,-0.385,221),(442,1,-0.692,-0.538,221),(443,0,-0.538,-0.077,222),(444,1,-0.385,-0.231,222),(445,0,-0.231,0.231,223),(446,1,-0.077,0.077,223),(447,0,0.077,0.538,224),(448,1,0.231,0.385,224),(449,0,0.385,0.846,225),(450,1,0.538,0.692,225),(451,0,0.692,1,226),(452,1,0.846,1,226),(453,0,-1,-0.692,227),(454,1,-1,-0.846,227),(455,0,-0.846,-0.385,228),(456,1,-0.692,-0.538,228),(457,0,-0.538,-0.077,229),(458,1,-0.385,-0.231,229),(459,0,-0.231,0.231,230),(460,1,-0.077,0.077,230),(461,0,0.077,0.538,231),(462,1,0.231,0.385,231),(463,0,0.385,0.846,232),(464,1,0.538,0.692,232),(465,0,0.692,1,233),(466,1,0.846,1,233),(467,0,-1,-0.692,234),(468,1,-1,-0.846,234),(469,0,-0.846,-0.385,235),(470,1,-0.692,-0.538,235),(471,0,-0.538,-0.077,236),(472,1,-0.385,-0.231,236),(473,0,-0.231,0.231,237),(474,1,-0.077,0.077,237),(475,0,0.077,0.538,238),(476,1,0.231,0.385,238),(477,0,0.385,0.846,239),(478,1,0.538,0.692,239),(479,0,0.692,1,240),(480,1,0.846,1,240),(481,0,0,0.222,241),(482,1,0,0.111,241),(483,0,0.111,0.444,242),(484,1,0.222,0.333,242),(485,0,0.333,0.667,243),(486,1,0.444,0.556,243),(487,0,0.556,0.889,244),(488,1,0.667,0.778,244),(489,0,0.778,1,245),(490,1,0.889,1,245),(491,0,0,0.286,246),(492,1,0,0.143,246),(493,0,0.143,0.571,247),(494,1,0.286,0.429,247),(495,0,0.429,0.857,248),(496,1,0.571,0.714,248),(497,0,0.714,1,249),(498,1,0.857,1,249),(499,0,0,0.4,250),(500,1,0,0.2,250),(501,0,0.2,0.8,251),(502,1,0.4,0.6,251),(503,0,0.6,1,252),(504,1,0.8,1,252),(505,0,0,0.125,253),(506,1,0,0.075,253),(507,0,0.075,0.6,254),(508,1,0.125,0.4,254),(509,0,0.4,1,255),(510,1,0.5,1,255),(511,0,0,0.4,256),(512,1,0,0.2,256),(513,0,0.2,0.8,257),(514,1,0.4,0.6,257),(515,0,0.6,1,258),(516,1,0.8,1,258),(517,0,0,0.083,259),(518,1,0,0.05,259),(519,0,0.05,0.8,260),(520,1,0.083,0.533,260),(521,0,0.6,1,261),(522,1,0.8,1,261),(523,0,0,0.083,262),(524,1,0,0.05,262),(525,0,0.05,0.8,263),(526,1,0.083,0.533,263),(527,0,0.533,1,264),(528,1,0.8,1,264),(529,0,0,0.4,265),(530,1,0,0.2,265),(531,0,0.2,0.8,266),(532,1,0.4,0.6,266),(533,0,0.6,1,267),(534,1,0.8,1,267),(535,0,0,0.4,268),(536,1,0,0.2,268),(537,0,0.2,0.8,269),(538,1,0.4,0.6,269),(539,0,0.6,1,270),(540,1,0.8,1,270),(541,0,0,0.667,271),(542,1,0,0.333,271),(543,0,0.333,1,272),(544,1,0.667,1,272),(545,0,0,0.4,273),(546,1,0,0.2,273),(547,0,0.2,0.8,274),(548,1,0.4,0.6,274),(549,0,0.6,1,275),(550,1,0.8,1,275),(551,0,0,0.286,276),(552,1,0,0.143,276),(553,0,0.143,0.571,277),(554,1,0.286,0.429,277),(555,0,0.429,0.857,278),(556,1,0.571,0.714,278),(557,0,0.714,1,279),(558,1,0.857,1,279),(559,0,-1,-0.692,280),(560,1,-1,-0.846,280),(561,0,-0.846,-0.385,281),(562,1,-0.692,-0.538,281),(563,0,-0.538,-0.077,282),(564,1,-0.385,-0.231,282),(565,0,-0.231,0.231,283),(566,1,-0.077,0.077,283),(567,0,0.077,0.538,284),(568,1,0.231,0.385,284),(569,0,0.385,0.846,285),(570,1,0.538,0.692,285),(571,0,0.692,1,286),(572,1,0.846,1,286),(573,0,-1,-0.692,287),(574,1,-1,-0.846,287),(575,0,-0.846,-0.385,288),(576,1,-0.692,-0.538,288),(577,0,-0.538,-0.077,289),(578,1,-0.385,-0.231,289),(579,0,-0.231,0.231,290),(580,1,-0.077,0.077,290),(581,0,0.077,0.538,291),(582,1,0.231,0.385,291),(583,0,0.385,0.846,292),(584,1,0.538,0.692,292),(585,0,0.692,1,293),(586,1,0.846,1,293),(587,0,-1,-0.692,294),(588,1,-1,-0.846,294),(589,0,-0.846,-0.385,295),(590,1,-0.692,-0.538,295),(591,0,-0.538,-0.077,296),(592,1,-0.385,-0.231,296),(593,0,-0.231,0.231,297),(594,1,-0.077,0.077,297),(595,0,0.077,0.538,298),(596,1,0.231,0.385,298),(597,0,0.385,0.846,299),(598,1,0.538,0.692,299),(599,0,0.692,1,300),(600,1,0.846,1,300),(601,0,0,0.222,301),(602,1,0,0.111,301),(603,0,0.111,0.444,302),(604,1,0.222,0.333,302),(605,0,0.333,0.667,303),(606,1,0.444,0.556,303),(607,0,0.556,0.889,304),(608,1,0.667,0.778,304),(609,0,0.778,1,305),(610,1,0.889,1,305),(611,0,0,0.286,306),(612,1,0,0.143,306),(613,0,0.143,0.571,307),(614,1,0.286,0.429,307),(615,0,0.429,0.857,308),(616,1,0.571,0.714,308),(617,0,0.714,1,309),(618,1,0.857,1,309),(619,0,0,0.4,310),(620,1,0,0.2,310),(621,0,0.2,0.8,311),(622,1,0.4,0.6,311),(623,0,0.6,1,312),(624,1,0.8,1,312),(625,0,0,0.125,313),(626,1,0,0.075,313),(627,0,0.075,0.6,314),(628,1,0.125,0.4,314),(629,0,0.4,1,315),(630,1,0.5,1,315),(631,0,0,0.4,316),(632,1,0,0.2,316),(633,0,0.2,0.8,317),(634,1,0.4,0.6,317),(635,0,0.6,1,318),(636,1,0.8,1,318),(637,0,0,0.083,319),(638,1,0,0.05,319),(639,0,0.05,0.8,320),(640,1,0.083,0.533,320),(641,0,0.6,1,321),(642,1,0.8,1,321),(643,0,0,0.083,322),(644,1,0,0.05,322),(645,0,0.05,0.8,323),(646,1,0.083,0.533,323),(647,0,0.533,1,324),(648,1,0.8,1,324),(649,0,0,0.4,325),(650,1,0,0.2,325),(651,0,0.2,0.8,326),(652,1,0.4,0.6,326),(653,0,0.6,1,327),(654,1,0.8,1,327),(655,0,0,0.4,328),(656,1,0,0.2,328),(657,0,0.2,0.8,329),(658,1,0.4,0.6,329),(659,0,0.6,1,330),(660,1,0.8,1,330),(661,0,0,0.667,331),(662,1,0,0.333,331),(663,0,0.333,1,332),(664,1,0.667,1,332),(665,0,0,0.4,333),(666,1,0,0.2,333),(667,0,0.2,0.8,334),(668,1,0.4,0.6,334),(669,0,0.6,1,335),(670,1,0.8,1,335),(671,0,0,0.286,336),(672,1,0,0.143,336),(673,0,0.143,0.571,337),(674,1,0.286,0.429,337),(675,0,0.429,0.857,338),(676,1,0.571,0.714,338),(677,0,0.714,1,339),(678,1,0.857,1,339),(679,0,-1,-0.692,340),(680,1,-1,-0.846,340),(681,0,-0.846,-0.385,341),(682,1,-0.692,-0.538,341),(683,0,-0.538,-0.077,342),(684,1,-0.385,-0.231,342),(685,0,-0.231,0.231,343),(686,1,-0.077,0.077,343),(687,0,0.077,0.538,344),(688,1,0.231,0.385,344),(689,0,0.385,0.846,345),(690,1,0.538,0.692,345),(691,0,0.692,1,346),(692,1,0.846,1,346),(693,0,-1,-0.692,347),(694,1,-1,-0.846,347),(695,0,-0.846,-0.385,348),(696,1,-0.692,-0.538,348),(697,0,-0.538,-0.077,349),(698,1,-0.385,-0.231,349),(699,0,-0.231,0.231,350),(700,1,-0.077,0.077,350),(701,0,0.077,0.538,351),(702,1,0.231,0.385,351),(703,0,0.385,0.846,352),(704,1,0.538,0.692,352),(705,0,0.692,1,353),(706,1,0.846,1,353),(707,0,-1,-0.692,354),(708,1,-1,-0.846,354),(709,0,-0.846,-0.385,355),(710,1,-0.692,-0.538,355),(711,0,-0.538,-0.077,356),(712,1,-0.385,-0.231,356),(713,0,-0.231,0.231,357),(714,1,-0.077,0.077,357),(715,0,0.077,0.538,358),(716,1,0.231,0.385,358),(717,0,0.385,0.846,359),(718,1,0.538,0.692,359),(719,0,0.692,1,360),(720,1,0.846,1,360),(721,0,0,0.222,361),(722,1,0,0.111,361),(723,0,0.111,0.444,362),(724,1,0.222,0.333,362),(725,0,0.333,0.667,363),(726,1,0.444,0.556,363),(727,0,0.556,0.889,364),(728,1,0.667,0.778,364),(729,0,0.778,1,365),(730,1,0.889,1,365),(731,0,0,0.286,366),(732,1,0,0.143,366),(733,0,0.143,0.571,367),(734,1,0.286,0.429,367),(735,0,0.429,0.857,368),(736,1,0.571,0.714,368),(737,0,0.714,1,369),(738,1,0.857,1,369),(739,0,0,0.4,370),(740,1,0,0.2,370),(741,0,0.2,0.8,371),(742,1,0.4,0.6,371),(743,0,0.6,1,372),(744,1,0.8,1,372),(745,0,0,0.125,373),(746,1,0,0.075,373),(747,0,0.075,0.6,374),(748,1,0.125,0.4,374),(749,0,0.4,1,375),(750,1,0.5,1,375),(751,0,0,0.4,376),(752,1,0,0.2,376),(753,0,0.2,0.8,377),(754,1,0.4,0.6,377),(755,0,0.6,1,378),(756,1,0.8,1,378),(757,0,0,0.083,379),(758,1,0,0.05,379),(759,0,0.05,0.8,380),(760,1,0.083,0.533,380),(761,0,0.6,1,381),(762,1,0.8,1,381),(763,0,0,0.083,382),(764,1,0,0.05,382),(765,0,0.05,0.8,383),(766,1,0.083,0.533,383),(767,0,0.533,1,384),(768,1,0.8,1,384),(769,0,0,0.4,385),(770,1,0,0.2,385),(771,0,0.2,0.8,386),(772,1,0.4,0.6,386),(773,0,0.6,1,387),(774,1,0.8,1,387),(775,0,0,0.4,388),(776,1,0,0.2,388),(777,0,0.2,0.8,389),(778,1,0.4,0.6,389),(779,0,0.6,1,390),(780,1,0.8,1,390),(781,0,0,0.667,391),(782,1,0,0.333,391),(783,0,0.333,1,392),(784,1,0.667,1,392),(785,0,0,0.4,393),(786,1,0,0.2,393),(787,0,0.2,0.8,394),(788,1,0.4,0.6,394),(789,0,0.6,1,395),(790,1,0.8,1,395),(791,0,0,0.286,396),(792,1,0,0.143,396),(793,0,0.143,0.571,397),(794,1,0.286,0.429,397),(795,0,0.429,0.857,398),(796,1,0.571,0.714,398),(797,0,0.714,1,399),(798,1,0.857,1,399),(799,0,-1,-0.692,400),(800,1,-1,-0.846,400),(801,0,-0.846,-0.385,401),(802,1,-0.692,-0.538,401),(803,0,-0.538,-0.077,402),(804,1,-0.385,-0.231,402),(805,0,-0.231,0.231,403),(806,1,-0.077,0.077,403),(807,0,0.077,0.538,404),(808,1,0.231,0.385,404),(809,0,0.385,0.846,405),(810,1,0.538,0.692,405),(811,0,0.692,1,406),(812,1,0.846,1,406),(813,0,-1,-0.692,407),(814,1,-1,-0.846,407),(815,0,-0.846,-0.385,408),(816,1,-0.692,-0.538,408),(817,0,-0.538,-0.077,409),(818,1,-0.385,-0.231,409),(819,0,-0.231,0.231,410),(820,1,-0.077,0.077,410),(821,0,0.077,0.538,411),(822,1,0.231,0.385,411),(823,0,0.385,0.846,412),(824,1,0.538,0.692,412),(825,0,0.692,1,413),(826,1,0.846,1,413),(827,0,-1,-0.692,414),(828,1,-1,-0.846,414),(829,0,-0.846,-0.385,415),(830,1,-0.692,-0.538,415),(831,0,-0.538,-0.077,416),(832,1,-0.385,-0.231,416),(833,0,-0.231,0.231,417),(834,1,-0.077,0.077,417),(835,0,0.077,0.538,418),(836,1,0.231,0.385,418),(837,0,0.385,0.846,419),(838,1,0.538,0.692,419),(839,0,0.692,1,420),(840,1,0.846,1,420),(841,0,0,0.222,421),(842,1,0,0.111,421),(843,0,0.111,0.444,422),(844,1,0.222,0.333,422),(845,0,0.333,0.667,423),(846,1,0.444,0.556,423),(847,0,0.556,0.889,424),(848,1,0.667,0.778,424),(849,0,0.778,1,425),(850,1,0.889,1,425),(851,0,0,0.286,426),(852,1,0,0.143,426),(853,0,0.143,0.571,427),(854,1,0.286,0.429,427),(855,0,0.429,0.857,428),(856,1,0.571,0.714,428),(857,0,0.714,1,429),(858,1,0.857,1,429),(859,0,0,0.4,430),(860,1,0,0.2,430),(861,0,0.2,0.8,431),(862,1,0.4,0.6,431),(863,0,0.6,1,432),(864,1,0.8,1,432),(865,0,0,0.125,433),(866,1,0,0.075,433),(867,0,0.075,0.6,434),(868,1,0.125,0.4,434),(869,0,0.4,1,435),(870,1,0.5,1,435),(871,0,0,0.4,436),(872,1,0,0.2,436),(873,0,0.2,0.8,437),(874,1,0.4,0.6,437),(875,0,0.6,1,438),(876,1,0.8,1,438),(877,0,0,0.083,439),(878,1,0,0.05,439),(879,0,0.05,0.8,440),(880,1,0.083,0.533,440),(881,0,0.6,1,441),(882,1,0.8,1,441),(883,0,0,0.083,442),(884,1,0,0.05,442),(885,0,0.05,0.8,443),(886,1,0.083,0.533,443),(887,0,0.533,1,444),(888,1,0.8,1,444),(889,0,0,0.4,445),(890,1,0,0.2,445),(891,0,0.2,0.8,446),(892,1,0.4,0.6,446),(893,0,0.6,1,447),(894,1,0.8,1,447),(895,0,0,0.4,448),(896,1,0,0.2,448),(897,0,0.2,0.8,449),(898,1,0.4,0.6,449),(899,0,0.6,1,450),(900,1,0.8,1,450),(901,0,0,0.667,451),(902,1,0,0.333,451),(903,0,0.333,1,452),(904,1,0.667,1,452),(905,0,0,0.4,453),(906,1,0,0.2,453),(907,0,0.2,0.8,454),(908,1,0.4,0.6,454),(909,0,0.6,1,455),(910,1,0.8,1,455),(911,0,0,0.286,456),(912,1,0,0.143,456),(913,0,0.143,0.571,457),(914,1,0.286,0.429,457),(915,0,0.429,0.857,458),(916,1,0.571,0.714,458),(917,0,0.714,1,459),(918,1,0.857,1,459),(919,0,-1,-0.692,460),(920,1,-1,-0.846,460),(921,0,-0.846,-0.385,461),(922,1,-0.692,-0.538,461),(923,0,-0.538,-0.077,462),(924,1,-0.385,-0.231,462),(925,0,-0.231,0.231,463),(926,1,-0.077,0.077,463),(927,0,0.077,0.538,464),(928,1,0.231,0.385,464),(929,0,0.385,0.846,465),(930,1,0.538,0.692,465),(931,0,0.692,1,466),(932,1,0.846,1,466),(933,0,-1,-0.692,467),(934,1,-1,-0.846,467),(935,0,-0.846,-0.385,468),(936,1,-0.692,-0.538,468),(937,0,-0.538,-0.077,469),(938,1,-0.385,-0.231,469),(939,0,-0.231,0.231,470),(940,1,-0.077,0.077,470),(941,0,0.077,0.538,471),(942,1,0.231,0.385,471),(943,0,0.385,0.846,472),(944,1,0.538,0.692,472),(945,0,0.692,1,473),(946,1,0.846,1,473),(947,0,-1,-0.692,474),(948,1,-1,-0.846,474),(949,0,-0.846,-0.385,475),(950,1,-0.692,-0.538,475),(951,0,-0.538,-0.077,476),(952,1,-0.385,-0.231,476),(953,0,-0.231,0.231,477),(954,1,-0.077,0.077,477),(955,0,0.077,0.538,478),(956,1,0.231,0.385,478),(957,0,0.385,0.846,479),(958,1,0.538,0.692,479),(959,0,0.692,1,480),(960,1,0.846,1,480),(961,0,0,0.222,481),(962,1,0,0.111,481),(963,0,0.111,0.444,482),(964,1,0.222,0.333,482),(965,0,0.333,0.667,483),(966,1,0.444,0.556,483),(967,0,0.556,0.889,484),(968,1,0.667,0.778,484),(969,0,0.778,1,485),(970,1,0.889,1,485),(971,0,0,0.286,486),(972,1,0,0.143,486),(973,0,0.143,0.571,487),(974,1,0.286,0.429,487),(975,0,0.429,0.857,488),(976,1,0.571,0.714,488),(977,0,0.714,1,489),(978,1,0.857,1,489),(979,0,0,0.4,490),(980,1,0,0.2,490),(981,0,0.2,0.8,491),(982,1,0.4,0.6,491),(983,0,0.6,1,492),(984,1,0.8,1,492),(985,0,0,0.125,493),(986,1,0,0.075,493),(987,0,0.075,0.6,494),(988,1,0.125,0.4,494),(989,0,0.4,1,495),(990,1,0.5,1,495),(991,0,0,0.4,496),(992,1,0,0.2,496),(993,0,0.2,0.8,497),(994,1,0.4,0.6,497),(995,0,0.6,1,498),(996,1,0.8,1,498),(997,0,0,0.083,499),(998,1,0,0.05,499),(999,0,0.05,0.8,500),(1000,1,0.083,0.533,500),(1001,0,0.6,1,501),(1002,1,0.8,1,501),(1003,0,0,0.083,502),(1004,1,0,0.05,502),(1005,0,0.05,0.8,503),(1006,1,0.083,0.533,503),(1007,0,0.533,1,504),(1008,1,0.8,1,504),(1009,0,0,0.4,505),(1010,1,0,0.2,505),(1011,0,0.2,0.8,506),(1012,1,0.4,0.6,506),(1013,0,0.6,1,507),(1014,1,0.8,1,507),(1015,0,0,0.4,508),(1016,1,0,0.2,508),(1017,0,0.2,0.8,509),(1018,1,0.4,0.6,509),(1019,0,0.6,1,510),(1020,1,0.8,1,510),(1021,0,0,0.667,511),(1022,1,0,0.333,511),(1023,0,0.333,1,512),(1024,1,0.667,1,512),(1025,0,0,0.4,513),(1026,1,0,0.2,513),(1027,0,0.2,0.8,514),(1028,1,0.4,0.6,514),(1029,0,0.6,1,515),(1030,1,0.8,1,515),(1031,0,0,0.286,516),(1032,1,0,0.143,516),(1033,0,0.143,0.571,517),(1034,1,0.286,0.429,517),(1035,0,0.429,0.857,518),(1036,1,0.571,0.714,518),(1037,0,0.714,1,519),(1038,1,0.857,1,519),(1039,0,-1,-0.692,520),(1040,1,-1,-0.846,520),(1041,0,-0.846,-0.385,521),(1042,1,-0.692,-0.538,521),(1043,0,-0.538,-0.077,522),(1044,1,-0.385,-0.231,522),(1045,0,-0.231,0.231,523),(1046,1,-0.077,0.077,523),(1047,0,0.077,0.538,524),(1048,1,0.231,0.385,524),(1049,0,0.385,0.846,525),(1050,1,0.538,0.692,525),(1051,0,0.692,1,526),(1052,1,0.846,1,526),(1053,0,-1,-0.692,527),(1054,1,-1,-0.846,527),(1055,0,-0.846,-0.385,528),(1056,1,-0.692,-0.538,528),(1057,0,-0.538,-0.077,529),(1058,1,-0.385,-0.231,529),(1059,0,-0.231,0.231,530),(1060,1,-0.077,0.077,530),(1061,0,0.077,0.538,531),(1062,1,0.231,0.385,531),(1063,0,0.385,0.846,532),(1064,1,0.538,0.692,532),(1065,0,0.692,1,533),(1066,1,0.846,1,533),(1067,0,-1,-0.692,534),(1068,1,-1,-0.846,534),(1069,0,-0.846,-0.385,535),(1070,1,-0.692,-0.538,535),(1071,0,-0.538,-0.077,536),(1072,1,-0.385,-0.231,536),(1073,0,-0.231,0.231,537),(1074,1,-0.077,0.077,537),(1075,0,0.077,0.538,538),(1076,1,0.231,0.385,538),(1077,0,0.385,0.846,539),(1078,1,0.538,0.692,539),(1079,0,0.692,1,540),(1080,1,0.846,1,540),(1081,0,0,0.222,541),(1082,1,0,0.111,541),(1083,0,0.111,0.444,542),(1084,1,0.222,0.333,542),(1085,0,0.333,0.667,543),(1086,1,0.444,0.556,543),(1087,0,0.556,0.889,544),(1088,1,0.667,0.778,544),(1089,0,0.778,1,545),(1090,1,0.889,1,545),(1091,0,0,0.286,546),(1092,1,0,0.143,546),(1093,0,0.143,0.571,547),(1094,1,0.286,0.429,547),(1095,0,0.429,0.857,548),(1096,1,0.571,0.714,548),(1097,0,0.714,1,549),(1098,1,0.857,1,549),(1099,0,0,0.4,550),(1100,1,0,0.2,550),(1101,0,0.2,0.8,551),(1102,1,0.4,0.6,551),(1103,0,0.6,1,552),(1104,1,0.8,1,552),(1105,0,0,0.125,553),(1106,1,0,0.075,553),(1107,0,0.075,0.6,554),(1108,1,0.125,0.4,554),(1109,0,0.4,1,555),(1110,1,0.5,1,555),(1111,0,0,0.4,556),(1112,1,0,0.2,556),(1113,0,0.2,0.8,557),(1114,1,0.4,0.6,557),(1115,0,0.6,1,558),(1116,1,0.8,1,558),(1117,0,0,0.083,559),(1118,1,0,0.05,559),(1119,0,0.05,0.8,560),(1120,1,0.083,0.533,560),(1121,0,0.6,1,561),(1122,1,0.8,1,561),(1123,0,0,0.083,562),(1124,1,0,0.05,562),(1125,0,0.05,0.8,563),(1126,1,0.083,0.533,563),(1127,0,0.533,1,564),(1128,1,0.8,1,564),(1129,0,0,0.4,565),(1130,1,0,0.2,565),(1131,0,0.2,0.8,566),(1132,1,0.4,0.6,566),(1133,0,0.6,1,567),(1134,1,0.8,1,567),(1135,0,0,0.4,568),(1136,1,0,0.2,568),(1137,0,0.2,0.8,569),(1138,1,0.4,0.6,569),(1139,0,0.6,1,570),(1140,1,0.8,1,570),(1141,0,0,0.667,571),(1142,1,0,0.333,571),(1143,0,0.333,1,572),(1144,1,0.667,1,572),(1145,0,0,0.4,573),(1146,1,0,0.2,573),(1147,0,0.2,0.8,574),(1148,1,0.4,0.6,574),(1149,0,0.6,1,575),(1150,1,0.8,1,575),(1151,0,0,0.286,576),(1152,1,0,0.143,576),(1153,0,0.143,0.571,577),(1154,1,0.286,0.429,577),(1155,0,0.429,0.857,578),(1156,1,0.571,0.714,578),(1157,0,0.714,1,579),(1158,1,0.857,1,579),(1159,0,-1,-0.692,580),(1160,1,-1,-0.846,580),(1161,0,-0.846,-0.385,581),(1162,1,-0.692,-0.538,581),(1163,0,-0.538,-0.077,582),(1164,1,-0.385,-0.231,582),(1165,0,-0.231,0.231,583),(1166,1,-0.077,0.077,583),(1167,0,0.077,0.538,584),(1168,1,0.231,0.385,584),(1169,0,0.385,0.846,585),(1170,1,0.538,0.692,585),(1171,0,0.692,1,586),(1172,1,0.846,1,586),(1173,0,-1,-0.692,587),(1174,1,-1,-0.846,587),(1175,0,-0.846,-0.385,588),(1176,1,-0.692,-0.538,588),(1177,0,-0.538,-0.077,589),(1178,1,-0.385,-0.231,589),(1179,0,-0.231,0.231,590),(1180,1,-0.077,0.077,590),(1181,0,0.077,0.538,591),(1182,1,0.231,0.385,591),(1183,0,0.385,0.846,592),(1184,1,0.538,0.692,592),(1185,0,0.692,1,593),(1186,1,0.846,1,593),(1187,0,-1,-0.692,594),(1188,1,-1,-0.846,594),(1189,0,-0.846,-0.385,595),(1190,1,-0.692,-0.538,595),(1191,0,-0.538,-0.077,596),(1192,1,-0.385,-0.231,596),(1193,0,-0.231,0.231,597),(1194,1,-0.077,0.077,597),(1195,0,0.077,0.538,598),(1196,1,0.231,0.385,598),(1197,0,0.385,0.846,599),(1198,1,0.538,0.692,599),(1199,0,0.692,1,600),(1200,1,0.846,1,600),(1201,0,0,0.222,601),(1202,1,0,0.111,601),(1203,0,0.111,0.444,602),(1204,1,0.222,0.333,602),(1205,0,0.333,0.667,603),(1206,1,0.444,0.556,603),(1207,0,0.556,0.889,604),(1208,1,0.667,0.778,604),(1209,0,0.778,1,605),(1210,1,0.889,1,605),(1211,0,0,0.286,606),(1212,1,0,0.143,606),(1213,0,0.143,0.571,607),(1214,1,0.286,0.429,607),(1215,0,0.429,0.857,608),(1216,1,0.571,0.714,608),(1217,0,0.714,1,609),(1218,1,0.857,1,609),(1219,0,0,0.4,610),(1220,1,0,0.2,610),(1221,0,0.2,0.8,611),(1222,1,0.4,0.6,611),(1223,0,0.6,1,612),(1224,1,0.8,1,612),(1225,0,0,0.125,613),(1226,1,0,0.075,613),(1227,0,0.075,0.6,614),(1228,1,0.125,0.4,614),(1229,0,0.4,1,615),(1230,1,0.5,1,615),(1231,0,0,0.4,616),(1232,1,0,0.2,616),(1233,0,0.2,0.8,617),(1234,1,0.4,0.6,617),(1235,0,0.6,1,618),(1236,1,0.8,1,618),(1237,0,0,0.083,619),(1238,1,0,0.05,619),(1239,0,0.05,0.8,620),(1240,1,0.083,0.533,620),(1241,0,0.6,1,621),(1242,1,0.8,1,621),(1243,0,0,0.083,622),(1244,1,0,0.05,622),(1245,0,0.05,0.8,623),(1246,1,0.083,0.533,623),(1247,0,0.533,1,624),(1248,1,0.8,1,624),(1249,0,0,0.4,625),(1250,1,0,0.2,625),(1251,0,0.2,0.8,626),(1252,1,0.4,0.6,626),(1253,0,0.6,1,627),(1254,1,0.8,1,627),(1255,0,0,0.4,628),(1256,1,0,0.2,628),(1257,0,0.2,0.8,629),(1258,1,0.4,0.6,629),(1259,0,0.6,1,630),(1260,1,0.8,1,630),(1261,0,0,0.667,631),(1262,1,0,0.333,631),(1263,0,0.333,1,632),(1264,1,0.667,1,632),(1265,0,0,0.4,633),(1266,1,0,0.2,633),(1267,0,0.2,0.8,634),(1268,1,0.4,0.6,634),(1269,0,0.6,1,635),(1270,1,0.8,1,635),(1271,0,0,0.286,636),(1272,1,0,0.143,636),(1273,0,0.143,0.571,637),(1274,1,0.286,0.429,637),(1275,0,0.429,0.857,638),(1276,1,0.571,0.714,638),(1277,0,0.714,1,639),(1278,1,0.857,1,639),(1279,0,-1,-0.692,640),(1280,1,-1,-0.846,640),(1281,0,-0.846,-0.385,641),(1282,1,-0.692,-0.538,641),(1283,0,-0.538,-0.077,642),(1284,1,-0.385,-0.231,642),(1285,0,-0.231,0.231,643),(1286,1,-0.077,0.077,643),(1287,0,0.077,0.538,644),(1288,1,0.231,0.385,644),(1289,0,0.385,0.846,645),(1290,1,0.538,0.692,645),(1291,0,0.692,1,646),(1292,1,0.846,1,646),(1293,0,-1,-0.692,647),(1294,1,-1,-0.846,647),(1295,0,-0.846,-0.385,648),(1296,1,-0.692,-0.538,648),(1297,0,-0.538,-0.077,649),(1298,1,-0.385,-0.231,649),(1299,0,-0.231,0.231,650),(1300,1,-0.077,0.077,650),(1301,0,0.077,0.538,651),(1302,1,0.231,0.385,651),(1303,0,0.385,0.846,652),(1304,1,0.538,0.692,652),(1305,0,0.692,1,653),(1306,1,0.846,1,653),(1307,0,-1,-0.692,654),(1308,1,-1,-0.846,654),(1309,0,-0.846,-0.385,655),(1310,1,-0.692,-0.538,655),(1311,0,-0.538,-0.077,656),(1312,1,-0.385,-0.231,656),(1313,0,-0.231,0.231,657),(1314,1,-0.077,0.077,657),(1315,0,0.077,0.538,658),(1316,1,0.231,0.385,658),(1317,0,0.385,0.846,659),(1318,1,0.538,0.692,659),(1319,0,0.692,1,660),(1320,1,0.846,1,660),(1321,0,0,0.222,661),(1322,1,0,0.111,661),(1323,0,0.111,0.444,662),(1324,1,0.222,0.333,662),(1325,0,0.333,0.667,663),(1326,1,0.444,0.556,663),(1327,0,0.556,0.889,664),(1328,1,0.667,0.778,664),(1329,0,0.778,1,665),(1330,1,0.889,1,665),(1331,0,0,0.286,666),(1332,1,0,0.143,666),(1333,0,0.143,0.571,667),(1334,1,0.286,0.429,667),(1335,0,0.429,0.857,668),(1336,1,0.571,0.714,668),(1337,0,0.714,1,669),(1338,1,0.857,1,669),(1339,0,0,0.4,670),(1340,1,0,0.2,670),(1341,0,0.2,0.8,671),(1342,1,0.4,0.6,671),(1343,0,0.6,1,672),(1344,1,0.8,1,672),(1345,0,0,0.125,673),(1346,1,0,0.075,673),(1347,0,0.075,0.6,674),(1348,1,0.125,0.4,674),(1349,0,0.4,1,675),(1350,1,0.5,1,675),(1351,0,0,0.4,676),(1352,1,0,0.2,676),(1353,0,0.2,0.8,677),(1354,1,0.4,0.6,677),(1355,0,0.6,1,678),(1356,1,0.8,1,678),(1357,0,0,0.083,679),(1358,1,0,0.05,679),(1359,0,0.05,0.8,680),(1360,1,0.083,0.533,680),(1361,0,0.6,1,681),(1362,1,0.8,1,681),(1363,0,0,0.083,682),(1364,1,0,0.05,682),(1365,0,0.05,0.8,683),(1366,1,0.083,0.533,683),(1367,0,0.533,1,684),(1368,1,0.8,1,684),(1369,0,0,0.4,685),(1370,1,0,0.2,685),(1371,0,0.2,0.8,686),(1372,1,0.4,0.6,686),(1373,0,0.6,1,687),(1374,1,0.8,1,687),(1375,0,0,0.4,688),(1376,1,0,0.2,688),(1377,0,0.2,0.8,689),(1378,1,0.4,0.6,689),(1379,0,0.6,1,690),(1380,1,0.8,1,690),(1381,0,0,0.667,691),(1382,1,0,0.333,691),(1383,0,0.333,1,692),(1384,1,0.667,1,692),(1385,0,0,0.4,693),(1386,1,0,0.2,693),(1387,0,0.2,0.8,694),(1388,1,0.4,0.6,694),(1389,0,0.6,1,695),(1390,1,0.8,1,695),(1391,0,0,0.286,696),(1392,1,0,0.143,696),(1393,0,0.143,0.571,697),(1394,1,0.286,0.429,697),(1395,0,0.429,0.857,698),(1396,1,0.571,0.714,698),(1397,0,0.714,1,699),(1398,1,0.857,1,699),(1399,0,-1,-0.692,700),(1400,1,-1,-0.846,700),(1401,0,-0.846,-0.385,701),(1402,1,-0.692,-0.538,701),(1403,0,-0.538,-0.077,702),(1404,1,-0.385,-0.231,702),(1405,0,-0.231,0.231,703),(1406,1,-0.077,0.077,703),(1407,0,0.077,0.538,704),(1408,1,0.231,0.385,704),(1409,0,0.385,0.846,705),(1410,1,0.538,0.692,705),(1411,0,0.692,1,706),(1412,1,0.846,1,706),(1413,0,-1,-0.692,707),(1414,1,-1,-0.846,707),(1415,0,-0.846,-0.385,708),(1416,1,-0.692,-0.538,708),(1417,0,-0.538,-0.077,709),(1418,1,-0.385,-0.231,709),(1419,0,-0.231,0.231,710),(1420,1,-0.077,0.077,710),(1421,0,0.077,0.538,711),(1422,1,0.231,0.385,711),(1423,0,0.385,0.846,712),(1424,1,0.538,0.692,712),(1425,0,0.692,1,713),(1426,1,0.846,1,713),(1427,0,-1,-0.692,714),(1428,1,-1,-0.846,714),(1429,0,-0.846,-0.385,715),(1430,1,-0.692,-0.538,715),(1431,0,-0.538,-0.077,716),(1432,1,-0.385,-0.231,716),(1433,0,-0.231,0.231,717),(1434,1,-0.077,0.077,717),(1435,0,0.077,0.538,718),(1436,1,0.231,0.385,718),(1437,0,0.385,0.846,719),(1438,1,0.538,0.692,719),(1439,0,0.692,1,720),(1440,1,0.846,1,720),(1441,0,0,0.222,721),(1442,1,0,0.111,721),(1443,0,0.111,0.444,722),(1444,1,0.222,0.333,722),(1445,0,0.333,0.667,723),(1446,1,0.444,0.556,723),(1447,0,0.556,0.889,724),(1448,1,0.667,0.778,724),(1449,0,0.778,1,725),(1450,1,0.889,1,725),(1451,0,0,0.286,726),(1452,1,0,0.143,726),(1453,0,0.143,0.571,727),(1454,1,0.286,0.429,727),(1455,0,0.429,0.857,728),(1456,1,0.571,0.714,728),(1457,0,0.714,1,729),(1458,1,0.857,1,729),(1459,0,0,0.4,730),(1460,1,0,0.2,730),(1461,0,0.2,0.8,731),(1462,1,0.4,0.6,731),(1463,0,0.6,1,732),(1464,1,0.8,1,732),(1465,0,0,0.125,733),(1466,1,0,0.075,733),(1467,0,0.075,0.6,734),(1468,1,0.125,0.4,734),(1469,0,0.4,1,735),(1470,1,0.5,1,735),(1471,0,0,0.4,736),(1472,1,0,0.2,736),(1473,0,0.2,0.8,737),(1474,1,0.4,0.6,737),(1475,0,0.6,1,738),(1476,1,0.8,1,738),(1477,0,0,0.083,739),(1478,1,0,0.05,739),(1479,0,0.05,0.8,740),(1480,1,0.083,0.533,740),(1481,0,0.6,1,741),(1482,1,0.8,1,741),(1483,0,0,0.083,742),(1484,1,0,0.05,742),(1485,0,0.05,0.8,743),(1486,1,0.083,0.533,743),(1487,0,0.533,1,744),(1488,1,0.8,1,744),(1489,0,0,0.4,745),(1490,1,0,0.2,745),(1491,0,0.2,0.8,746),(1492,1,0.4,0.6,746),(1493,0,0.6,1,747),(1494,1,0.8,1,747),(1495,0,0,0.4,748),(1496,1,0,0.2,748),(1497,0,0.2,0.8,749),(1498,1,0.4,0.6,749),(1499,0,0.6,1,750),(1500,1,0.8,1,750),(1501,0,0,0.667,751),(1502,1,0,0.333,751),(1503,0,0.333,1,752),(1504,1,0.667,1,752),(1505,0,0,0.4,753),(1506,1,0,0.2,753),(1507,0,0.2,0.8,754),(1508,1,0.4,0.6,754),(1509,0,0.6,1,755),(1510,1,0.8,1,755),(1511,0,0,0.286,756),(1512,1,0,0.143,756),(1513,0,0.143,0.571,757),(1514,1,0.286,0.429,757),(1515,0,0.429,0.857,758),(1516,1,0.571,0.714,758),(1517,0,0.714,1,759),(1518,1,0.857,1,759),(1519,0,-1,-0.692,760),(1520,1,-1,-0.846,760),(1521,0,-0.846,-0.385,761),(1522,1,-0.692,-0.538,761),(1523,0,-0.538,-0.077,762),(1524,1,-0.385,-0.231,762),(1525,0,-0.231,0.231,763),(1526,1,-0.077,0.077,763),(1527,0,0.077,0.538,764),(1528,1,0.231,0.385,764),(1529,0,0.385,0.846,765),(1530,1,0.538,0.692,765),(1531,0,0.692,1,766),(1532,1,0.846,1,766),(1533,0,-1,-0.692,767),(1534,1,-1,-0.846,767),(1535,0,-0.846,-0.385,768),(1536,1,-0.692,-0.538,768),(1537,0,-0.538,-0.077,769),(1538,1,-0.385,-0.231,769),(1539,0,-0.231,0.231,770),(1540,1,-0.077,0.077,770),(1541,0,0.077,0.538,771),(1542,1,0.231,0.385,771),(1543,0,0.385,0.846,772),(1544,1,0.538,0.692,772),(1545,0,0.692,1,773),(1546,1,0.846,1,773),(1547,0,-1,-0.692,774),(1548,1,-1,-0.846,774),(1549,0,-0.846,-0.385,775),(1550,1,-0.692,-0.538,775),(1551,0,-0.538,-0.077,776),(1552,1,-0.385,-0.231,776),(1553,0,-0.231,0.231,777),(1554,1,-0.077,0.077,777),(1555,0,0.077,0.538,778),(1556,1,0.231,0.385,778),(1557,0,0.385,0.846,779),(1558,1,0.538,0.692,779),(1559,0,0.692,1,780),(1560,1,0.846,1,780),(1561,0,0,0.222,781),(1562,1,0,0.111,781),(1563,0,0.111,0.444,782),(1564,1,0.222,0.333,782),(1565,0,0.333,0.667,783),(1566,1,0.444,0.556,783),(1567,0,0.556,0.889,784),(1568,1,0.667,0.778,784),(1569,0,0.778,1,785),(1570,1,0.889,1,785),(1571,0,0,0.286,786),(1572,1,0,0.143,786),(1573,0,0.143,0.571,787),(1574,1,0.286,0.429,787),(1575,0,0.429,0.857,788),(1576,1,0.571,0.714,788),(1577,0,0.714,1,789),(1578,1,0.857,1,789),(1579,0,0,0.4,790),(1580,1,0,0.2,790),(1581,0,0.2,0.8,791),(1582,1,0.4,0.6,791),(1583,0,0.6,1,792),(1584,1,0.8,1,792),(1585,0,0,0.125,793),(1586,1,0,0.075,793),(1587,0,0.075,0.6,794),(1588,1,0.125,0.4,794),(1589,0,0.4,1,795),(1590,1,0.5,1,795),(1591,0,0,0.4,796),(1592,1,0,0.2,796),(1593,0,0.2,0.8,797),(1594,1,0.4,0.6,797),(1595,0,0.6,1,798),(1596,1,0.8,1,798),(1597,0,0,0.083,799),(1598,1,0,0.05,799),(1599,0,0.05,0.8,800),(1600,1,0.083,0.533,800),(1601,0,0.6,1,801),(1602,1,0.8,1,801),(1603,0,0,0.083,802),(1604,1,0,0.05,802),(1605,0,0.05,0.8,803),(1606,1,0.083,0.533,803),(1607,0,0.533,1,804),(1608,1,0.8,1,804),(1609,0,0,0.4,805),(1610,1,0,0.2,805),(1611,0,0.2,0.8,806),(1612,1,0.4,0.6,806),(1613,0,0.6,1,807),(1614,1,0.8,1,807),(1615,0,0,0.4,808),(1616,1,0,0.2,808),(1617,0,0.2,0.8,809),(1618,1,0.4,0.6,809),(1619,0,0.6,1,810),(1620,1,0.8,1,810),(1621,0,0,0.667,811),(1622,1,0,0.333,811),(1623,0,0.333,1,812),(1624,1,0.667,1,812),(1625,0,0,0.4,813),(1626,1,0,0.2,813),(1627,0,0.2,0.8,814),(1628,1,0.4,0.6,814),(1629,0,0.6,1,815),(1630,1,0.8,1,815),(1631,0,0,0.286,816),(1632,1,0,0.143,816),(1633,0,0.143,0.571,817),(1634,1,0.286,0.429,817),(1635,0,0.429,0.857,818),(1636,1,0.571,0.714,818),(1637,0,0.714,1,819),(1638,1,0.857,1,819),(1639,0,-1,-0.692,820),(1640,1,-1,-0.846,820),(1641,0,-0.846,-0.385,821),(1642,1,-0.692,-0.538,821),(1643,0,-0.538,-0.077,822),(1644,1,-0.385,-0.231,822),(1645,0,-0.231,0.231,823),(1646,1,-0.077,0.077,823),(1647,0,0.077,0.538,824),(1648,1,0.231,0.385,824),(1649,0,0.385,0.846,825),(1650,1,0.538,0.692,825),(1651,0,0.692,1,826),(1652,1,0.846,1,826),(1653,0,-1,-0.692,827),(1654,1,-1,-0.846,827),(1655,0,-0.846,-0.385,828),(1656,1,-0.692,-0.538,828),(1657,0,-0.538,-0.077,829),(1658,1,-0.385,-0.231,829),(1659,0,-0.231,0.231,830),(1660,1,-0.077,0.077,830),(1661,0,0.077,0.538,831),(1662,1,0.231,0.385,831),(1663,0,0.385,0.846,832),(1664,1,0.538,0.692,832),(1665,0,0.692,1,833),(1666,1,0.846,1,833),(1667,0,-1,-0.692,834),(1668,1,-1,-0.846,834),(1669,0,-0.846,-0.385,835),(1670,1,-0.692,-0.538,835),(1671,0,-0.538,-0.077,836),(1672,1,-0.385,-0.231,836),(1673,0,-0.231,0.231,837),(1674,1,-0.077,0.077,837),(1675,0,0.077,0.538,838),(1676,1,0.231,0.385,838),(1677,0,0.385,0.846,839),(1678,1,0.538,0.692,839),(1679,0,0.692,1,840),(1680,1,0.846,1,840),(1681,0,0,0.222,841),(1682,1,0,0.111,841),(1683,0,0.111,0.444,842),(1684,1,0.222,0.333,842),(1685,0,0.333,0.667,843),(1686,1,0.444,0.556,843),(1687,0,0.556,0.889,844),(1688,1,0.667,0.778,844),(1689,0,0.778,1,845),(1690,1,0.889,1,845),(1691,0,0,0.286,846),(1692,1,0,0.143,846),(1693,0,0.143,0.571,847),(1694,1,0.286,0.429,847),(1695,0,0.429,0.857,848),(1696,1,0.571,0.714,848),(1697,0,0.714,1,849),(1698,1,0.857,1,849),(1699,0,0,0.4,850),(1700,1,0,0.2,850),(1701,0,0.2,0.8,851),(1702,1,0.4,0.6,851),(1703,0,0.6,1,852),(1704,1,0.8,1,852),(1705,0,0,0.125,853),(1706,1,0,0.075,853),(1707,0,0.075,0.6,854),(1708,1,0.125,0.4,854),(1709,0,0.4,1,855),(1710,1,0.5,1,855),(1711,0,0,0.4,856),(1712,1,0,0.2,856),(1713,0,0.2,0.8,857),(1714,1,0.4,0.6,857),(1715,0,0.6,1,858),(1716,1,0.8,1,858),(1717,0,0,0.083,859),(1718,1,0,0.05,859),(1719,0,0.05,0.8,860),(1720,1,0.083,0.533,860),(1721,0,0.6,1,861),(1722,1,0.8,1,861),(1723,0,0,0.083,862),(1724,1,0,0.05,862),(1725,0,0.05,0.8,863),(1726,1,0.083,0.533,863),(1727,0,0.533,1,864),(1728,1,0.8,1,864),(1729,0,0,0.4,865),(1730,1,0,0.2,865),(1731,0,0.2,0.8,866),(1732,1,0.4,0.6,866),(1733,0,0.6,1,867),(1734,1,0.8,1,867),(1735,0,0,0.4,868),(1736,1,0,0.2,868),(1737,0,0.2,0.8,869),(1738,1,0.4,0.6,869),(1739,0,0.6,1,870),(1740,1,0.8,1,870),(1741,0,0,0.667,871),(1742,1,0,0.333,871),(1743,0,0.333,1,872),(1744,1,0.667,1,872),(1745,0,0,0.4,873),(1746,1,0,0.2,873),(1747,0,0.2,0.8,874),(1748,1,0.4,0.6,874),(1749,0,0.6,1,875),(1750,1,0.8,1,875),(1751,0,0,0.286,876),(1752,1,0,0.143,876),(1753,0,0.143,0.571,877),(1754,1,0.286,0.429,877),(1755,0,0.429,0.857,878),(1756,1,0.571,0.714,878),(1757,0,0.714,1,879),(1758,1,0.857,1,879),(1759,0,-1,-0.692,880),(1760,1,-1,-0.846,880),(1761,0,-0.846,-0.385,881),(1762,1,-0.692,-0.538,881),(1763,0,-0.538,-0.077,882),(1764,1,-0.385,-0.231,882),(1765,0,-0.231,0.231,883),(1766,1,-0.077,0.077,883),(1767,0,0.077,0.538,884),(1768,1,0.231,0.385,884),(1769,0,0.385,0.846,885),(1770,1,0.538,0.692,885),(1771,0,0.692,1,886),(1772,1,0.846,1,886),(1773,0,-1,-0.692,887),(1774,1,-1,-0.846,887),(1775,0,-0.846,-0.385,888),(1776,1,-0.692,-0.538,888),(1777,0,-0.538,-0.077,889),(1778,1,-0.385,-0.231,889),(1779,0,-0.231,0.231,890),(1780,1,-0.077,0.077,890),(1781,0,0.077,0.538,891),(1782,1,0.231,0.385,891),(1783,0,0.385,0.846,892),(1784,1,0.538,0.692,892),(1785,0,0.692,1,893),(1786,1,0.846,1,893),(1787,0,-1,-0.692,894),(1788,1,-1,-0.846,894),(1789,0,-0.846,-0.385,895),(1790,1,-0.692,-0.538,895),(1791,0,-0.538,-0.077,896),(1792,1,-0.385,-0.231,896),(1793,0,-0.231,0.231,897),(1794,1,-0.077,0.077,897),(1795,0,0.077,0.538,898),(1796,1,0.231,0.385,898),(1797,0,0.385,0.846,899),(1798,1,0.538,0.692,899),(1799,0,0.692,1,900),(1800,1,0.846,1,900),(1801,0,0,0.222,901),(1802,1,0,0.111,901),(1803,0,0.111,0.444,902),(1804,1,0.222,0.333,902),(1805,0,0.333,0.667,903),(1806,1,0.444,0.556,903),(1807,0,0.556,0.889,904),(1808,1,0.667,0.778,904),(1809,0,0.778,1,905),(1810,1,0.889,1,905),(1811,0,0,0.286,906),(1812,1,0,0.143,906),(1813,0,0.143,0.571,907),(1814,1,0.286,0.429,907),(1815,0,0.429,0.857,908),(1816,1,0.571,0.714,908),(1817,0,0.714,1,909),(1818,1,0.857,1,909),(1819,0,0,0.4,910),(1820,1,0,0.2,910),(1821,0,0.2,0.8,911),(1822,1,0.4,0.6,911),(1823,0,0.6,1,912),(1824,1,0.8,1,912),(1825,0,0,0.125,913),(1826,1,0,0.075,913),(1827,0,0.075,0.6,914),(1828,1,0.125,0.4,914),(1829,0,0.4,1,915),(1830,1,0.5,1,915),(1831,0,0,0.4,916),(1832,1,0,0.2,916),(1833,0,0.2,0.8,917),(1834,1,0.4,0.6,917),(1835,0,0.6,1,918),(1836,1,0.8,1,918),(1837,0,0,0.083,919),(1838,1,0,0.05,919),(1839,0,0.05,0.8,920),(1840,1,0.083,0.533,920),(1841,0,0.6,1,921),(1842,1,0.8,1,921),(1843,0,0,0.083,922),(1844,1,0,0.05,922),(1845,0,0.05,0.8,923),(1846,1,0.083,0.533,923),(1847,0,0.533,1,924),(1848,1,0.8,1,924),(1849,0,0,0.4,925),(1850,1,0,0.2,925),(1851,0,0.2,0.8,926),(1852,1,0.4,0.6,926),(1853,0,0.6,1,927),(1854,1,0.8,1,927),(1855,0,0,0.4,928),(1856,1,0,0.2,928),(1857,0,0.2,0.8,929),(1858,1,0.4,0.6,929),(1859,0,0.6,1,930),(1860,1,0.8,1,930),(1861,0,0,0.667,931),(1862,1,0,0.333,931),(1863,0,0.333,1,932),(1864,1,0.667,1,932),(1865,0,0,0.4,933),(1866,1,0,0.2,933),(1867,0,0.2,0.8,934),(1868,1,0.4,0.6,934),(1869,0,0.6,1,935),(1870,1,0.8,1,935),(1871,0,0,0.286,936),(1872,1,0,0.143,936),(1873,0,0.143,0.571,937),(1874,1,0.286,0.429,937),(1875,0,0.429,0.857,938),(1876,1,0.571,0.714,938),(1877,0,0.714,1,939),(1878,1,0.857,1,939),(1879,0,-1,-0.692,940),(1880,1,-1,-0.846,940),(1881,0,-0.846,-0.385,941),(1882,1,-0.692,-0.538,941),(1883,0,-0.538,-0.077,942),(1884,1,-0.385,-0.231,942),(1885,0,-0.231,0.231,943),(1886,1,-0.077,0.077,943),(1887,0,0.077,0.538,944),(1888,1,0.231,0.385,944),(1889,0,0.385,0.846,945),(1890,1,0.538,0.692,945),(1891,0,0.692,1,946),(1892,1,0.846,1,946),(1893,0,-1,-0.692,947),(1894,1,-1,-0.846,947),(1895,0,-0.846,-0.385,948),(1896,1,-0.692,-0.538,948),(1897,0,-0.538,-0.077,949),(1898,1,-0.385,-0.231,949),(1899,0,-0.231,0.231,950),(1900,1,-0.077,0.077,950),(1901,0,0.077,0.538,951),(1902,1,0.231,0.385,951),(1903,0,0.385,0.846,952),(1904,1,0.538,0.692,952),(1905,0,0.692,1,953),(1906,1,0.846,1,953),(1907,0,-1,-0.692,954),(1908,1,-1,-0.846,954),(1909,0,-0.846,-0.385,955),(1910,1,-0.692,-0.538,955),(1911,0,-0.538,-0.077,956),(1912,1,-0.385,-0.231,956),(1913,0,-0.231,0.231,957),(1914,1,-0.077,0.077,957),(1915,0,0.077,0.538,958),(1916,1,0.231,0.385,958),(1917,0,0.385,0.846,959),(1918,1,0.538,0.692,959),(1919,0,0.692,1,960),(1920,1,0.846,1,960),(1921,0,0,0.222,961),(1922,1,0,0.111,961),(1923,0,0.111,0.444,962),(1924,1,0.222,0.333,962),(1925,0,0.333,0.667,963),(1926,1,0.444,0.556,963),(1927,0,0.556,0.889,964),(1928,1,0.667,0.778,964),(1929,0,0.778,1,965),(1930,1,0.889,1,965),(1931,0,0,0.286,966),(1932,1,0,0.143,966),(1933,0,0.143,0.571,967),(1934,1,0.286,0.429,967),(1935,0,0.429,0.857,968),(1936,1,0.571,0.714,968),(1937,0,0.714,1,969),(1938,1,0.857,1,969),(1939,0,0,0.4,970),(1940,1,0,0.2,970),(1941,0,0.2,0.8,971),(1942,1,0.4,0.6,971),(1943,0,0.6,1,972),(1944,1,0.8,1,972),(1945,0,0,0.125,973),(1946,1,0,0.075,973),(1947,0,0.075,0.6,974),(1948,1,0.125,0.4,974),(1949,0,0.4,1,975),(1950,1,0.5,1,975),(1951,0,0,0.4,976),(1952,1,0,0.2,976),(1953,0,0.2,0.8,977),(1954,1,0.4,0.6,977),(1955,0,0.6,1,978),(1956,1,0.8,1,978),(1957,0,0,0.083,979),(1958,1,0,0.05,979),(1959,0,0.05,0.8,980),(1960,1,0.083,0.533,980),(1961,0,0.6,1,981),(1962,1,0.8,1,981),(1963,0,0,0.083,982),(1964,1,0,0.05,982),(1965,0,0.05,0.8,983),(1966,1,0.083,0.533,983),(1967,0,0.533,1,984),(1968,1,0.8,1,984),(1969,0,0,0.4,985),(1970,1,0,0.2,985),(1971,0,0.2,0.8,986),(1972,1,0.4,0.6,986),(1973,0,0.6,1,987),(1974,1,0.8,1,987),(1975,0,0,0.4,988),(1976,1,0,0.2,988),(1977,0,0.2,0.8,989),(1978,1,0.4,0.6,989),(1979,0,0.6,1,990),(1980,1,0.8,1,990),(1981,0,0,0.667,991),(1982,1,0,0.333,991),(1983,0,0.333,1,992),(1984,1,0.667,1,992),(1985,0,0,0.4,993),(1986,1,0,0.2,993),(1987,0,0.2,0.8,994),(1988,1,0.4,0.6,994),(1989,0,0.6,1,995),(1990,1,0.8,1,995),(1991,0,0,0.286,996),(1992,1,0,0.143,996),(1993,0,0.143,0.571,997),(1994,1,0.286,0.429,997),(1995,0,0.429,0.857,998),(1996,1,0.571,0.714,998),(1997,0,0.714,1,999),(1998,1,0.857,1,999),(1999,0,-1,-0.692,1000),(2000,1,-1,-0.846,1000),(2001,0,-0.846,-0.385,1001),(2002,1,-0.692,-0.538,1001),(2003,0,-0.538,-0.077,1002),(2004,1,-0.385,-0.231,1002),(2005,0,-0.231,0.231,1003),(2006,1,-0.077,0.077,1003),(2007,0,0.077,0.538,1004),(2008,1,0.231,0.385,1004),(2009,0,0.385,0.846,1005),(2010,1,0.538,0.692,1005),(2011,0,0.692,1,1006),(2012,1,0.846,1,1006),(2013,0,-1,-0.692,1007),(2014,1,-1,-0.846,1007),(2015,0,-0.846,-0.385,1008),(2016,1,-0.692,-0.538,1008),(2017,0,-0.538,-0.077,1009),(2018,1,-0.385,-0.231,1009),(2019,0,-0.231,0.231,1010),(2020,1,-0.077,0.077,1010),(2021,0,0.077,0.538,1011),(2022,1,0.231,0.385,1011),(2023,0,0.385,0.846,1012),(2024,1,0.538,0.692,1012),(2025,0,0.692,1,1013),(2026,1,0.846,1,1013),(2027,0,-1,-0.692,1014),(2028,1,-1,-0.846,1014),(2029,0,-0.846,-0.385,1015),(2030,1,-0.692,-0.538,1015),(2031,0,-0.538,-0.077,1016),(2032,1,-0.385,-0.231,1016),(2033,0,-0.231,0.231,1017),(2034,1,-0.077,0.077,1017),(2035,0,0.077,0.538,1018),(2036,1,0.231,0.385,1018),(2037,0,0.385,0.846,1019),(2038,1,0.538,0.692,1019),(2039,0,0.692,1,1020),(2040,1,0.846,1,1020),(2041,0,0,0.222,1021),(2042,1,0,0.111,1021),(2043,0,0.111,0.444,1022),(2044,1,0.222,0.333,1022),(2045,0,0.333,0.667,1023),(2046,1,0.444,0.556,1023),(2047,0,0.556,0.889,1024),(2048,1,0.667,0.778,1024),(2049,0,0.778,1,1025),(2050,1,0.889,1,1025),(2051,0,0,0.286,1026),(2052,1,0,0.143,1026),(2053,0,0.143,0.571,1027),(2054,1,0.286,0.429,1027),(2055,0,0.429,0.857,1028),(2056,1,0.571,0.714,1028),(2057,0,0.714,1,1029),(2058,1,0.857,1,1029),(2059,0,0,0.4,1030),(2060,1,0,0.2,1030),(2061,0,0.2,0.8,1031),(2062,1,0.4,0.6,1031),(2063,0,0.6,1,1032),(2064,1,0.8,1,1032),(2065,0,0,0.125,1033),(2066,1,0,0.075,1033),(2067,0,0.075,0.6,1034),(2068,1,0.125,0.4,1034),(2069,0,0.4,1,1035),(2070,1,0.5,1,1035),(2071,0,0,0.4,1036),(2072,1,0,0.2,1036),(2073,0,0.2,0.8,1037),(2074,1,0.4,0.6,1037),(2075,0,0.6,1,1038),(2076,1,0.8,1,1038),(2077,0,0,0.083,1039),(2078,1,0,0.05,1039),(2079,0,0.05,0.8,1040),(2080,1,0.083,0.533,1040),(2081,0,0.6,1,1041),(2082,1,0.8,1,1041),(2083,0,0,0.083,1042),(2084,1,0,0.05,1042),(2085,0,0.05,0.8,1043),(2086,1,0.083,0.533,1043),(2087,0,0.533,1,1044),(2088,1,0.8,1,1044),(2089,0,0,0.4,1045),(2090,1,0,0.2,1045),(2091,0,0.2,0.8,1046),(2092,1,0.4,0.6,1046),(2093,0,0.6,1,1047),(2094,1,0.8,1,1047),(2095,0,0,0.4,1048),(2096,1,0,0.2,1048),(2097,0,0.2,0.8,1049),(2098,1,0.4,0.6,1049),(2099,0,0.6,1,1050),(2100,1,0.8,1,1050),(2101,0,0,0.667,1051),(2102,1,0,0.333,1051),(2103,0,0.333,1,1052),(2104,1,0.667,1,1052),(2105,0,0,0.4,1053),(2106,1,0,0.2,1053),(2107,0,0.2,0.8,1054),(2108,1,0.4,0.6,1054),(2109,0,0.6,1,1055),(2110,1,0.8,1,1055),(2111,0,0,0.286,1056),(2112,1,0,0.143,1056),(2113,0,0.143,0.571,1057),(2114,1,0.286,0.429,1057),(2115,0,0.429,0.857,1058),(2116,1,0.571,0.714,1058),(2117,0,0.714,1,1059),(2118,1,0.857,1,1059),(2119,0,-1,-0.692,1060),(2120,1,-1,-0.846,1060),(2121,0,-0.846,-0.385,1061),(2122,1,-0.692,-0.538,1061),(2123,0,-0.538,-0.077,1062),(2124,1,-0.385,-0.231,1062),(2125,0,-0.231,0.231,1063),(2126,1,-0.077,0.077,1063),(2127,0,0.077,0.538,1064),(2128,1,0.231,0.385,1064),(2129,0,0.385,0.846,1065),(2130,1,0.538,0.692,1065),(2131,0,0.692,1,1066),(2132,1,0.846,1,1066),(2133,0,-1,-0.692,1067),(2134,1,-1,-0.846,1067),(2135,0,-0.846,-0.385,1068),(2136,1,-0.692,-0.538,1068),(2137,0,-0.538,-0.077,1069),(2138,1,-0.385,-0.231,1069),(2139,0,-0.231,0.231,1070),(2140,1,-0.077,0.077,1070),(2141,0,0.077,0.538,1071),(2142,1,0.231,0.385,1071),(2143,0,0.385,0.846,1072),(2144,1,0.538,0.692,1072),(2145,0,0.692,1,1073),(2146,1,0.846,1,1073),(2147,0,-1,-0.692,1074),(2148,1,-1,-0.846,1074),(2149,0,-0.846,-0.385,1075),(2150,1,-0.692,-0.538,1075),(2151,0,-0.538,-0.077,1076),(2152,1,-0.385,-0.231,1076),(2153,0,-0.231,0.231,1077),(2154,1,-0.077,0.077,1077),(2155,0,0.077,0.538,1078),(2156,1,0.231,0.385,1078),(2157,0,0.385,0.846,1079),(2158,1,0.538,0.692,1079),(2159,0,0.692,1,1080),(2160,1,0.846,1,1080),(2161,0,0,0.222,1081),(2162,1,0,0.111,1081),(2163,0,0.111,0.444,1082),(2164,1,0.222,0.333,1082),(2165,0,0.333,0.667,1083),(2166,1,0.444,0.556,1083),(2167,0,0.556,0.889,1084),(2168,1,0.667,0.778,1084),(2169,0,0.778,1,1085),(2170,1,0.889,1,1085),(2171,0,0,0.286,1086),(2172,1,0,0.143,1086),(2173,0,0.143,0.571,1087),(2174,1,0.286,0.429,1087),(2175,0,0.429,0.857,1088),(2176,1,0.571,0.714,1088),(2177,0,0.714,1,1089),(2178,1,0.857,1,1089),(2179,0,0,0.4,1090),(2180,1,0,0.2,1090),(2181,0,0.2,0.8,1091),(2182,1,0.4,0.6,1091),(2183,0,0.6,1,1092),(2184,1,0.8,1,1092),(2185,0,0,0.125,1093),(2186,1,0,0.075,1093),(2187,0,0.075,0.6,1094),(2188,1,0.125,0.4,1094),(2189,0,0.4,1,1095),(2190,1,0.5,1,1095),(2191,0,0,0.4,1096),(2192,1,0,0.2,1096),(2193,0,0.2,0.8,1097),(2194,1,0.4,0.6,1097),(2195,0,0.6,1,1098),(2196,1,0.8,1,1098),(2197,0,0,0.083,1099),(2198,1,0,0.05,1099),(2199,0,0.05,0.8,1100),(2200,1,0.083,0.533,1100),(2201,0,0.6,1,1101),(2202,1,0.8,1,1101),(2203,0,0,0.083,1102),(2204,1,0,0.05,1102),(2205,0,0.05,0.8,1103),(2206,1,0.083,0.533,1103),(2207,0,0.533,1,1104),(2208,1,0.8,1,1104),(2209,0,0,0.4,1105),(2210,1,0,0.2,1105),(2211,0,0.2,0.8,1106),(2212,1,0.4,0.6,1106),(2213,0,0.6,1,1107),(2214,1,0.8,1,1107),(2215,0,0,0.4,1108),(2216,1,0,0.2,1108),(2217,0,0.2,0.8,1109),(2218,1,0.4,0.6,1109),(2219,0,0.6,1,1110),(2220,1,0.8,1,1110),(2221,0,0,0.667,1111),(2222,1,0,0.333,1111),(2223,0,0.333,1,1112),(2224,1,0.667,1,1112),(2225,0,0,0.4,1113),(2226,1,0,0.2,1113),(2227,0,0.2,0.8,1114),(2228,1,0.4,0.6,1114),(2229,0,0.6,1,1115),(2230,1,0.8,1,1115),(2231,0,0,0.286,1116),(2232,1,0,0.143,1116),(2233,0,0.143,0.571,1117),(2234,1,0.286,0.429,1117),(2235,0,0.429,0.857,1118),(2236,1,0.571,0.714,1118),(2237,0,0.714,1,1119),(2238,1,0.857,1,1119),(2239,0,-1,-0.692,1120),(2240,1,-1,-0.846,1120),(2241,0,-0.846,-0.385,1121),(2242,1,-0.692,-0.538,1121),(2243,0,-0.538,-0.077,1122),(2244,1,-0.385,-0.231,1122),(2245,0,-0.231,0.231,1123),(2246,1,-0.077,0.077,1123),(2247,0,0.077,0.538,1124),(2248,1,0.231,0.385,1124),(2249,0,0.385,0.846,1125),(2250,1,0.538,0.692,1125),(2251,0,0.692,1,1126),(2252,1,0.846,1,1126),(2253,0,-1,-0.692,1127),(2254,1,-1,-0.846,1127),(2255,0,-0.846,-0.385,1128),(2256,1,-0.692,-0.538,1128),(2257,0,-0.538,-0.077,1129),(2258,1,-0.385,-0.231,1129),(2259,0,-0.231,0.231,1130),(2260,1,-0.077,0.077,1130),(2261,0,0.077,0.538,1131),(2262,1,0.231,0.385,1131),(2263,0,0.385,0.846,1132),(2264,1,0.538,0.692,1132),(2265,0,0.692,1,1133),(2266,1,0.846,1,1133),(2267,0,-1,-0.692,1134),(2268,1,-1,-0.846,1134),(2269,0,-0.846,-0.385,1135),(2270,1,-0.692,-0.538,1135),(2271,0,-0.538,-0.077,1136),(2272,1,-0.385,-0.231,1136),(2273,0,-0.231,0.231,1137),(2274,1,-0.077,0.077,1137),(2275,0,0.077,0.538,1138),(2276,1,0.231,0.385,1138),(2277,0,0.385,0.846,1139),(2278,1,0.538,0.692,1139),(2279,0,0.692,1,1140),(2280,1,0.846,1,1140),(2281,0,0,0.222,1141),(2282,1,0,0.111,1141),(2283,0,0.111,0.444,1142),(2284,1,0.222,0.333,1142),(2285,0,0.333,0.667,1143),(2286,1,0.444,0.556,1143),(2287,0,0.556,0.889,1144),(2288,1,0.667,0.778,1144),(2289,0,0.778,1,1145),(2290,1,0.889,1,1145),(2291,0,0,0.286,1146),(2292,1,0,0.143,1146),(2293,0,0.143,0.571,1147),(2294,1,0.286,0.429,1147),(2295,0,0.429,0.857,1148),(2296,1,0.571,0.714,1148),(2297,0,0.714,1,1149),(2298,1,0.857,1,1149),(2299,0,0,0.4,1150),(2300,1,0,0.2,1150),(2301,0,0.2,0.8,1151),(2302,1,0.4,0.6,1151),(2303,0,0.6,1,1152),(2304,1,0.8,1,1152),(2305,0,0,0.125,1153),(2306,1,0,0.075,1153),(2307,0,0.075,0.6,1154),(2308,1,0.125,0.4,1154),(2309,0,0.4,1,1155),(2310,1,0.5,1,1155),(2311,0,0,0.4,1156),(2312,1,0,0.2,1156),(2313,0,0.2,0.8,1157),(2314,1,0.4,0.6,1157),(2315,0,0.6,1,1158),(2316,1,0.8,1,1158),(2317,0,0,0.083,1159),(2318,1,0,0.05,1159),(2319,0,0.05,0.8,1160),(2320,1,0.083,0.533,1160),(2321,0,0.6,1,1161),(2322,1,0.8,1,1161),(2323,0,0,0.083,1162),(2324,1,0,0.05,1162),(2325,0,0.05,0.8,1163),(2326,1,0.083,0.533,1163),(2327,0,0.533,1,1164),(2328,1,0.8,1,1164),(2329,0,0,0.4,1165),(2330,1,0,0.2,1165),(2331,0,0.2,0.8,1166),(2332,1,0.4,0.6,1166),(2333,0,0.6,1,1167),(2334,1,0.8,1,1167),(2335,0,0,0.4,1168),(2336,1,0,0.2,1168),(2337,0,0.2,0.8,1169),(2338,1,0.4,0.6,1169),(2339,0,0.6,1,1170),(2340,1,0.8,1,1170),(2341,0,0,0.667,1171),(2342,1,0,0.333,1171),(2343,0,0.333,1,1172),(2344,1,0.667,1,1172),(2345,0,0,0.4,1173),(2346,1,0,0.2,1173),(2347,0,0.2,0.8,1174),(2348,1,0.4,0.6,1174),(2349,0,0.6,1,1175),(2350,1,0.8,1,1175),(2351,0,0,0.286,1176),(2352,1,0,0.143,1176),(2353,0,0.143,0.571,1177),(2354,1,0.286,0.429,1177),(2355,0,0.429,0.857,1178),(2356,1,0.571,0.714,1178),(2357,0,0.714,1,1179),(2358,1,0.857,1,1179),(2359,0,-1,-0.692,1180),(2360,1,-1,-0.846,1180),(2361,0,-0.846,-0.385,1181),(2362,1,-0.692,-0.538,1181),(2363,0,-0.538,-0.077,1182),(2364,1,-0.385,-0.231,1182),(2365,0,-0.231,0.231,1183),(2366,1,-0.077,0.077,1183),(2367,0,0.077,0.538,1184),(2368,1,0.231,0.385,1184),(2369,0,0.385,0.846,1185),(2370,1,0.538,0.692,1185),(2371,0,0.692,1,1186),(2372,1,0.846,1,1186),(2373,0,-1,-0.692,1187),(2374,1,-1,-0.846,1187),(2375,0,-0.846,-0.385,1188),(2376,1,-0.692,-0.538,1188),(2377,0,-0.538,-0.077,1189),(2378,1,-0.385,-0.231,1189),(2379,0,-0.231,0.231,1190),(2380,1,-0.077,0.077,1190),(2381,0,0.077,0.538,1191),(2382,1,0.231,0.385,1191),(2383,0,0.385,0.846,1192),(2384,1,0.538,0.692,1192),(2385,0,0.692,1,1193),(2386,1,0.846,1,1193),(2387,0,-1,-0.692,1194),(2388,1,-1,-0.846,1194),(2389,0,-0.846,-0.385,1195),(2390,1,-0.692,-0.538,1195),(2391,0,-0.538,-0.077,1196),(2392,1,-0.385,-0.231,1196),(2393,0,-0.231,0.231,1197),(2394,1,-0.077,0.077,1197),(2395,0,0.077,0.538,1198),(2396,1,0.231,0.385,1198),(2397,0,0.385,0.846,1199),(2398,1,0.538,0.692,1199),(2399,0,0.692,1,1200),(2400,1,0.846,1,1200),(2401,0,0,0.222,1201),(2402,1,0,0.111,1201),(2403,0,0.111,0.444,1202),(2404,1,0.222,0.333,1202),(2405,0,0.333,0.667,1203),(2406,1,0.444,0.556,1203),(2407,0,0.556,0.889,1204),(2408,1,0.667,0.778,1204),(2409,0,0.778,1,1205),(2410,1,0.889,1,1205),(2411,0,0,0.286,1206),(2412,1,0,0.143,1206),(2413,0,0.143,0.571,1207),(2414,1,0.286,0.429,1207),(2415,0,0.429,0.857,1208),(2416,1,0.571,0.714,1208),(2417,0,0.714,1,1209),(2418,1,0.857,1,1209),(2419,0,0,0.4,1210),(2420,1,0,0.2,1210),(2421,0,0.2,0.8,1211),(2422,1,0.4,0.6,1211),(2423,0,0.6,1,1212),(2424,1,0.8,1,1212),(2425,0,0,0.125,1213),(2426,1,0,0.075,1213),(2427,0,0.075,0.6,1214),(2428,1,0.125,0.4,1214),(2429,0,0.4,1,1215),(2430,1,0.5,1,1215),(2431,0,0,0.4,1216),(2432,1,0,0.2,1216),(2433,0,0.2,0.8,1217),(2434,1,0.4,0.6,1217),(2435,0,0.6,1,1218),(2436,1,0.8,1,1218),(2437,0,0,0.083,1219),(2438,1,0,0.05,1219),(2439,0,0.05,0.8,1220),(2440,1,0.083,0.533,1220),(2441,0,0.6,1,1221),(2442,1,0.8,1,1221),(2443,0,0,0.083,1222),(2444,1,0,0.05,1222),(2445,0,0.05,0.8,1223),(2446,1,0.083,0.533,1223),(2447,0,0.533,1,1224),(2448,1,0.8,1,1224),(2449,0,0,0.4,1225),(2450,1,0,0.2,1225),(2451,0,0.2,0.8,1226),(2452,1,0.4,0.6,1226),(2453,0,0.6,1,1227),(2454,1,0.8,1,1227),(2455,0,0,0.4,1228),(2456,1,0,0.2,1228),(2457,0,0.2,0.8,1229),(2458,1,0.4,0.6,1229),(2459,0,0.6,1,1230),(2460,1,0.8,1,1230),(2461,0,0,0.667,1231),(2462,1,0,0.333,1231),(2463,0,0.333,1,1232),(2464,1,0.667,1,1232),(2465,0,0,0.4,1233),(2466,1,0,0.2,1233),(2467,0,0.2,0.8,1234),(2468,1,0.4,0.6,1234),(2469,0,0.6,1,1235),(2470,1,0.8,1,1235),(2471,0,0,0.286,1236),(2472,1,0,0.143,1236),(2473,0,0.143,0.571,1237),(2474,1,0.286,0.429,1237),(2475,0,0.429,0.857,1238),(2476,1,0.571,0.714,1238),(2477,0,0.714,1,1239),(2478,1,0.857,1,1239),(2479,0,-1,-0.692,1240),(2480,1,-1,-0.846,1240),(2481,0,-0.846,-0.385,1241),(2482,1,-0.692,-0.538,1241),(2483,0,-0.538,-0.077,1242),(2484,1,-0.385,-0.231,1242),(2485,0,-0.231,0.231,1243),(2486,1,-0.077,0.077,1243),(2487,0,0.077,0.538,1244),(2488,1,0.231,0.385,1244),(2489,0,0.385,0.846,1245),(2490,1,0.538,0.692,1245),(2491,0,0.692,1,1246),(2492,1,0.846,1,1246),(2493,0,-1,-0.692,1247),(2494,1,-1,-0.846,1247),(2495,0,-0.846,-0.385,1248),(2496,1,-0.692,-0.538,1248),(2497,0,-0.538,-0.077,1249),(2498,1,-0.385,-0.231,1249),(2499,0,-0.231,0.231,1250),(2500,1,-0.077,0.077,1250),(2501,0,0.077,0.538,1251),(2502,1,0.231,0.385,1251),(2503,0,0.385,0.846,1252),(2504,1,0.538,0.692,1252),(2505,0,0.692,1,1253),(2506,1,0.846,1,1253),(2507,0,-1,-0.692,1254),(2508,1,-1,-0.846,1254),(2509,0,-0.846,-0.385,1255),(2510,1,-0.692,-0.538,1255),(2511,0,-0.538,-0.077,1256),(2512,1,-0.385,-0.231,1256),(2513,0,-0.231,0.231,1257),(2514,1,-0.077,0.077,1257),(2515,0,0.077,0.538,1258),(2516,1,0.231,0.385,1258),(2517,0,0.385,0.846,1259),(2518,1,0.538,0.692,1259),(2519,0,0.692,1,1260),(2520,1,0.846,1,1260),(2521,0,0,0.222,1261),(2522,1,0,0.111,1261),(2523,0,0.111,0.444,1262),(2524,1,0.222,0.333,1262),(2525,0,0.333,0.667,1263),(2526,1,0.444,0.556,1263),(2527,0,0.556,0.889,1264),(2528,1,0.667,0.778,1264),(2529,0,0.778,1,1265),(2530,1,0.889,1,1265),(2531,0,0,0.286,1266),(2532,1,0,0.143,1266),(2533,0,0.143,0.571,1267),(2534,1,0.286,0.429,1267),(2535,0,0.429,0.857,1268),(2536,1,0.571,0.714,1268),(2537,0,0.714,1,1269),(2538,1,0.857,1,1269),(2539,0,0,0.4,1270),(2540,1,0,0.2,1270),(2541,0,0.2,0.8,1271),(2542,1,0.4,0.6,1271),(2543,0,0.6,1,1272),(2544,1,0.8,1,1272),(2545,0,0,0.125,1273),(2546,1,0,0.075,1273),(2547,0,0.075,0.6,1274),(2548,1,0.125,0.4,1274),(2549,0,0.4,1,1275),(2550,1,0.5,1,1275),(2551,0,0,0.4,1276),(2552,1,0,0.2,1276),(2553,0,0.2,0.8,1277),(2554,1,0.4,0.6,1277),(2555,0,0.6,1,1278),(2556,1,0.8,1,1278),(2557,0,0,0.083,1279),(2558,1,0,0.05,1279),(2559,0,0.05,0.8,1280),(2560,1,0.083,0.533,1280),(2561,0,0.6,1,1281),(2562,1,0.8,1,1281),(2563,0,0,0.083,1282),(2564,1,0,0.05,1282),(2565,0,0.05,0.8,1283),(2566,1,0.083,0.533,1283),(2567,0,0.533,1,1284),(2568,1,0.8,1,1284),(2569,0,0,0.4,1285),(2570,1,0,0.2,1285),(2571,0,0.2,0.8,1286),(2572,1,0.4,0.6,1286),(2573,0,0.6,1,1287),(2574,1,0.8,1,1287),(2575,0,0,0.4,1288),(2576,1,0,0.2,1288),(2577,0,0.2,0.8,1289),(2578,1,0.4,0.6,1289),(2579,0,0.6,1,1290),(2580,1,0.8,1,1290),(2581,0,0,0.667,1291),(2582,1,0,0.333,1291),(2583,0,0.333,1,1292),(2584,1,0.667,1,1292),(2585,0,0,0.4,1293),(2586,1,0,0.2,1293),(2587,0,0.2,0.8,1294),(2588,1,0.4,0.6,1294),(2589,0,0.6,1,1295),(2590,1,0.8,1,1295),(2591,0,0,0.286,1296),(2592,1,0,0.143,1296),(2593,0,0.143,0.571,1297),(2594,1,0.286,0.429,1297),(2595,0,0.429,0.857,1298),(2596,1,0.571,0.714,1298),(2597,0,0.714,1,1299),(2598,1,0.857,1,1299),(2599,0,-1,-0.692,1300),(2600,1,-1,-0.846,1300),(2601,0,-0.846,-0.385,1301),(2602,1,-0.692,-0.538,1301),(2603,0,-0.538,-0.077,1302),(2604,1,-0.385,-0.231,1302),(2605,0,-0.231,0.231,1303),(2606,1,-0.077,0.077,1303),(2607,0,0.077,0.538,1304),(2608,1,0.231,0.385,1304),(2609,0,0.385,0.846,1305),(2610,1,0.538,0.692,1305),(2611,0,0.692,1,1306),(2612,1,0.846,1,1306),(2613,0,-1,-0.692,1307),(2614,1,-1,-0.846,1307),(2615,0,-0.846,-0.385,1308),(2616,1,-0.692,-0.538,1308),(2617,0,-0.538,-0.077,1309),(2618,1,-0.385,-0.231,1309),(2619,0,-0.231,0.231,1310),(2620,1,-0.077,0.077,1310),(2621,0,0.077,0.538,1311),(2622,1,0.231,0.385,1311),(2623,0,0.385,0.846,1312),(2624,1,0.538,0.692,1312),(2625,0,0.692,1,1313),(2626,1,0.846,1,1313),(2627,0,-1,-0.692,1314),(2628,1,-1,-0.846,1314),(2629,0,-0.846,-0.385,1315),(2630,1,-0.692,-0.538,1315),(2631,0,-0.538,-0.077,1316),(2632,1,-0.385,-0.231,1316),(2633,0,-0.231,0.231,1317),(2634,1,-0.077,0.077,1317),(2635,0,0.077,0.538,1318),(2636,1,0.231,0.385,1318),(2637,0,0.385,0.846,1319),(2638,1,0.538,0.692,1319),(2639,0,0.692,1,1320),(2640,1,0.846,1,1320),(2641,0,0,0.222,1321),(2642,1,0,0.111,1321),(2643,0,0.111,0.444,1322),(2644,1,0.222,0.333,1322),(2645,0,0.333,0.667,1323),(2646,1,0.444,0.556,1323),(2647,0,0.556,0.889,1324),(2648,1,0.667,0.778,1324),(2649,0,0.778,1,1325),(2650,1,0.889,1,1325),(2651,0,0,0.286,1326),(2652,1,0,0.143,1326),(2653,0,0.143,0.571,1327),(2654,1,0.286,0.429,1327),(2655,0,0.429,0.857,1328),(2656,1,0.571,0.714,1328),(2657,0,0.714,1,1329),(2658,1,0.857,1,1329),(2659,0,0,0.4,1330),(2660,1,0,0.2,1330),(2661,0,0.2,0.8,1331),(2662,1,0.4,0.6,1331),(2663,0,0.6,1,1332),(2664,1,0.8,1,1332),(2665,0,0,0.125,1333),(2666,1,0,0.075,1333),(2667,0,0.075,0.6,1334),(2668,1,0.125,0.4,1334),(2669,0,0.4,1,1335),(2670,1,0.5,1,1335),(2671,0,0,0.4,1336),(2672,1,0,0.2,1336),(2673,0,0.2,0.8,1337),(2674,1,0.4,0.6,1337),(2675,0,0.6,1,1338),(2676,1,0.8,1,1338),(2677,0,0,0.083,1339),(2678,1,0,0.05,1339),(2679,0,0.05,0.8,1340),(2680,1,0.083,0.533,1340),(2681,0,0.6,1,1341),(2682,1,0.8,1,1341),(2683,0,0,0.083,1342),(2684,1,0,0.05,1342),(2685,0,0.05,0.8,1343),(2686,1,0.083,0.533,1343),(2687,0,0.533,1,1344),(2688,1,0.8,1,1344),(2689,0,0,0.4,1345),(2690,1,0,0.2,1345),(2691,0,0.2,0.8,1346),(2692,1,0.4,0.6,1346),(2693,0,0.6,1,1347),(2694,1,0.8,1,1347),(2695,0,0,0.4,1348),(2696,1,0,0.2,1348),(2697,0,0.2,0.8,1349),(2698,1,0.4,0.6,1349),(2699,0,0.6,1,1350),(2700,1,0.8,1,1350),(2701,0,0,0.667,1351),(2702,1,0,0.333,1351),(2703,0,0.333,1,1352),(2704,1,0.667,1,1352),(2705,0,0,0.4,1353),(2706,1,0,0.2,1353),(2707,0,0.2,0.8,1354),(2708,1,0.4,0.6,1354),(2709,0,0.6,1,1355),(2710,1,0.8,1,1355),(2711,0,0,0.286,1356),(2712,1,0,0.143,1356),(2713,0,0.143,0.571,1357),(2714,1,0.286,0.429,1357),(2715,0,0.429,0.857,1358),(2716,1,0.571,0.714,1358),(2717,0,0.714,1,1359),(2718,1,0.857,1,1359),(2719,0,-1,-0.692,1360),(2720,1,-1,-0.846,1360),(2721,0,-0.846,-0.385,1361),(2722,1,-0.692,-0.538,1361),(2723,0,-0.538,-0.077,1362),(2724,1,-0.385,-0.231,1362),(2725,0,-0.231,0.231,1363),(2726,1,-0.077,0.077,1363),(2727,0,0.077,0.538,1364),(2728,1,0.231,0.385,1364),(2729,0,0.385,0.846,1365),(2730,1,0.538,0.692,1365),(2731,0,0.692,1,1366),(2732,1,0.846,1,1366),(2733,0,-1,-0.692,1367),(2734,1,-1,-0.846,1367),(2735,0,-0.846,-0.385,1368),(2736,1,-0.692,-0.538,1368),(2737,0,-0.538,-0.077,1369),(2738,1,-0.385,-0.231,1369),(2739,0,-0.231,0.231,1370),(2740,1,-0.077,0.077,1370),(2741,0,0.077,0.538,1371),(2742,1,0.231,0.385,1371),(2743,0,0.385,0.846,1372),(2744,1,0.538,0.692,1372),(2745,0,0.692,1,1373),(2746,1,0.846,1,1373),(2747,0,-1,-0.692,1374),(2748,1,-1,-0.846,1374),(2749,0,-0.846,-0.385,1375),(2750,1,-0.692,-0.538,1375),(2751,0,-0.538,-0.077,1376),(2752,1,-0.385,-0.231,1376),(2753,0,-0.231,0.231,1377),(2754,1,-0.077,0.077,1377),(2755,0,0.077,0.538,1378),(2756,1,0.231,0.385,1378),(2757,0,0.385,0.846,1379),(2758,1,0.538,0.692,1379),(2759,0,0.692,1,1380),(2760,1,0.846,1,1380),(2761,0,0,0.222,1381),(2762,1,0,0.111,1381),(2763,0,0.111,0.444,1382),(2764,1,0.222,0.333,1382),(2765,0,0.333,0.667,1383),(2766,1,0.444,0.556,1383),(2767,0,0.556,0.889,1384),(2768,1,0.667,0.778,1384),(2769,0,0.778,1,1385),(2770,1,0.889,1,1385),(2771,0,0,0.286,1386),(2772,1,0,0.143,1386),(2773,0,0.143,0.571,1387),(2774,1,0.286,0.429,1387),(2775,0,0.429,0.857,1388),(2776,1,0.571,0.714,1388),(2777,0,0.714,1,1389),(2778,1,0.857,1,1389),(2779,0,0,0.4,1390),(2780,1,0,0.2,1390),(2781,0,0.2,0.8,1391),(2782,1,0.4,0.6,1391),(2783,0,0.6,1,1392),(2784,1,0.8,1,1392),(2785,0,0,0.125,1393),(2786,1,0,0.075,1393),(2787,0,0.075,0.6,1394),(2788,1,0.125,0.4,1394),(2789,0,0.4,1,1395),(2790,1,0.5,1,1395),(2791,0,0,0.4,1396),(2792,1,0,0.2,1396),(2793,0,0.2,0.8,1397),(2794,1,0.4,0.6,1397),(2795,0,0.6,1,1398),(2796,1,0.8,1,1398),(2797,0,0,0.083,1399),(2798,1,0,0.05,1399),(2799,0,0.05,0.8,1400),(2800,1,0.083,0.533,1400),(2801,0,0.6,1,1401),(2802,1,0.8,1,1401),(2803,0,0,0.083,1402),(2804,1,0,0.05,1402),(2805,0,0.05,0.8,1403),(2806,1,0.083,0.533,1403),(2807,0,0.533,1,1404),(2808,1,0.8,1,1404),(2809,0,0,0.4,1405),(2810,1,0,0.2,1405),(2811,0,0.2,0.8,1406),(2812,1,0.4,0.6,1406),(2813,0,0.6,1,1407),(2814,1,0.8,1,1407),(2815,0,0,0.4,1408),(2816,1,0,0.2,1408),(2817,0,0.2,0.8,1409),(2818,1,0.4,0.6,1409),(2819,0,0.6,1,1410),(2820,1,0.8,1,1410),(2821,0,0,0.667,1411),(2822,1,0,0.333,1411),(2823,0,0.333,1,1412),(2824,1,0.667,1,1412),(2825,0,0,0.4,1413),(2826,1,0,0.2,1413),(2827,0,0.2,0.8,1414),(2828,1,0.4,0.6,1414),(2829,0,0.6,1,1415),(2830,1,0.8,1,1415),(2831,0,0,0.286,1416),(2832,1,0,0.143,1416),(2833,0,0.143,0.571,1417),(2834,1,0.286,0.429,1417),(2835,0,0.429,0.857,1418),(2836,1,0.571,0.714,1418),(2837,0,0.714,1,1419),(2838,1,0.857,1,1419),(2839,0,-1,-0.692,1420),(2840,1,-1,-0.846,1420),(2841,0,-0.846,-0.385,1421),(2842,1,-0.692,-0.538,1421),(2843,0,-0.538,-0.077,1422),(2844,1,-0.385,-0.231,1422),(2845,0,-0.231,0.231,1423),(2846,1,-0.077,0.077,1423),(2847,0,0.077,0.538,1424),(2848,1,0.231,0.385,1424),(2849,0,0.385,0.846,1425),(2850,1,0.538,0.692,1425),(2851,0,0.692,1,1426),(2852,1,0.846,1,1426),(2853,0,-1,-0.692,1427),(2854,1,-1,-0.846,1427),(2855,0,-0.846,-0.385,1428),(2856,1,-0.692,-0.538,1428),(2857,0,-0.538,-0.077,1429),(2858,1,-0.385,-0.231,1429),(2859,0,-0.231,0.231,1430),(2860,1,-0.077,0.077,1430),(2861,0,0.077,0.538,1431),(2862,1,0.231,0.385,1431),(2863,0,0.385,0.846,1432),(2864,1,0.538,0.692,1432),(2865,0,0.692,1,1433),(2866,1,0.846,1,1433),(2867,0,-1,-0.692,1434),(2868,1,-1,-0.846,1434),(2869,0,-0.846,-0.385,1435),(2870,1,-0.692,-0.538,1435),(2871,0,-0.538,-0.077,1436),(2872,1,-0.385,-0.231,1436),(2873,0,-0.231,0.231,1437),(2874,1,-0.077,0.077,1437),(2875,0,0.077,0.538,1438),(2876,1,0.231,0.385,1438),(2877,0,0.385,0.846,1439),(2878,1,0.538,0.692,1439),(2879,0,0.692,1,1440),(2880,1,0.846,1,1440),(2881,0,0,0.222,1441),(2882,1,0,0.111,1441),(2883,0,0.111,0.444,1442),(2884,1,0.222,0.333,1442),(2885,0,0.333,0.667,1443),(2886,1,0.444,0.556,1443),(2887,0,0.556,0.889,1444),(2888,1,0.667,0.778,1444),(2889,0,0.778,1,1445),(2890,1,0.889,1,1445),(2891,0,0,0.286,1446),(2892,1,0,0.143,1446),(2893,0,0.143,0.571,1447),(2894,1,0.286,0.429,1447),(2895,0,0.429,0.857,1448),(2896,1,0.571,0.714,1448),(2897,0,0.714,1,1449),(2898,1,0.857,1,1449),(2899,0,0,0.4,1450),(2900,1,0,0.2,1450),(2901,0,0.2,0.8,1451),(2902,1,0.4,0.6,1451),(2903,0,0.6,1,1452),(2904,1,0.8,1,1452),(2905,0,0,0.125,1453),(2906,1,0,0.075,1453),(2907,0,0.075,0.6,1454),(2908,1,0.125,0.4,1454),(2909,0,0.4,1,1455),(2910,1,0.5,1,1455),(2911,0,0,0.4,1456),(2912,1,0,0.2,1456),(2913,0,0.2,0.8,1457),(2914,1,0.4,0.6,1457),(2915,0,0.6,1,1458),(2916,1,0.8,1,1458),(2917,0,0,0.083,1459),(2918,1,0,0.05,1459),(2919,0,0.05,0.8,1460),(2920,1,0.083,0.533,1460),(2921,0,0.6,1,1461),(2922,1,0.8,1,1461),(2923,0,0,0.083,1462),(2924,1,0,0.05,1462),(2925,0,0.05,0.8,1463),(2926,1,0.083,0.533,1463),(2927,0,0.533,1,1464),(2928,1,0.8,1,1464),(2929,0,0,0.4,1465),(2930,1,0,0.2,1465),(2931,0,0.2,0.8,1466),(2932,1,0.4,0.6,1466),(2933,0,0.6,1,1467),(2934,1,0.8,1,1467),(2935,0,0,0.4,1468),(2936,1,0,0.2,1468),(2937,0,0.2,0.8,1469),(2938,1,0.4,0.6,1469),(2939,0,0.6,1,1470),(2940,1,0.8,1,1470),(2941,0,0,0.667,1471),(2942,1,0,0.333,1471),(2943,0,0.333,1,1472),(2944,1,0.667,1,1472),(2945,0,0,0.4,1473),(2946,1,0,0.2,1473),(2947,0,0.2,0.8,1474),(2948,1,0.4,0.6,1474),(2949,0,0.6,1,1475),(2950,1,0.8,1,1475),(2951,0,0,0.286,1476),(2952,1,0,0.143,1476),(2953,0,0.143,0.571,1477),(2954,1,0.286,0.429,1477),(2955,0,0.429,0.857,1478),(2956,1,0.571,0.714,1478),(2957,0,0.714,1,1479),(2958,1,0.857,1,1479),(2959,0,-1,-0.692,1480),(2960,1,-1,-0.846,1480),(2961,0,-0.846,-0.385,1481),(2962,1,-0.692,-0.538,1481),(2963,0,-0.538,-0.077,1482),(2964,1,-0.385,-0.231,1482),(2965,0,-0.231,0.231,1483),(2966,1,-0.077,0.077,1483),(2967,0,0.077,0.538,1484),(2968,1,0.231,0.385,1484),(2969,0,0.385,0.846,1485),(2970,1,0.538,0.692,1485),(2971,0,0.692,1,1486),(2972,1,0.846,1,1486),(2973,0,-1,-0.692,1487),(2974,1,-1,-0.846,1487),(2975,0,-0.846,-0.385,1488),(2976,1,-0.692,-0.538,1488),(2977,0,-0.538,-0.077,1489),(2978,1,-0.385,-0.231,1489),(2979,0,-0.231,0.231,1490),(2980,1,-0.077,0.077,1490),(2981,0,0.077,0.538,1491),(2982,1,0.231,0.385,1491),(2983,0,0.385,0.846,1492),(2984,1,0.538,0.692,1492),(2985,0,0.692,1,1493),(2986,1,0.846,1,1493),(2987,0,-1,-0.692,1494),(2988,1,-1,-0.846,1494),(2989,0,-0.846,-0.385,1495),(2990,1,-0.692,-0.538,1495),(2991,0,-0.538,-0.077,1496),(2992,1,-0.385,-0.231,1496),(2993,0,-0.231,0.231,1497),(2994,1,-0.077,0.077,1497),(2995,0,0.077,0.538,1498),(2996,1,0.231,0.385,1498),(2997,0,0.385,0.846,1499),(2998,1,0.538,0.692,1499),(2999,0,0.692,1,1500),(3000,1,0.846,1,1500),(3001,0,0,0.222,1501),(3002,1,0,0.111,1501),(3003,0,0.111,0.444,1502),(3004,1,0.222,0.333,1502),(3005,0,0.333,0.667,1503),(3006,1,0.444,0.556,1503),(3007,0,0.556,0.889,1504),(3008,1,0.667,0.778,1504),(3009,0,0.778,1,1505),(3010,1,0.889,1,1505),(3011,0,0,0.286,1506),(3012,1,0,0.143,1506),(3013,0,0.143,0.571,1507),(3014,1,0.286,0.429,1507),(3015,0,0.429,0.857,1508),(3016,1,0.571,0.714,1508),(3017,0,0.714,1,1509),(3018,1,0.857,1,1509),(3019,0,0,0.4,1510),(3020,1,0,0.2,1510),(3021,0,0.2,0.8,1511),(3022,1,0.4,0.6,1511),(3023,0,0.6,1,1512),(3024,1,0.8,1,1512),(3025,0,0,0.125,1513),(3026,1,0,0.075,1513),(3027,0,0.075,0.6,1514),(3028,1,0.125,0.4,1514),(3029,0,0.4,1,1515),(3030,1,0.5,1,1515),(3031,0,0,0.4,1516),(3032,1,0,0.2,1516),(3033,0,0.2,0.8,1517),(3034,1,0.4,0.6,1517),(3035,0,0.6,1,1518),(3036,1,0.8,1,1518),(3037,0,0,0.083,1519),(3038,1,0,0.05,1519),(3039,0,0.05,0.8,1520),(3040,1,0.083,0.533,1520),(3041,0,0.6,1,1521),(3042,1,0.8,1,1521),(3043,0,0,0.083,1522),(3044,1,0,0.05,1522),(3045,0,0.05,0.8,1523),(3046,1,0.083,0.533,1523),(3047,0,0.533,1,1524),(3048,1,0.8,1,1524),(3049,0,0,0.4,1525),(3050,1,0,0.2,1525),(3051,0,0.2,0.8,1526),(3052,1,0.4,0.6,1526),(3053,0,0.6,1,1527),(3054,1,0.8,1,1527),(3055,0,0,0.4,1528),(3056,1,0,0.2,1528),(3057,0,0.2,0.8,1529),(3058,1,0.4,0.6,1529),(3059,0,0.6,1,1530),(3060,1,0.8,1,1530),(3061,0,0,0.667,1531),(3062,1,0,0.333,1531),(3063,0,0.333,1,1532),(3064,1,0.667,1,1532),(3065,0,0,0.4,1533),(3066,1,0,0.2,1533),(3067,0,0.2,0.8,1534),(3068,1,0.4,0.6,1534),(3069,0,0.6,1,1535),(3070,1,0.8,1,1535),(3071,0,0,0.286,1536),(3072,1,0,0.143,1536),(3073,0,0.143,0.571,1537),(3074,1,0.286,0.429,1537),(3075,0,0.429,0.857,1538),(3076,1,0.571,0.714,1538),(3077,0,0.714,1,1539),(3078,1,0.857,1,1539),(3079,0,-1,-0.692,1540),(3080,1,-1,-0.846,1540),(3081,0,-0.846,-0.385,1541),(3082,1,-0.692,-0.538,1541),(3083,0,-0.538,-0.077,1542),(3084,1,-0.385,-0.231,1542),(3085,0,-0.231,0.231,1543),(3086,1,-0.077,0.077,1543),(3087,0,0.077,0.538,1544),(3088,1,0.231,0.385,1544),(3089,0,0.385,0.846,1545),(3090,1,0.538,0.692,1545),(3091,0,0.692,1,1546),(3092,1,0.846,1,1546),(3093,0,-1,-0.692,1547),(3094,1,-1,-0.846,1547),(3095,0,-0.846,-0.385,1548),(3096,1,-0.692,-0.538,1548),(3097,0,-0.538,-0.077,1549),(3098,1,-0.385,-0.231,1549),(3099,0,-0.231,0.231,1550),(3100,1,-0.077,0.077,1550),(3101,0,0.077,0.538,1551),(3102,1,0.231,0.385,1551),(3103,0,0.385,0.846,1552),(3104,1,0.538,0.692,1552),(3105,0,0.692,1,1553),(3106,1,0.846,1,1553),(3107,0,-1,-0.692,1554),(3108,1,-1,-0.846,1554),(3109,0,-0.846,-0.385,1555),(3110,1,-0.692,-0.538,1555),(3111,0,-0.538,-0.077,1556),(3112,1,-0.385,-0.231,1556),(3113,0,-0.231,0.231,1557),(3114,1,-0.077,0.077,1557),(3115,0,0.077,0.538,1558),(3116,1,0.231,0.385,1558),(3117,0,0.385,0.846,1559),(3118,1,0.538,0.692,1559),(3119,0,0.692,1,1560),(3120,1,0.846,1,1560),(3121,0,0,0.222,1561),(3122,1,0,0.111,1561),(3123,0,0.111,0.444,1562),(3124,1,0.222,0.333,1562),(3125,0,0.333,0.667,1563),(3126,1,0.444,0.556,1563),(3127,0,0.556,0.889,1564),(3128,1,0.667,0.778,1564),(3129,0,0.778,1,1565),(3130,1,0.889,1,1565),(3131,0,0,0.286,1566),(3132,1,0,0.143,1566),(3133,0,0.143,0.571,1567),(3134,1,0.286,0.429,1567),(3135,0,0.429,0.857,1568),(3136,1,0.571,0.714,1568),(3137,0,0.714,1,1569),(3138,1,0.857,1,1569),(3139,0,0,0.4,1570),(3140,1,0,0.2,1570),(3141,0,0.2,0.8,1571),(3142,1,0.4,0.6,1571),(3143,0,0.6,1,1572),(3144,1,0.8,1,1572),(3145,0,0,0.125,1573),(3146,1,0,0.075,1573),(3147,0,0.075,0.6,1574),(3148,1,0.125,0.4,1574),(3149,0,0.4,1,1575),(3150,1,0.5,1,1575),(3151,0,0,0.4,1576),(3152,1,0,0.2,1576),(3153,0,0.2,0.8,1577),(3154,1,0.4,0.6,1577),(3155,0,0.6,1,1578),(3156,1,0.8,1,1578),(3157,0,0,0.083,1579),(3158,1,0,0.05,1579),(3159,0,0.05,0.8,1580),(3160,1,0.083,0.533,1580),(3161,0,0.6,1,1581),(3162,1,0.8,1,1581),(3163,0,0,0.083,1582),(3164,1,0,0.05,1582),(3165,0,0.05,0.8,1583),(3166,1,0.083,0.533,1583),(3167,0,0.533,1,1584),(3168,1,0.8,1,1584),(3169,0,0,0.4,1585),(3170,1,0,0.2,1585),(3171,0,0.2,0.8,1586),(3172,1,0.4,0.6,1586),(3173,0,0.6,1,1587),(3174,1,0.8,1,1587),(3175,0,0,0.4,1588),(3176,1,0,0.2,1588),(3177,0,0.2,0.8,1589),(3178,1,0.4,0.6,1589),(3179,0,0.6,1,1590),(3180,1,0.8,1,1590),(3181,0,0,0.667,1591),(3182,1,0,0.333,1591),(3183,0,0.333,1,1592),(3184,1,0.667,1,1592),(3185,0,0,0.4,1593),(3186,1,0,0.2,1593),(3187,0,0.2,0.8,1594),(3188,1,0.4,0.6,1594),(3189,0,0.6,1,1595),(3190,1,0.8,1,1595),(3191,0,0,0.286,1596),(3192,1,0,0.143,1596),(3193,0,0.143,0.571,1597),(3194,1,0.286,0.429,1597),(3195,0,0.429,0.857,1598),(3196,1,0.571,0.714,1598),(3197,0,0.714,1,1599),(3198,1,0.857,1,1599),(3199,0,-1,-0.692,1600),(3200,1,-1,-0.846,1600),(3201,0,-0.846,-0.385,1601),(3202,1,-0.692,-0.538,1601),(3203,0,-0.538,-0.077,1602),(3204,1,-0.385,-0.231,1602),(3205,0,-0.231,0.231,1603),(3206,1,-0.077,0.077,1603),(3207,0,0.077,0.538,1604),(3208,1,0.231,0.385,1604),(3209,0,0.385,0.846,1605),(3210,1,0.538,0.692,1605),(3211,0,0.692,1,1606),(3212,1,0.846,1,1606),(3213,0,-1,-0.692,1607),(3214,1,-1,-0.846,1607),(3215,0,-0.846,-0.385,1608),(3216,1,-0.692,-0.538,1608),(3217,0,-0.538,-0.077,1609),(3218,1,-0.385,-0.231,1609),(3219,0,-0.231,0.231,1610),(3220,1,-0.077,0.077,1610),(3221,0,0.077,0.538,1611),(3222,1,0.231,0.385,1611),(3223,0,0.385,0.846,1612),(3224,1,0.538,0.692,1612),(3225,0,0.692,1,1613),(3226,1,0.846,1,1613),(3227,0,-1,-0.692,1614),(3228,1,-1,-0.846,1614),(3229,0,-0.846,-0.385,1615),(3230,1,-0.692,-0.538,1615),(3231,0,-0.538,-0.077,1616),(3232,1,-0.385,-0.231,1616),(3233,0,-0.231,0.231,1617),(3234,1,-0.077,0.077,1617),(3235,0,0.077,0.538,1618),(3236,1,0.231,0.385,1618),(3237,0,0.385,0.846,1619),(3238,1,0.538,0.692,1619),(3239,0,0.692,1,1620),(3240,1,0.846,1,1620),(3241,0,0,0.222,1621),(3242,1,0,0.111,1621),(3243,0,0.111,0.444,1622),(3244,1,0.222,0.333,1622),(3245,0,0.333,0.667,1623),(3246,1,0.444,0.556,1623),(3247,0,0.556,0.889,1624),(3248,1,0.667,0.778,1624),(3249,0,0.778,1,1625),(3250,1,0.889,1,1625),(3251,0,0,0.286,1626),(3252,1,0,0.143,1626),(3253,0,0.143,0.571,1627),(3254,1,0.286,0.429,1627),(3255,0,0.429,0.857,1628),(3256,1,0.571,0.714,1628),(3257,0,0.714,1,1629),(3258,1,0.857,1,1629),(3259,0,0,0.4,1630),(3260,1,0,0.2,1630),(3261,0,0.2,0.8,1631),(3262,1,0.4,0.6,1631),(3263,0,0.6,1,1632),(3264,1,0.8,1,1632),(3265,0,0,0.125,1633),(3266,1,0,0.075,1633),(3267,0,0.075,0.6,1634),(3268,1,0.125,0.4,1634),(3269,0,0.4,1,1635),(3270,1,0.5,1,1635),(3271,0,0,0.4,1636),(3272,1,0,0.2,1636),(3273,0,0.2,0.8,1637),(3274,1,0.4,0.6,1637),(3275,0,0.6,1,1638),(3276,1,0.8,1,1638),(3277,0,0,0.083,1639),(3278,1,0,0.05,1639),(3279,0,0.05,0.8,1640),(3280,1,0.083,0.533,1640),(3281,0,0.6,1,1641),(3282,1,0.8,1,1641),(3283,0,0,0.083,1642),(3284,1,0,0.05,1642),(3285,0,0.05,0.8,1643),(3286,1,0.083,0.533,1643),(3287,0,0.533,1,1644),(3288,1,0.8,1,1644),(3289,0,0,0.4,1645),(3290,1,0,0.2,1645),(3291,0,0.2,0.8,1646),(3292,1,0.4,0.6,1646),(3293,0,0.6,1,1647),(3294,1,0.8,1,1647),(3295,0,0,0.4,1648),(3296,1,0,0.2,1648),(3297,0,0.2,0.8,1649),(3298,1,0.4,0.6,1649),(3299,0,0.6,1,1650),(3300,1,0.8,1,1650),(3301,0,0,0.667,1651),(3302,1,0,0.333,1651),(3303,0,0.333,1,1652),(3304,1,0.667,1,1652),(3305,0,0,0.4,1653),(3306,1,0,0.2,1653),(3307,0,0.2,0.8,1654),(3308,1,0.4,0.6,1654),(3309,0,0.6,1,1655),(3310,1,0.8,1,1655),(3311,0,0,0.286,1656),(3312,1,0,0.143,1656),(3313,0,0.143,0.571,1657),(3314,1,0.286,0.429,1657),(3315,0,0.429,0.857,1658),(3316,1,0.571,0.714,1658),(3317,0,0.714,1,1659),(3318,1,0.857,1,1659),(3319,0,-1,-0.692,1660),(3320,1,-1,-0.846,1660),(3321,0,-0.846,-0.385,1661),(3322,1,-0.692,-0.538,1661),(3323,0,-0.538,-0.077,1662),(3324,1,-0.385,-0.231,1662),(3325,0,-0.231,0.231,1663),(3326,1,-0.077,0.077,1663),(3327,0,0.077,0.538,1664),(3328,1,0.231,0.385,1664),(3329,0,0.385,0.846,1665),(3330,1,0.538,0.692,1665),(3331,0,0.692,1,1666),(3332,1,0.846,1,1666),(3333,0,-1,-0.692,1667),(3334,1,-1,-0.846,1667),(3335,0,-0.846,-0.385,1668),(3336,1,-0.692,-0.538,1668),(3337,0,-0.538,-0.077,1669),(3338,1,-0.385,-0.231,1669),(3339,0,-0.231,0.231,1670),(3340,1,-0.077,0.077,1670),(3341,0,0.077,0.538,1671),(3342,1,0.231,0.385,1671),(3343,0,0.385,0.846,1672),(3344,1,0.538,0.692,1672),(3345,0,0.692,1,1673),(3346,1,0.846,1,1673),(3347,0,-1,-0.692,1674),(3348,1,-1,-0.846,1674),(3349,0,-0.846,-0.385,1675),(3350,1,-0.692,-0.538,1675),(3351,0,-0.538,-0.077,1676),(3352,1,-0.385,-0.231,1676),(3353,0,-0.231,0.231,1677),(3354,1,-0.077,0.077,1677),(3355,0,0.077,0.538,1678),(3356,1,0.231,0.385,1678),(3357,0,0.385,0.846,1679),(3358,1,0.538,0.692,1679),(3359,0,0.692,1,1680),(3360,1,0.846,1,1680),(3361,0,0,0.222,1681),(3362,1,0,0.111,1681),(3363,0,0.111,0.444,1682),(3364,1,0.222,0.333,1682),(3365,0,0.333,0.667,1683),(3366,1,0.444,0.556,1683),(3367,0,0.556,0.889,1684),(3368,1,0.667,0.778,1684),(3369,0,0.778,1,1685),(3370,1,0.889,1,1685),(3371,0,0,0.286,1686),(3372,1,0,0.143,1686),(3373,0,0.143,0.571,1687),(3374,1,0.286,0.429,1687),(3375,0,0.429,0.857,1688),(3376,1,0.571,0.714,1688),(3377,0,0.714,1,1689),(3378,1,0.857,1,1689),(3379,0,0,0.4,1690),(3380,1,0,0.2,1690),(3381,0,0.2,0.8,1691),(3382,1,0.4,0.6,1691),(3383,0,0.6,1,1692),(3384,1,0.8,1,1692),(3385,0,0,0.125,1693),(3386,1,0,0.075,1693),(3387,0,0.075,0.6,1694),(3388,1,0.125,0.4,1694),(3389,0,0.4,1,1695),(3390,1,0.5,1,1695),(3391,0,0,0.4,1696),(3392,1,0,0.2,1696),(3393,0,0.2,0.8,1697),(3394,1,0.4,0.6,1697),(3395,0,0.6,1,1698),(3396,1,0.8,1,1698),(3397,0,0,0.083,1699),(3398,1,0,0.05,1699),(3399,0,0.05,0.8,1700),(3400,1,0.083,0.533,1700),(3401,0,0.6,1,1701),(3402,1,0.8,1,1701),(3403,0,0,0.083,1702),(3404,1,0,0.05,1702),(3405,0,0.05,0.8,1703),(3406,1,0.083,0.533,1703),(3407,0,0.533,1,1704),(3408,1,0.8,1,1704),(3409,0,0,0.4,1705),(3410,1,0,0.2,1705),(3411,0,0.2,0.8,1706),(3412,1,0.4,0.6,1706),(3413,0,0.6,1,1707),(3414,1,0.8,1,1707),(3415,0,0,0.4,1708),(3416,1,0,0.2,1708),(3417,0,0.2,0.8,1709),(3418,1,0.4,0.6,1709),(3419,0,0.6,1,1710),(3420,1,0.8,1,1710),(3421,0,0,0.667,1711),(3422,1,0,0.333,1711),(3423,0,0.333,1,1712),(3424,1,0.667,1,1712),(3425,0,0,0.4,1713),(3426,1,0,0.2,1713),(3427,0,0.2,0.8,1714),(3428,1,0.4,0.6,1714),(3429,0,0.6,1,1715),(3430,1,0.8,1,1715),(3431,0,0,0.286,1716),(3432,1,0,0.143,1716),(3433,0,0.143,0.571,1717),(3434,1,0.286,0.429,1717),(3435,0,0.429,0.857,1718),(3436,1,0.571,0.714,1718),(3437,0,0.714,1,1719),(3438,1,0.857,1,1719),(3439,0,-1,-0.692,1720),(3440,1,-1,-0.846,1720),(3441,0,-0.846,-0.385,1721),(3442,1,-0.692,-0.538,1721),(3443,0,-0.538,-0.077,1722),(3444,1,-0.385,-0.231,1722),(3445,0,-0.231,0.231,1723),(3446,1,-0.077,0.077,1723),(3447,0,0.077,0.538,1724),(3448,1,0.231,0.385,1724),(3449,0,0.385,0.846,1725),(3450,1,0.538,0.692,1725),(3451,0,0.692,1,1726),(3452,1,0.846,1,1726),(3453,0,-1,-0.692,1727),(3454,1,-1,-0.846,1727),(3455,0,-0.846,-0.385,1728),(3456,1,-0.692,-0.538,1728),(3457,0,-0.538,-0.077,1729),(3458,1,-0.385,-0.231,1729),(3459,0,-0.231,0.231,1730),(3460,1,-0.077,0.077,1730),(3461,0,0.077,0.538,1731),(3462,1,0.231,0.385,1731),(3463,0,0.385,0.846,1732),(3464,1,0.538,0.692,1732),(3465,0,0.692,1,1733),(3466,1,0.846,1,1733),(3467,0,-1,-0.692,1734),(3468,1,-1,-0.846,1734),(3469,0,-0.846,-0.385,1735),(3470,1,-0.692,-0.538,1735),(3471,0,-0.538,-0.077,1736),(3472,1,-0.385,-0.231,1736),(3473,0,-0.231,0.231,1737),(3474,1,-0.077,0.077,1737),(3475,0,0.077,0.538,1738),(3476,1,0.231,0.385,1738),(3477,0,0.385,0.846,1739),(3478,1,0.538,0.692,1739),(3479,0,0.692,1,1740),(3480,1,0.846,1,1740),(3481,0,0,0.222,1741),(3482,1,0,0.111,1741),(3483,0,0.111,0.444,1742),(3484,1,0.222,0.333,1742),(3485,0,0.333,0.667,1743),(3486,1,0.444,0.556,1743),(3487,0,0.556,0.889,1744),(3488,1,0.667,0.778,1744),(3489,0,0.778,1,1745),(3490,1,0.889,1,1745),(3491,0,0,0.286,1746),(3492,1,0,0.143,1746),(3493,0,0.143,0.571,1747),(3494,1,0.286,0.429,1747),(3495,0,0.429,0.857,1748),(3496,1,0.571,0.714,1748),(3497,0,0.714,1,1749),(3498,1,0.857,1,1749),(3499,0,0,0.4,1750),(3500,1,0,0.2,1750),(3501,0,0.2,0.8,1751),(3502,1,0.4,0.6,1751),(3503,0,0.6,1,1752),(3504,1,0.8,1,1752),(3505,0,0,0.125,1753),(3506,1,0,0.075,1753),(3507,0,0.075,0.6,1754),(3508,1,0.125,0.4,1754),(3509,0,0.4,1,1755),(3510,1,0.5,1,1755),(3511,0,0,0.4,1756),(3512,1,0,0.2,1756),(3513,0,0.2,0.8,1757),(3514,1,0.4,0.6,1757),(3515,0,0.6,1,1758),(3516,1,0.8,1,1758),(3517,0,0,0.083,1759),(3518,1,0,0.05,1759),(3519,0,0.05,0.8,1760),(3520,1,0.083,0.533,1760),(3521,0,0.6,1,1761),(3522,1,0.8,1,1761),(3523,0,0,0.083,1762),(3524,1,0,0.05,1762),(3525,0,0.05,0.8,1763),(3526,1,0.083,0.533,1763),(3527,0,0.533,1,1764),(3528,1,0.8,1,1764),(3529,0,0,0.4,1765),(3530,1,0,0.2,1765),(3531,0,0.2,0.8,1766),(3532,1,0.4,0.6,1766),(3533,0,0.6,1,1767),(3534,1,0.8,1,1767),(3535,0,0,0.4,1768),(3536,1,0,0.2,1768),(3537,0,0.2,0.8,1769),(3538,1,0.4,0.6,1769),(3539,0,0.6,1,1770),(3540,1,0.8,1,1770),(3541,0,0,0.667,1771),(3542,1,0,0.333,1771),(3543,0,0.333,1,1772),(3544,1,0.667,1,1772),(3545,0,0,0.4,1773),(3546,1,0,0.2,1773),(3547,0,0.2,0.8,1774),(3548,1,0.4,0.6,1774),(3549,0,0.6,1,1775),(3550,1,0.8,1,1775),(3551,0,0,0.286,1776),(3552,1,0,0.143,1776),(3553,0,0.143,0.571,1777),(3554,1,0.286,0.429,1777),(3555,0,0.429,0.857,1778),(3556,1,0.571,0.714,1778),(3557,0,0.714,1,1779),(3558,1,0.857,1,1779),(3559,0,-1,-0.692,1780),(3560,1,-1,-0.846,1780),(3561,0,-0.846,-0.385,1781),(3562,1,-0.692,-0.538,1781),(3563,0,-0.538,-0.077,1782),(3564,1,-0.385,-0.231,1782),(3565,0,-0.231,0.231,1783),(3566,1,-0.077,0.077,1783),(3567,0,0.077,0.538,1784),(3568,1,0.231,0.385,1784),(3569,0,0.385,0.846,1785),(3570,1,0.538,0.692,1785),(3571,0,0.692,1,1786),(3572,1,0.846,1,1786),(3573,0,-1,-0.692,1787),(3574,1,-1,-0.846,1787),(3575,0,-0.846,-0.385,1788),(3576,1,-0.692,-0.538,1788),(3577,0,-0.538,-0.077,1789),(3578,1,-0.385,-0.231,1789),(3579,0,-0.231,0.231,1790),(3580,1,-0.077,0.077,1790),(3581,0,0.077,0.538,1791),(3582,1,0.231,0.385,1791),(3583,0,0.385,0.846,1792),(3584,1,0.538,0.692,1792),(3585,0,0.692,1,1793),(3586,1,0.846,1,1793),(3587,0,-1,-0.692,1794),(3588,1,-1,-0.846,1794),(3589,0,-0.846,-0.385,1795),(3590,1,-0.692,-0.538,1795),(3591,0,-0.538,-0.077,1796),(3592,1,-0.385,-0.231,1796),(3593,0,-0.231,0.231,1797),(3594,1,-0.077,0.077,1797),(3595,0,0.077,0.538,1798),(3596,1,0.231,0.385,1798),(3597,0,0.385,0.846,1799),(3598,1,0.538,0.692,1799),(3599,0,0.692,1,1800),(3600,1,0.846,1,1800),(3601,0,0,0.222,1801),(3602,1,0,0.111,1801),(3603,0,0.111,0.444,1802),(3604,1,0.222,0.333,1802),(3605,0,0.333,0.667,1803),(3606,1,0.444,0.556,1803),(3607,0,0.556,0.889,1804),(3608,1,0.667,0.778,1804),(3609,0,0.778,1,1805),(3610,1,0.889,1,1805),(3611,0,0,0.286,1806),(3612,1,0,0.143,1806),(3613,0,0.143,0.571,1807),(3614,1,0.286,0.429,1807),(3615,0,0.429,0.857,1808),(3616,1,0.571,0.714,1808),(3617,0,0.714,1,1809),(3618,1,0.857,1,1809),(3619,0,0,0.4,1810),(3620,1,0,0.2,1810),(3621,0,0.2,0.8,1811),(3622,1,0.4,0.6,1811),(3623,0,0.6,1,1812),(3624,1,0.8,1,1812),(3625,0,0,0.125,1813),(3626,1,0,0.075,1813),(3627,0,0.075,0.6,1814),(3628,1,0.125,0.4,1814),(3629,0,0.4,1,1815),(3630,1,0.5,1,1815),(3631,0,0,0.4,1816),(3632,1,0,0.2,1816),(3633,0,0.2,0.8,1817),(3634,1,0.4,0.6,1817),(3635,0,0.6,1,1818),(3636,1,0.8,1,1818),(3637,0,0,0.083,1819),(3638,1,0,0.05,1819),(3639,0,0.05,0.8,1820),(3640,1,0.083,0.533,1820),(3641,0,0.6,1,1821),(3642,1,0.8,1,1821),(3643,0,0,0.083,1822),(3644,1,0,0.05,1822),(3645,0,0.05,0.8,1823),(3646,1,0.083,0.533,1823),(3647,0,0.533,1,1824),(3648,1,0.8,1,1824),(3649,0,0,0.4,1825),(3650,1,0,0.2,1825),(3651,0,0.2,0.8,1826),(3652,1,0.4,0.6,1826),(3653,0,0.6,1,1827),(3654,1,0.8,1,1827),(3655,0,0,0.4,1828),(3656,1,0,0.2,1828),(3657,0,0.2,0.8,1829),(3658,1,0.4,0.6,1829),(3659,0,0.6,1,1830),(3660,1,0.8,1,1830),(3661,0,0,0.667,1831),(3662,1,0,0.333,1831),(3663,0,0.333,1,1832),(3664,1,0.667,1,1832),(3665,0,0,0.4,1833),(3666,1,0,0.2,1833),(3667,0,0.2,0.8,1834),(3668,1,0.4,0.6,1834),(3669,0,0.6,1,1835),(3670,1,0.8,1,1835),(3671,0,0,0.286,1836),(3672,1,0,0.143,1836),(3673,0,0.143,0.571,1837),(3674,1,0.286,0.429,1837),(3675,0,0.429,0.857,1838),(3676,1,0.571,0.714,1838),(3677,0,0.714,1,1839),(3678,1,0.857,1,1839),(3679,0,-1,-0.692,1840),(3680,1,-1,-0.846,1840),(3681,0,-0.846,-0.385,1841),(3682,1,-0.692,-0.538,1841),(3683,0,-0.538,-0.077,1842),(3684,1,-0.385,-0.231,1842),(3685,0,-0.231,0.231,1843),(3686,1,-0.077,0.077,1843),(3687,0,0.077,0.538,1844),(3688,1,0.231,0.385,1844),(3689,0,0.385,0.846,1845),(3690,1,0.538,0.692,1845),(3691,0,0.692,1,1846),(3692,1,0.846,1,1846),(3693,0,-1,-0.692,1847),(3694,1,-1,-0.846,1847),(3695,0,-0.846,-0.385,1848),(3696,1,-0.692,-0.538,1848),(3697,0,-0.538,-0.077,1849),(3698,1,-0.385,-0.231,1849),(3699,0,-0.231,0.231,1850),(3700,1,-0.077,0.077,1850),(3701,0,0.077,0.538,1851),(3702,1,0.231,0.385,1851),(3703,0,0.385,0.846,1852),(3704,1,0.538,0.692,1852),(3705,0,0.692,1,1853),(3706,1,0.846,1,1853),(3707,0,-1,-0.692,1854),(3708,1,-1,-0.846,1854),(3709,0,-0.846,-0.385,1855),(3710,1,-0.692,-0.538,1855),(3711,0,-0.538,-0.077,1856),(3712,1,-0.385,-0.231,1856),(3713,0,-0.231,0.231,1857),(3714,1,-0.077,0.077,1857),(3715,0,0.077,0.538,1858),(3716,1,0.231,0.385,1858),(3717,0,0.385,0.846,1859),(3718,1,0.538,0.692,1859),(3719,0,0.692,1,1860),(3720,1,0.846,1,1860),(3721,0,-1,-0.692,1861),(3722,1,-1,-0.846,1861),(3723,0,-0.846,-0.385,1862),(3724,1,-0.692,-0.538,1862),(3725,0,-0.538,-0.077,1863),(3726,1,-0.385,-0.231,1863),(3727,0,-0.231,0.231,1864),(3728,1,-0.077,0.077,1864),(3729,0,0.077,0.538,1865),(3730,1,0.231,0.385,1865),(3731,0,0.385,0.846,1866),(3732,1,0.538,0.692,1866),(3733,0,0.692,1,1867),(3734,1,0.846,1,1867),(3735,0,-1,-0.692,1868),(3736,1,-1,-0.846,1868),(3737,0,-0.846,-0.385,1869),(3738,1,-0.692,-0.538,1869),(3739,0,-0.538,-0.077,1870),(3740,1,-0.385,-0.231,1870),(3741,0,-0.231,0.231,1871),(3742,1,-0.077,0.077,1871),(3743,0,0.077,0.538,1872),(3744,1,0.231,0.385,1872),(3745,0,0.385,0.846,1873),(3746,1,0.538,0.692,1873),(3747,0,0.692,1,1874),(3748,1,0.846,1,1874);
/*!40000 ALTER TABLE `cuts` ENABLE KEYS */;
UNLOCK TABLES;

--
-- Table structure for table `effect_propierties`
--

DROP TABLE IF EXISTS `effect_propierties`;
/*!40101 SET @saved_cs_client     = @@character_set_client */;
/*!40101 SET character_set_client = utf8 */;
CREATE TABLE `effect_propierties` (
  `id` int(11) NOT NULL AUTO_INCREMENT,
  `name` varchar(255) NOT NULL,
  `description` text,
  `nature` int(11) NOT NULL,
  `weight` float NOT NULL,
  `theta` float NOT NULL,
  `project_id` int(11) NOT NULL,
  PRIMARY KEY (`id`),
  KEY `project_id` (`project_id`),
  CONSTRAINT `effect_propierties_ibfk_1` FOREIGN KEY (`project_id`) REFERENCES `projects` (`id`) ON DELETE CASCADE
) ENGINE=InnoDB AUTO_INCREMENT=373 DEFAULT CHARSET=latin1;
/*!40101 SET character_set_client = @saved_cs_client */;

--
-- Dumping data for table `effect_propierties`
--

LOCK TABLES `effect_propierties` WRITE;
/*!40000 ALTER TABLE `effect_propierties` DISABLE KEYS */;
INSERT INTO `effect_propierties` VALUES (1,'Intensidad','Sin descripción',1,0.36,2,1),(2,'Extensión','Sin descripción',1,0.16,2,1),(3,'Extensión crítica','Sin descripción',1,0.08,2,1),(4,'Momento','Sin descripción',-1,0.04,2,1),(5,'Momento crítico','Sin descripción',1,0.04,2,1),(6,'Persistencia','Sin descripción',1,0.04,2,1),(7,'Reversibilidad','Sin descripción',1,0.04,2,1),(8,'Sinergía','Sin descripción',1,0.04,2,1),(9,'Acumulación','Sin descripción',1,0.04,2,1),(10,'Efecto','Sin descripción',1,0.04,2,1),(11,'Periodicidad','Sin descripción',1,0.04,2,1),(12,'Recuperabilidad','Sin descripción',1,0.08,2,1),(13,'Intensidad','Sin descripción',1,0.36,2,2),(14,'Extensión','Sin descripción',1,0.16,2,2),(15,'Extensión crítica','Sin descripción',1,0.08,2,2),(16,'Momento','Sin descripción',-1,0.04,2,2),(17,'Momento crítico','Sin descripción',1,0.04,2,2),(18,'Persistencia','Sin descripción',1,0.04,2,2),(19,'Reversibilidad','Sin descripción',1,0.04,2,2),(20,'Sinergía','Sin descripción',1,0.04,2,2),(21,'Acumulación','Sin descripción',1,0.04,2,2),(22,'Efecto','Sin descripción',1,0.04,2,2),(23,'Periodicidad','Sin descripción',1,0.04,2,2),(24,'Recuperabilidad','Sin descripción',1,0.08,2,2),(25,'Intensidad','Sin descripción',1,0.36,2,3),(26,'Extensión','Sin descripción',1,0.16,2,3),(27,'Extensión crítica','Sin descripción',1,0.08,2,3),(28,'Momento','Sin descripción',-1,0.04,2,3),(29,'Momento crítico','Sin descripción',1,0.04,2,3),(30,'Persistencia','Sin descripción',1,0.04,2,3),(31,'Reversibilidad','Sin descripción',1,0.04,2,3),(32,'Sinergía','Sin descripción',1,0.04,2,3),(33,'Acumulación','Sin descripción',1,0.04,2,3),(34,'Efecto','Sin descripción',1,0.04,2,3),(35,'Periodicidad','Sin descripción',1,0.04,2,3),(36,'Recuperabilidad','Sin descripción',1,0.08,2,3),(37,'Intensidad','Sin descripción',1,0.36,2,4),(38,'Extensión','Sin descripción',1,0.16,2,4),(39,'Extensión crítica','Sin descripción',1,0.08,2,4),(40,'Momento','Sin descripción',-1,0.04,2,4),(41,'Momento crítico','Sin descripción',1,0.04,2,4),(42,'Persistencia','Sin descripción',1,0.04,2,4),(43,'Reversibilidad','Sin descripción',1,0.04,2,4),(44,'Sinergía','Sin descripción',1,0.04,2,4),(45,'Acumulación','Sin descripción',1,0.04,2,4),(46,'Efecto','Sin descripción',1,0.04,2,4),(47,'Periodicidad','Sin descripción',1,0.04,2,4),(48,'Recuperabilidad','Sin descripción',1,0.08,2,4),(49,'Intensidad','Sin descripción',1,0.36,2,5),(50,'Extensión','Sin descripción',1,0.16,2,5),(51,'Extensión crítica','Sin descripción',1,0.08,2,5),(52,'Momento','Sin descripción',-1,0.04,2,5),(53,'Momento crítico','Sin descripción',1,0.04,2,5),(54,'Persistencia','Sin descripción',1,0.04,2,5),(55,'Reversibilidad','Sin descripción',1,0.04,2,5),(56,'Sinergía','Sin descripción',1,0.04,2,5),(57,'Acumulación','Sin descripción',1,0.04,2,5),(58,'Efecto','Sin descripción',1,0.04,2,5),(59,'Periodicidad','Sin descripción',1,0.04,2,5),(60,'Recuperabilidad','Sin descripción',1,0.08,2,5),(61,'Intensidad','Sin descripción',1,0.36,2,6),(62,'Extensión','Sin descripción',1,0.16,2,6),(63,'Extensión crítica','Sin descripción',1,0.08,2,6),(64,'Momento','Sin descripción',-1,0.04,2,6),(65,'Momento crítico','Sin descripción',1,0.04,2,6),(66,'Persistencia','Sin descripción',1,0.04,2,6),(67,'Reversibilidad','Sin descripción',1,0.04,2,6),(68,'Sinergía','Sin descripción',1,0.04,2,6),(69,'Acumulación','Sin descripción',1,0.04,2,6),(70,'Efecto','Sin descripción',1,0.04,2,6),(71,'Periodicidad','Sin descripción',1,0.04,2,6),(72,'Recuperabilidad','Sin descripción',1,0.08,2,6),(73,'Intensidad','Sin descripción',1,0.36,2,7),(74,'Extensión','Sin descripción',1,0.16,2,7),(75,'Extensión crítica','Sin descripción',1,0.08,2,7),(76,'Momento','Sin descripción',-1,0.04,2,7),(77,'Momento crítico','Sin descripción',1,0.04,2,7),(78,'Persistencia','Sin descripción',1,0.04,2,7),(79,'Reversibilidad','Sin descripción',1,0.04,2,7),(80,'Sinergía','Sin descripción',1,0.04,2,7),(81,'Acumulación','Sin descripción',1,0.04,2,7),(82,'Efecto','Sin descripción',1,0.04,2,7),(83,'Periodicidad','Sin descripción',1,0.04,2,7),(84,'Recuperabilidad','Sin descripción',1,0.08,2,7),(85,'Intensidad','Sin descripción',1,0.36,2,8),(86,'Extensión','Sin descripción',1,0.16,2,8),(87,'Extensión crítica','Sin descripción',1,0.08,2,8),(88,'Momento','Sin descripción',-1,0.04,2,8),(89,'Momento crítico','Sin descripción',1,0.04,2,8),(90,'Persistencia','Sin descripción',1,0.04,2,8),(91,'Reversibilidad','Sin descripción',1,0.04,2,8),(92,'Sinergía','Sin descripción',1,0.04,2,8),(93,'Acumulación','Sin descripción',1,0.04,2,8),(94,'Efecto','Sin descripción',1,0.04,2,8),(95,'Periodicidad','Sin descripción',1,0.04,2,8),(96,'Recuperabilidad','Sin descripción',1,0.08,2,8),(97,'Intensidad','Sin descripción',1,0.36,2,9),(98,'Extensión','Sin descripción',1,0.16,2,9),(99,'Extensión crítica','Sin descripción',1,0.08,2,9),(100,'Momento','Sin descripción',-1,0.04,2,9),(101,'Momento crítico','Sin descripción',1,0.04,2,9),(102,'Persistencia','Sin descripción',1,0.04,2,9),(103,'Reversibilidad','Sin descripción',1,0.04,2,9),(104,'Sinergía','Sin descripción',1,0.04,2,9),(105,'Acumulación','Sin descripción',1,0.04,2,9),(106,'Efecto','Sin descripción',1,0.04,2,9),(107,'Periodicidad','Sin descripción',1,0.04,2,9),(108,'Recuperabilidad','Sin descripción',1,0.08,2,9),(109,'Intensidad','Sin descripción',1,0.36,2,10),(110,'Extensión','Sin descripción',1,0.16,2,10),(111,'Extensión crítica','Sin descripción',1,0.08,2,10),(112,'Momento','Sin descripción',-1,0.04,2,10),(113,'Momento crítico','Sin descripción',1,0.04,2,10),(114,'Persistencia','Sin descripción',1,0.04,2,10),(115,'Reversibilidad','Sin descripción',1,0.04,2,10),(116,'Sinergía','Sin descripción',1,0.04,2,10),(117,'Acumulación','Sin descripción',1,0.04,2,10),(118,'Efecto','Sin descripción',1,0.04,2,10),(119,'Periodicidad','Sin descripción',1,0.04,2,10),(120,'Recuperabilidad','Sin descripción',1,0.08,2,10),(121,'Intensidad','Sin descripción',1,0.36,2,11),(122,'Extensión','Sin descripción',1,0.16,2,11),(123,'Extensión crítica','Sin descripción',1,0.08,2,11),(124,'Momento','Sin descripción',-1,0.04,2,11),(125,'Momento crítico','Sin descripción',1,0.04,2,11),(126,'Persistencia','Sin descripción',1,0.04,2,11),(127,'Reversibilidad','Sin descripción',1,0.04,2,11),(128,'Sinergía','Sin descripción',1,0.04,2,11),(129,'Acumulación','Sin descripción',1,0.04,2,11),(130,'Efecto','Sin descripción',1,0.04,2,11),(131,'Periodicidad','Sin descripción',1,0.04,2,11),(132,'Recuperabilidad','Sin descripción',1,0.08,2,11),(133,'Intensidad','Sin descripción',1,0.36,2,12),(134,'Extensión','Sin descripción',1,0.16,2,12),(135,'Extensión crítica','Sin descripción',1,0.08,2,12),(136,'Momento','Sin descripción',-1,0.04,2,12),(137,'Momento crítico','Sin descripción',1,0.04,2,12),(138,'Persistencia','Sin descripción',1,0.04,2,12),(139,'Reversibilidad','Sin descripción',1,0.04,2,12),(140,'Sinergía','Sin descripción',1,0.04,2,12),(141,'Acumulación','Sin descripción',1,0.04,2,12),(142,'Efecto','Sin descripción',1,0.04,2,12),(143,'Periodicidad','Sin descripción',1,0.04,2,12),(144,'Recuperabilidad','Sin descripción',1,0.08,2,12),(145,'Intensidad','Sin descripción',1,0.36,2,13),(146,'Extensión','Sin descripción',1,0.16,2,13),(147,'Extensión crítica','Sin descripción',1,0.08,2,13),(148,'Momento','Sin descripción',-1,0.04,2,13),(149,'Momento crítico','Sin descripción',1,0.04,2,13),(150,'Persistencia','Sin descripción',1,0.04,2,13),(151,'Reversibilidad','Sin descripción',1,0.04,2,13),(152,'Sinergía','Sin descripción',1,0.04,2,13),(153,'Acumulación','Sin descripción',1,0.04,2,13),(154,'Efecto','Sin descripción',1,0.04,2,13),(155,'Periodicidad','Sin descripción',1,0.04,2,13),(156,'Recuperabilidad','Sin descripción',1,0.08,2,13),(157,'Intensidad','Sin descripción',1,0.36,2,14),(158,'Extensión','Sin descripción',1,0.16,2,14),(159,'Extensión crítica','Sin descripción',1,0.08,2,14),(160,'Momento','Sin descripción',-1,0.04,2,14),(161,'Momento crítico','Sin descripción',1,0.04,2,14),(162,'Persistencia','Sin descripción',1,0.04,2,14),(163,'Reversibilidad','Sin descripción',1,0.04,2,14),(164,'Sinergía','Sin descripción',1,0.04,2,14),(165,'Acumulación','Sin descripción',1,0.04,2,14),(166,'Efecto','Sin descripción',1,0.04,2,14),(167,'Periodicidad','Sin descripción',1,0.04,2,14),(168,'Recuperabilidad','Sin descripción',1,0.08,2,14),(169,'Intensidad','Sin descripción',1,0.36,2,15),(170,'Extensión','Sin descripción',1,0.16,2,15),(171,'Extensión crítica','Sin descripción',1,0.08,2,15),(172,'Momento','Sin descripción',-1,0.04,2,15),(173,'Momento crítico','Sin descripción',1,0.04,2,15),(174,'Persistencia','Sin descripción',1,0.04,2,15),(175,'Reversibilidad','Sin descripción',1,0.04,2,15),(176,'Sinergía','Sin descripción',1,0.04,2,15),(177,'Acumulación','Sin descripción',1,0.04,2,15),(178,'Efecto','Sin descripción',1,0.04,2,15),(179,'Periodicidad','Sin descripción',1,0.04,2,15),(180,'Recuperabilidad','Sin descripción',1,0.08,2,15),(181,'Intensidad','Sin descripción',1,0.36,2,16),(182,'Extensión','Sin descripción',1,0.16,2,16),(183,'Extensión crítica','Sin descripción',1,0.08,2,16),(184,'Momento','Sin descripción',-1,0.04,2,16),(185,'Momento crítico','Sin descripción',1,0.04,2,16),(186,'Persistencia','Sin descripción',1,0.04,2,16),(187,'Reversibilidad','Sin descripción',1,0.04,2,16),(188,'Sinergía','Sin descripción',1,0.04,2,16),(189,'Acumulación','Sin descripción',1,0.04,2,16),(190,'Efecto','Sin descripción',1,0.04,2,16),(191,'Periodicidad','Sin descripción',1,0.04,2,16),(192,'Recuperabilidad','Sin descripción',1,0.08,2,16),(193,'Intensidad','Sin descripción',1,0.36,2,17),(194,'Extensión','Sin descripción',1,0.16,2,17),(195,'Extensión crítica','Sin descripción',1,0.08,2,17),(196,'Momento','Sin descripción',-1,0.04,2,17),(197,'Momento crítico','Sin descripción',1,0.04,2,17),(198,'Persistencia','Sin descripción',1,0.04,2,17),(199,'Reversibilidad','Sin descripción',1,0.04,2,17),(200,'Sinergía','Sin descripción',1,0.04,2,17),(201,'Acumulación','Sin descripción',1,0.04,2,17),(202,'Efecto','Sin descripción',1,0.04,2,17),(203,'Periodicidad','Sin descripción',1,0.04,2,17),(204,'Recuperabilidad','Sin descripción',1,0.08,2,17),(205,'Intensidad','Sin descripción',1,0.36,2,18),(206,'Extensión','Sin descripción',1,0.16,2,18),(207,'Extensión crítica','Sin descripción',1,0.08,2,18),(208,'Momento','Sin descripción',-1,0.04,2,18),(209,'Momento crítico','Sin descripción',1,0.04,2,18),(210,'Persistencia','Sin descripción',1,0.04,2,18),(211,'Reversibilidad','Sin descripción',1,0.04,2,18),(212,'Sinergía','Sin descripción',1,0.04,2,18),(213,'Acumulación','Sin descripción',1,0.04,2,18),(214,'Efecto','Sin descripción',1,0.04,2,18),(215,'Periodicidad','Sin descripción',1,0.04,2,18),(216,'Recuperabilidad','Sin descripción',1,0.08,2,18),(217,'Intensidad','Sin descripción',1,0.36,2,19),(218,'Extensión','Sin descripción',1,0.16,2,19),(219,'Extensión crítica','Sin descripción',1,0.08,2,19),(220,'Momento','Sin descripción',-1,0.04,2,19),(221,'Momento crítico','Sin descripción',1,0.04,2,19),(222,'Persistencia','Sin descripción',1,0.04,2,19),(223,'Reversibilidad','Sin descripción',1,0.04,2,19),(224,'Sinergía','Sin descripción',1,0.04,2,19),(225,'Acumulación','Sin descripción',1,0.04,2,19),(226,'Efecto','Sin descripción',1,0.04,2,19),(227,'Periodicidad','Sin descripción',1,0.04,2,19),(228,'Recuperabilidad','Sin descripción',1,0.08,2,19),(229,'Intensidad','Sin descripción',1,0.36,2,20),(230,'Extensión','Sin descripción',1,0.16,2,20),(231,'Extensión crítica','Sin descripción',1,0.08,2,20),(232,'Momento','Sin descripción',-1,0.04,2,20),(233,'Momento crítico','Sin descripción',1,0.04,2,20),(234,'Persistencia','Sin descripción',1,0.04,2,20),(235,'Reversibilidad','Sin descripción',1,0.04,2,20),(236,'Sinergía','Sin descripción',1,0.04,2,20),(237,'Acumulación','Sin descripción',1,0.04,2,20),(238,'Efecto','Sin descripción',1,0.04,2,20),(239,'Periodicidad','Sin descripción',1,0.04,2,20),(240,'Recuperabilidad','Sin descripción',1,0.08,2,20),(241,'Intensidad','Sin descripción',1,0.36,2,21),(242,'Extensión','Sin descripción',1,0.16,2,21),(243,'Extensión crítica','Sin descripción',1,0.08,2,21),(244,'Momento','Sin descripción',-1,0.04,2,21),(245,'Momento crítico','Sin descripción',1,0.04,2,21),(246,'Persistencia','Sin descripción',1,0.04,2,21),(247,'Reversibilidad','Sin descripción',1,0.04,2,21),(248,'Sinergía','Sin descripción',1,0.04,2,21),(249,'Acumulación','Sin descripción',1,0.04,2,21),(250,'Efecto','Sin descripción',1,0.04,2,21),(251,'Periodicidad','Sin descripción',1,0.04,2,21),(252,'Recuperabilidad','Sin descripción',1,0.08,2,21),(253,'Intensidad','Sin descripción',1,0.36,2,22),(254,'Extensión','Sin descripción',1,0.16,2,22),(255,'Extensión crítica','Sin descripción',1,0.08,2,22),(256,'Momento','Sin descripción',-1,0.04,2,22),(257,'Momento crítico','Sin descripción',1,0.04,2,22),(258,'Persistencia','Sin descripción',1,0.04,2,22),(259,'Reversibilidad','Sin descripción',1,0.04,2,22),(260,'Sinergía','Sin descripción',1,0.04,2,22),(261,'Acumulación','Sin descripción',1,0.04,2,22),(262,'Efecto','Sin descripción',1,0.04,2,22),(263,'Periodicidad','Sin descripción',1,0.04,2,22),(264,'Recuperabilidad','Sin descripción',1,0.08,2,22),(265,'Intensidad','Sin descripción',1,0.36,2,23),(266,'Extensión','Sin descripción',1,0.16,2,23),(267,'Extensión crítica','Sin descripción',1,0.08,2,23),(268,'Momento','Sin descripción',-1,0.04,2,23),(269,'Momento crítico','Sin descripción',1,0.04,2,23),(270,'Persistencia','Sin descripción',1,0.04,2,23),(271,'Reversibilidad','Sin descripción',1,0.04,2,23),(272,'Sinergía','Sin descripción',1,0.04,2,23),(273,'Acumulación','Sin descripción',1,0.04,2,23),(274,'Efecto','Sin descripción',1,0.04,2,23),(275,'Periodicidad','Sin descripción',1,0.04,2,23),(276,'Recuperabilidad','Sin descripción',1,0.08,2,23),(277,'Intensidad','Sin descripción',1,0.36,2,24),(278,'Extensión','Sin descripción',1,0.16,2,24),(279,'Extensión crítica','Sin descripción',1,0.08,2,24),(280,'Momento','Sin descripción',-1,0.04,2,24),(281,'Momento crítico','Sin descripción',1,0.04,2,24),(282,'Persistencia','Sin descripción',1,0.04,2,24),(283,'Reversibilidad','Sin descripción',1,0.04,2,24),(284,'Sinergía','Sin descripción',1,0.04,2,24),(285,'Acumulación','Sin descripción',1,0.04,2,24),(286,'Efecto','Sin descripción',1,0.04,2,24),(287,'Periodicidad','Sin descripción',1,0.04,2,24),(288,'Recuperabilidad','Sin descripción',1,0.08,2,24),(289,'Intensidad','Sin descripción',1,0.36,2,25),(290,'Extensión','Sin descripción',1,0.16,2,25),(291,'Extensión crítica','Sin descripción',1,0.08,2,25),(292,'Momento','Sin descripción',-1,0.04,2,25),(293,'Momento crítico','Sin descripción',1,0.04,2,25),(294,'Persistencia','Sin descripción',1,0.04,2,25),(295,'Reversibilidad','Sin descripción',1,0.04,2,25),(296,'Sinergía','Sin descripción',1,0.04,2,25),(297,'Acumulación','Sin descripción',1,0.04,2,25),(298,'Efecto','Sin descripción',1,0.04,2,25),(299,'Periodicidad','Sin descripción',1,0.04,2,25),(300,'Recuperabilidad','Sin descripción',1,0.08,2,25),(301,'Intensidad','Sin descripción',1,0.36,2,26),(302,'Extensión','Sin descripción',1,0.16,2,26),(303,'Extensión crítica','Sin descripción',1,0.08,2,26),(304,'Momento','Sin descripción',-1,0.04,2,26),(305,'Momento crítico','Sin descripción',1,0.04,2,26),(306,'Persistencia','Sin descripción',1,0.04,2,26),(307,'Reversibilidad','Sin descripción',1,0.04,2,26),(308,'Sinergía','Sin descripción',1,0.04,2,26),(309,'Acumulación','Sin descripción',1,0.04,2,26),(310,'Efecto','Sin descripción',1,0.04,2,26),(311,'Periodicidad','Sin descripción',1,0.04,2,26),(312,'Recuperabilidad','Sin descripción',1,0.08,2,26),(313,'Intensidad','Sin descripción',1,0.36,2,27),(314,'Extensión','Sin descripción',1,0.16,2,27),(315,'Extensión crítica','Sin descripción',1,0.08,2,27),(316,'Momento','Sin descripción',-1,0.04,2,27),(317,'Momento crítico','Sin descripción',1,0.04,2,27),(318,'Persistencia','Sin descripción',1,0.04,2,27),(319,'Reversibilidad','Sin descripción',1,0.04,2,27),(320,'Sinergía','Sin descripción',1,0.04,2,27),(321,'Acumulación','Sin descripción',1,0.04,2,27),(322,'Efecto','Sin descripción',1,0.04,2,27),(323,'Periodicidad','Sin descripción',1,0.04,2,27),(324,'Recuperabilidad','Sin descripción',1,0.08,2,27),(325,'Intensidad','Sin descripción',1,0.36,2,28),(326,'Extensión','Sin descripción',1,0.16,2,28),(327,'Extensión crítica','Sin descripción',1,0.08,2,28),(328,'Momento','Sin descripción',-1,0.04,2,28),(329,'Momento crítico','Sin descripción',1,0.04,2,28),(330,'Persistencia','Sin descripción',1,0.04,2,28),(331,'Reversibilidad','Sin descripción',1,0.04,2,28),(332,'Sinergía','Sin descripción',1,0.04,2,28),(333,'Acumulación','Sin descripción',1,0.04,2,28),(334,'Efecto','Sin descripción',1,0.04,2,28),(335,'Periodicidad','Sin descripción',1,0.04,2,28),(336,'Recuperabilidad','Sin descripción',1,0.08,2,28),(337,'Intensidad','Sin descripción',1,0.36,2,29),(338,'Extensión','Sin descripción',1,0.16,2,29),(339,'Extensión crítica','Sin descripción',1,0.08,2,29),(340,'Momento','Sin descripción',-1,0.04,2,29),(341,'Momento crítico','Sin descripción',1,0.04,2,29),(342,'Persistencia','Sin descripción',1,0.04,2,29),(343,'Reversibilidad','Sin descripción',1,0.04,2,29),(344,'Sinergía','Sin descripción',1,0.04,2,29),(345,'Acumulación','Sin descripción',1,0.04,2,29),(346,'Efecto','Sin descripción',1,0.04,2,29),(347,'Periodicidad','Sin descripción',1,0.04,2,29),(348,'Recuperabilidad','Sin descripción',1,0.08,2,29),(349,'Intensidad','Sin descripción',1,0.36,2,30),(350,'Extensión','Sin descripción',1,0.16,2,30),(351,'Extensión crítica','Sin descripción',1,0.08,2,30),(352,'Momento','Sin descripción',-1,0.04,2,30),(353,'Momento crítico','Sin descripción',1,0.04,2,30),(354,'Persistencia','Sin descripción',1,0.04,2,30),(355,'Reversibilidad','Sin descripción',1,0.04,2,30),(356,'Sinergía','Sin descripción',1,0.04,2,30),(357,'Acumulación','Sin descripción',1,0.04,2,30),(358,'Efecto','Sin descripción',1,0.04,2,30),(359,'Periodicidad','Sin descripción',1,0.04,2,30),(360,'Recuperabilidad','Sin descripción',1,0.08,2,30),(361,'Intensidad','Sin descripción',1,0.36,2,31),(362,'Extensión','Sin descripción',1,0.16,2,31),(363,'Extensión crítica','Sin descripción',1,0.08,2,31),(364,'Momento','Sin descripción',-1,0.04,2,31),(365,'Momento crítico','Sin descripción',1,0.04,2,31),(366,'Persistencia','Sin descripción',1,0.04,2,31),(367,'Reversibilidad','Sin descripción',1,0.04,2,31),(368,'Sinergía','Sin descripción',1,0.04,2,31),(369,'Acumulación','Sin descripción',1,0.04,2,31),(370,'Efecto','Sin descripción',1,0.04,2,31),(371,'Periodicidad','Sin descripción',1,0.04,2,31),(372,'Recuperabilidad','Sin descripción',1,0.08,2,31);
/*!40000 ALTER TABLE `effect_propierties` ENABLE KEYS */;
UNLOCK TABLES;

--
-- Table structure for table `effects`
--

DROP TABLE IF EXISTS `effects`;
/*!40101 SET @saved_cs_client     = @@character_set_client */;
/*!40101 SET character_set_client = utf8 */;
CREATE TABLE `effects` (
  `id` int(11) NOT NULL AUTO_INCREMENT,
  `name` varchar(255) NOT NULL,
  `description` text,
  `nature` tinyint(4) DEFAULT NULL,
  `project_id` int(11) NOT NULL,
  `action_id` int(11) NOT NULL,
  `factor_id` int(11) DEFAULT NULL,
  PRIMARY KEY (`id`),
  KEY `project_id` (`project_id`),
  KEY `action_id` (`action_id`),
  KEY `factor_id` (`factor_id`),
  CONSTRAINT `effects_ibfk_1` FOREIGN KEY (`project_id`) REFERENCES `projects` (`id`) ON DELETE CASCADE ON UPDATE CASCADE,
  CONSTRAINT `effects_ibfk_2` FOREIGN KEY (`action_id`) REFERENCES `actions` (`id`) ON DELETE CASCADE ON UPDATE CASCADE,
  CONSTRAINT `effects_ibfk_3` FOREIGN KEY (`factor_id`) REFERENCES `factors` (`id`) ON DELETE CASCADE ON UPDATE CASCADE
) ENGINE=InnoDB AUTO_INCREMENT=17 DEFAULT CHARSET=latin1;
/*!40101 SET character_set_client = @saved_cs_client */;

--
-- Dumping data for table `effects`
--

LOCK TABLES `effects` WRITE;
/*!40000 ALTER TABLE `effects` DISABLE KEYS */;
INSERT INTO `effects` VALUES (1,'F 1.1.1.-A 1.2.2.','Sin descripción',-1,31,1390,1354),(2,'F 1.1.1.-A 2.1.1.','Sin descripción',-1,31,1393,1354),(3,'F 1.1.1.-A 2.1.2.','Sin descripción',-1,31,1394,1354),(4,'F 1.1.2.-A 1.1.1.','Sin descripción',-1,31,1384,1355),(5,'F 1.1.3.-A 1.2.1.','Sin descripción',1,31,1389,1356),(6,'F 1.1.4.-A 1.1.1.','Sin descripción',1,31,1384,1357),(7,'F 1.2.1.-A 1.2.1.','Sin descripción',-1,31,1389,1359),(8,'F 1.2.2.-A 1.1.2.','Sin descripción',-1,31,1385,1360),(9,'F 1.2.2.-A 1.1.4.','Sin descripción',-1,31,1387,1360),(10,'F 2.1.1.-A 2.1.3.','Sin descripción',-1,31,1395,1363),(11,'F 2.1.2.-A 2.1.4.','Sin descripción',-1,31,1396,1364),(12,'F 2.1.3.-A 2.2.1.','Sin descripción',-1,31,1398,1365),(13,'F 2.1.4.-A 2.2.2.','Sin descripción',-1,31,1399,1366),(14,'F 2.2.1.-A 1.1.3.','Sin descripción',-1,31,1386,1368),(15,'F 2.2.1.-A 2.1.1.','Sin descripción',-1,31,1393,1368),(16,'F 2.2.2.-A 1.1.2.','Sin descripción',-1,31,1385,1369);
/*!40000 ALTER TABLE `effects` ENABLE KEYS */;
UNLOCK TABLES;

--
-- Table structure for table `factors`
--

DROP TABLE IF EXISTS `factors`;
/*!40101 SET @saved_cs_client     = @@character_set_client */;
/*!40101 SET character_set_client = utf8 */;
CREATE TABLE `factors` (
  `id` int(11) NOT NULL AUTO_INCREMENT,
  `name` varchar(255) NOT NULL,
  `description` text,
  `level` int(11) NOT NULL,
  `weight` float NOT NULL,
  `family_weight` float NOT NULL,
  `project_id` int(11) NOT NULL,
  `factor_id` int(11) DEFAULT NULL,
  PRIMARY KEY (`id`),
  KEY `project_id` (`project_id`),
  KEY `factor_id` (`factor_id`),
  CONSTRAINT `factors_ibfk_1` FOREIGN KEY (`project_id`) REFERENCES `projects` (`id`) ON DELETE CASCADE ON UPDATE CASCADE,
  CONSTRAINT `factors_ibfk_2` FOREIGN KEY (`factor_id`) REFERENCES `factors` (`id`) ON DELETE CASCADE ON UPDATE CASCADE
) ENGINE=InnoDB AUTO_INCREMENT=1371 DEFAULT CHARSET=latin1;
/*!40101 SET character_set_client = @saved_cs_client */;

--
-- Dumping data for table `factors`
--

LOCK TABLES `factors` WRITE;
/*!40000 ALTER TABLE `factors` DISABLE KEYS */;
INSERT INTO `factors` VALUES (1,'Entorno','No description',0,1,0,1,NULL),(2,'Fisico','No description',1,0.30859,0.308589,1,1),(3,'Geoforma','No description',2,0.0318134,0.103093,1,2),(4,'Morfología','No description',3,0.0159067,0.5,1,3),(5,'Morfodinámica','No description',3,0.0159067,0.5,1,3),(6,'Paisaje','No description',2,0.0318134,0.103093,1,2),(7,'Estetica caracteristica','No description',3,0.0318134,1,1,6),(8,'Suelo','No description',2,0.09544,0.309278,1,2),(9,'Uso del suelo','No description',3,0.04772,0.5,1,8),(10,'Calidad','No description',3,0.04772,0.5,1,8),(11,'Agua','No description',2,0.085896,0.27835,1,2),(12,'Volumen de agua','No description',3,0.019088,0.222222,1,11),(13,'Calidad físico-química','No description',3,0.00954401,0.111111,1,11),(14,'Calidad bacteriologica','No description',3,0.019088,0.222222,1,11),(15,'Aguas subterraneas','No description',3,0.019088,0.222222,1,11),(16,'Nivel freatico','No description',3,0.019088,0.222222,1,11),(17,'Atmosfera','No description',2,0.0636267,0.206186,1,2),(18,'Calidad del aire','No description',3,0.0254507,0.4,1,17),(19,'Clima y microclimas','No description',3,0.019088,0.3,1,17),(20,'Ruido','No description',3,0.019088,0.3,1,17),(21,'Biotico','No description',1,0.424179,0.424179,1,1),(22,'Flora','No description',2,0.21209,0.500001,1,21),(23,'Cobertura vegetal','No description',3,0.106045,0.5,1,22),(24,'Diversidad vegetal','No description',3,0.106045,0.5,1,22),(25,'Fauna','No description',2,0.212089,0.499999,1,21),(26,'Diversidad fauna','No description',3,0.0530223,0.25,1,25),(27,'Fuentes de alimentación','No description',3,0.0530223,0.25,1,25),(28,'Habitad','No description',3,0.0530223,0.25,1,25),(29,'Población','No description',3,0.0530223,0.25,1,25),(30,'Social','No description',1,0.267232,0.267232,1,1),(31,'Comunidad','No description',2,0.076352,0.285714,1,30),(32,'Valores ciuadadanos','No description',3,0.0127253,0.166667,1,31),(33,'Participacion ciudadana','No description',3,0.0254507,0.333333,1,31),(34,'Demanda de bienestar social','No description',3,0.038176,0.5,1,31),(35,'Infraestructura','No description',2,0.0636268,0.238096,1,30),(36,'Trasporte','No description',3,0.0318134,0.5,1,35),(37,'Servicios públicos','No description',3,0.0318134,0.5,1,35),(38,'Cultura','No description',2,0.0636267,0.238095,1,30),(39,'Valores y prácticas culturales','No description',3,0.019088,0.3,1,38),(40,'Uso y manejo del entorno','No description',3,0.0254507,0.4,1,38),(41,'Arqueología','No description',3,0.019088,0.3,1,38),(42,'Economia','No description',2,0.0636267,0.238095,1,30),(43,'Estructura de la propiedad','No description',3,0.0254507,0.4,1,42),(44,'Procesos productivos y tecnologicos','No description',3,0.019088,0.3,1,42),(45,'Mercado laboral','No description',3,0.019088,0.3,1,42),(46,'Entorno','No description',0,1,0,2,NULL),(47,'Fisico','No description',1,0.30859,0.308589,2,46),(48,'Geoforma','No description',2,0.0318134,0.103093,2,47),(49,'Morfología','No description',3,0.0159067,0.5,2,48),(50,'Morfodinámica','No description',3,0.0159067,0.5,2,48),(51,'Paisaje','No description',2,0.0318134,0.103093,2,47),(52,'Estetica caracteristica','No description',3,0.0318134,1,2,51),(53,'Suelo','No description',2,0.09544,0.309278,2,47),(54,'Uso del suelo','No description',3,0.04772,0.5,2,53),(55,'Calidad','No description',3,0.04772,0.5,2,53),(56,'Agua','No description',2,0.085896,0.27835,2,47),(57,'Volumen de agua','No description',3,0.019088,0.222222,2,56),(58,'Calidad físico-química','No description',3,0.00954401,0.111111,2,56),(59,'Calidad bacteriologica','No description',3,0.019088,0.222222,2,56),(60,'Aguas subterraneas','No description',3,0.019088,0.222222,2,56),(61,'Nivel freatico','No description',3,0.019088,0.222222,2,56),(62,'Atmosfera','No description',2,0.0636267,0.206186,2,47),(63,'Calidad del aire','No description',3,0.0254507,0.4,2,62),(64,'Clima y microclimas','No description',3,0.019088,0.3,2,62),(65,'Ruido','No description',3,0.019088,0.3,2,62),(66,'Biotico','No description',1,0.424179,0.424179,2,46),(67,'Flora','No description',2,0.21209,0.500001,2,66),(68,'Cobertura vegetal','No description',3,0.106045,0.5,2,67),(69,'Diversidad vegetal','No description',3,0.106045,0.5,2,67),(70,'Fauna','No description',2,0.212089,0.499999,2,66),(71,'Diversidad fauna','No description',3,0.0530223,0.25,2,70),(72,'Fuentes de alimentación','No description',3,0.0530223,0.25,2,70),(73,'Habitad','No description',3,0.0530223,0.25,2,70),(74,'Población','No description',3,0.0530223,0.25,2,70),(75,'Social','No description',1,0.267232,0.267232,2,46),(76,'Comunidad','No description',2,0.076352,0.285714,2,75),(77,'Valores ciuadadanos','No description',3,0.0127253,0.166667,2,76),(78,'Participacion ciudadana','No description',3,0.0254507,0.333333,2,76),(79,'Demanda de bienestar social','No description',3,0.038176,0.5,2,76),(80,'Infraestructura','No description',2,0.0636268,0.238096,2,75),(81,'Trasporte','No description',3,0.0318134,0.5,2,80),(82,'Servicios públicos','No description',3,0.0318134,0.5,2,80),(83,'Cultura','No description',2,0.0636267,0.238095,2,75),(84,'Valores y prácticas culturales','No description',3,0.019088,0.3,2,83),(85,'Uso y manejo del entorno','No description',3,0.0254507,0.4,2,83),(86,'Arqueología','No description',3,0.019088,0.3,2,83),(87,'Economia','No description',2,0.0636267,0.238095,2,75),(88,'Estructura de la propiedad','No description',3,0.0254507,0.4,2,87),(89,'Procesos productivos y tecnologicos','No description',3,0.019088,0.3,2,87),(90,'Mercado laboral','No description',3,0.019088,0.3,2,87),(91,'Entorno','No description',0,1,0,3,NULL),(92,'Fisico','No description',1,0.30859,0.308589,3,91),(93,'Geoforma','No description',2,0.0318134,0.103093,3,92),(94,'Morfología','No description',3,0.0159067,0.5,3,93),(95,'Morfodinámica','No description',3,0.0159067,0.5,3,93),(96,'Paisaje','No description',2,0.0318134,0.103093,3,92),(97,'Estetica caracteristica','No description',3,0.0318134,1,3,96),(98,'Suelo','No description',2,0.09544,0.309278,3,92),(99,'Uso del suelo','No description',3,0.04772,0.5,3,98),(100,'Calidad','No description',3,0.04772,0.5,3,98),(101,'Agua','No description',2,0.085896,0.27835,3,92),(102,'Volumen de agua','No description',3,0.019088,0.222222,3,101),(103,'Calidad físico-química','No description',3,0.00954401,0.111111,3,101),(104,'Calidad bacteriologica','No description',3,0.019088,0.222222,3,101),(105,'Aguas subterraneas','No description',3,0.019088,0.222222,3,101),(106,'Nivel freatico','No description',3,0.019088,0.222222,3,101),(107,'Atmosfera','No description',2,0.0636267,0.206186,3,92),(108,'Calidad del aire','No description',3,0.0254507,0.4,3,107),(109,'Clima y microclimas','No description',3,0.019088,0.3,3,107),(110,'Ruido','No description',3,0.019088,0.3,3,107),(111,'Biotico','No description',1,0.424179,0.424179,3,91),(112,'Flora','No description',2,0.21209,0.500001,3,111),(113,'Cobertura vegetal','No description',3,0.106045,0.5,3,112),(114,'Diversidad vegetal','No description',3,0.106045,0.5,3,112),(115,'Fauna','No description',2,0.212089,0.499999,3,111),(116,'Diversidad fauna','No description',3,0.0530223,0.25,3,115),(117,'Fuentes de alimentación','No description',3,0.0530223,0.25,3,115),(118,'Habitad','No description',3,0.0530223,0.25,3,115),(119,'Población','No description',3,0.0530223,0.25,3,115),(120,'Social','No description',1,0.267232,0.267232,3,91),(121,'Comunidad','No description',2,0.076352,0.285714,3,120),(122,'Valores ciuadadanos','No description',3,0.0127253,0.166667,3,121),(123,'Participacion ciudadana','No description',3,0.0254507,0.333333,3,121),(124,'Demanda de bienestar social','No description',3,0.038176,0.5,3,121),(125,'Infraestructura','No description',2,0.0636268,0.238096,3,120),(126,'Trasporte','No description',3,0.0318134,0.5,3,125),(127,'Servicios públicos','No description',3,0.0318134,0.5,3,125),(128,'Cultura','No description',2,0.0636267,0.238095,3,120),(129,'Valores y prácticas culturales','No description',3,0.019088,0.3,3,128),(130,'Uso y manejo del entorno','No description',3,0.0254507,0.4,3,128),(131,'Arqueología','No description',3,0.019088,0.3,3,128),(132,'Economia','No description',2,0.0636267,0.238095,3,120),(133,'Estructura de la propiedad','No description',3,0.0254507,0.4,3,132),(134,'Procesos productivos y tecnologicos','No description',3,0.019088,0.3,3,132),(135,'Mercado laboral','No description',3,0.019088,0.3,3,132),(136,'Entorno','No description',0,1,0,4,NULL),(137,'Fisico','No description',1,0.30859,0.308589,4,136),(138,'Geoforma','No description',2,0.0318134,0.103093,4,137),(139,'Morfología','No description',3,0.0159067,0.5,4,138),(140,'Morfodinámica','No description',3,0.0159067,0.5,4,138),(141,'Paisaje','No description',2,0.0318134,0.103093,4,137),(142,'Estetica caracteristica','No description',3,0.0318134,1,4,141),(143,'Suelo','No description',2,0.09544,0.309278,4,137),(144,'Uso del suelo','No description',3,0.04772,0.5,4,143),(145,'Calidad','No description',3,0.04772,0.5,4,143),(146,'Agua','No description',2,0.085896,0.27835,4,137),(147,'Volumen de agua','No description',3,0.019088,0.222222,4,146),(148,'Calidad físico-química','No description',3,0.00954401,0.111111,4,146),(149,'Calidad bacteriologica','No description',3,0.019088,0.222222,4,146),(150,'Aguas subterraneas','No description',3,0.019088,0.222222,4,146),(151,'Nivel freatico','No description',3,0.019088,0.222222,4,146),(152,'Atmosfera','No description',2,0.0636267,0.206186,4,137),(153,'Calidad del aire','No description',3,0.0254507,0.4,4,152),(154,'Clima y microclimas','No description',3,0.019088,0.3,4,152),(155,'Ruido','No description',3,0.019088,0.3,4,152),(156,'Biotico','No description',1,0.424179,0.424179,4,136),(157,'Flora','No description',2,0.21209,0.500001,4,156),(158,'Cobertura vegetal','No description',3,0.106045,0.5,4,157),(159,'Diversidad vegetal','No description',3,0.106045,0.5,4,157),(160,'Fauna','No description',2,0.212089,0.499999,4,156),(161,'Diversidad fauna','No description',3,0.0530223,0.25,4,160),(162,'Fuentes de alimentación','No description',3,0.0530223,0.25,4,160),(163,'Habitad','No description',3,0.0530223,0.25,4,160),(164,'Población','No description',3,0.0530223,0.25,4,160),(165,'Social','No description',1,0.267232,0.267232,4,136),(166,'Comunidad','No description',2,0.076352,0.285714,4,165),(167,'Valores ciuadadanos','No description',3,0.0127253,0.166667,4,166),(168,'Participacion ciudadana','No description',3,0.0254507,0.333333,4,166),(169,'Demanda de bienestar social','No description',3,0.038176,0.5,4,166),(170,'Infraestructura','No description',2,0.0636268,0.238096,4,165),(171,'Trasporte','No description',3,0.0318134,0.5,4,170),(172,'Servicios públicos','No description',3,0.0318134,0.5,4,170),(173,'Cultura','No description',2,0.0636267,0.238095,4,165),(174,'Valores y prácticas culturales','No description',3,0.019088,0.3,4,173),(175,'Uso y manejo del entorno','No description',3,0.0254507,0.4,4,173),(176,'Arqueología','No description',3,0.019088,0.3,4,173),(177,'Economia','No description',2,0.0636267,0.238095,4,165),(178,'Estructura de la propiedad','No description',3,0.0254507,0.4,4,177),(179,'Procesos productivos y tecnologicos','No description',3,0.019088,0.3,4,177),(180,'Mercado laboral','No description',3,0.019088,0.3,4,177),(181,'Entorno','No description',0,1,0,5,NULL),(182,'Fisico','No description',1,0.30859,0.308589,5,181),(183,'Geoforma','No description',2,0.0318134,0.103093,5,182),(184,'Morfología','No description',3,0.0159067,0.5,5,183),(185,'Morfodinámica','No description',3,0.0159067,0.5,5,183),(186,'Paisaje','No description',2,0.0318134,0.103093,5,182),(187,'Estetica caracteristica','No description',3,0.0318134,1,5,186),(188,'Suelo','No description',2,0.09544,0.309278,5,182),(189,'Uso del suelo','No description',3,0.04772,0.5,5,188),(190,'Calidad','No description',3,0.04772,0.5,5,188),(191,'Agua','No description',2,0.085896,0.27835,5,182),(192,'Volumen de agua','No description',3,0.019088,0.222222,5,191),(193,'Calidad físico-química','No description',3,0.00954401,0.111111,5,191),(194,'Calidad bacteriologica','No description',3,0.019088,0.222222,5,191),(195,'Aguas subterraneas','No description',3,0.019088,0.222222,5,191),(196,'Nivel freatico','No description',3,0.019088,0.222222,5,191),(197,'Atmosfera','No description',2,0.0636267,0.206186,5,182),(198,'Calidad del aire','No description',3,0.0254507,0.4,5,197),(199,'Clima y microclimas','No description',3,0.019088,0.3,5,197),(200,'Ruido','No description',3,0.019088,0.3,5,197),(201,'Biotico','No description',1,0.424179,0.424179,5,181),(202,'Flora','No description',2,0.21209,0.500001,5,201),(203,'Cobertura vegetal','No description',3,0.106045,0.5,5,202),(204,'Diversidad vegetal','No description',3,0.106045,0.5,5,202),(205,'Fauna','No description',2,0.212089,0.499999,5,201),(206,'Diversidad fauna','No description',3,0.0530223,0.25,5,205),(207,'Fuentes de alimentación','No description',3,0.0530223,0.25,5,205),(208,'Habitad','No description',3,0.0530223,0.25,5,205),(209,'Población','No description',3,0.0530223,0.25,5,205),(210,'Social','No description',1,0.267232,0.267232,5,181),(211,'Comunidad','No description',2,0.076352,0.285714,5,210),(212,'Valores ciuadadanos','No description',3,0.0127253,0.166667,5,211),(213,'Participacion ciudadana','No description',3,0.0254507,0.333333,5,211),(214,'Demanda de bienestar social','No description',3,0.038176,0.5,5,211),(215,'Infraestructura','No description',2,0.0636268,0.238096,5,210),(216,'Trasporte','No description',3,0.0318134,0.5,5,215),(217,'Servicios públicos','No description',3,0.0318134,0.5,5,215),(218,'Cultura','No description',2,0.0636267,0.238095,5,210),(219,'Valores y prácticas culturales','No description',3,0.019088,0.3,5,218),(220,'Uso y manejo del entorno','No description',3,0.0254507,0.4,5,218),(221,'Arqueología','No description',3,0.019088,0.3,5,218),(222,'Economia','No description',2,0.0636267,0.238095,5,210),(223,'Estructura de la propiedad','No description',3,0.0254507,0.4,5,222),(224,'Procesos productivos y tecnologicos','No description',3,0.019088,0.3,5,222),(225,'Mercado laboral','No description',3,0.019088,0.3,5,222),(226,'Entorno','No description',0,1,0,6,NULL),(227,'Fisico','No description',1,0.30859,0.308589,6,226),(228,'Geoforma','No description',2,0.0318134,0.103093,6,227),(229,'Morfología','No description',3,0.0159067,0.5,6,228),(230,'Morfodinámica','No description',3,0.0159067,0.5,6,228),(231,'Paisaje','No description',2,0.0318134,0.103093,6,227),(232,'Estetica caracteristica','No description',3,0.0318134,1,6,231),(233,'Suelo','No description',2,0.09544,0.309278,6,227),(234,'Uso del suelo','No description',3,0.04772,0.5,6,233),(235,'Calidad','No description',3,0.04772,0.5,6,233),(236,'Agua','No description',2,0.085896,0.27835,6,227),(237,'Volumen de agua','No description',3,0.019088,0.222222,6,236),(238,'Calidad físico-química','No description',3,0.00954401,0.111111,6,236),(239,'Calidad bacteriologica','No description',3,0.019088,0.222222,6,236),(240,'Aguas subterraneas','No description',3,0.019088,0.222222,6,236),(241,'Nivel freatico','No description',3,0.019088,0.222222,6,236),(242,'Atmosfera','No description',2,0.0636267,0.206186,6,227),(243,'Calidad del aire','No description',3,0.0254507,0.4,6,242),(244,'Clima y microclimas','No description',3,0.019088,0.3,6,242),(245,'Ruido','No description',3,0.019088,0.3,6,242),(246,'Biotico','No description',1,0.424179,0.424179,6,226),(247,'Flora','No description',2,0.21209,0.500001,6,246),(248,'Cobertura vegetal','No description',3,0.106045,0.5,6,247),(249,'Diversidad vegetal','No description',3,0.106045,0.5,6,247),(250,'Fauna','No description',2,0.212089,0.499999,6,246),(251,'Diversidad fauna','No description',3,0.0530223,0.25,6,250),(252,'Fuentes de alimentación','No description',3,0.0530223,0.25,6,250),(253,'Habitad','No description',3,0.0530223,0.25,6,250),(254,'Población','No description',3,0.0530223,0.25,6,250),(255,'Social','No description',1,0.267232,0.267232,6,226),(256,'Comunidad','No description',2,0.076352,0.285714,6,255),(257,'Valores ciuadadanos','No description',3,0.0127253,0.166667,6,256),(258,'Participacion ciudadana','No description',3,0.0254507,0.333333,6,256),(259,'Demanda de bienestar social','No description',3,0.038176,0.5,6,256),(260,'Infraestructura','No description',2,0.0636268,0.238096,6,255),(261,'Trasporte','No description',3,0.0318134,0.5,6,260),(262,'Servicios públicos','No description',3,0.0318134,0.5,6,260),(263,'Cultura','No description',2,0.0636267,0.238095,6,255),(264,'Valores y prácticas culturales','No description',3,0.019088,0.3,6,263),(265,'Uso y manejo del entorno','No description',3,0.0254507,0.4,6,263),(266,'Arqueología','No description',3,0.019088,0.3,6,263),(267,'Economia','No description',2,0.0636267,0.238095,6,255),(268,'Estructura de la propiedad','No description',3,0.0254507,0.4,6,267),(269,'Procesos productivos y tecnologicos','No description',3,0.019088,0.3,6,267),(270,'Mercado laboral','No description',3,0.019088,0.3,6,267),(271,'Entorno','No description',0,1,0,7,NULL),(272,'Fisico','No description',1,0.30859,0.308589,7,271),(273,'Geoforma','No description',2,0.0318134,0.103093,7,272),(274,'Morfología','No description',3,0.0159067,0.5,7,273),(275,'Morfodinámica','No description',3,0.0159067,0.5,7,273),(276,'Paisaje','No description',2,0.0318134,0.103093,7,272),(277,'Estetica caracteristica','No description',3,0.0318134,1,7,276),(278,'Suelo','No description',2,0.09544,0.309278,7,272),(279,'Uso del suelo','No description',3,0.04772,0.5,7,278),(280,'Calidad','No description',3,0.04772,0.5,7,278),(281,'Agua','No description',2,0.085896,0.27835,7,272),(282,'Volumen de agua','No description',3,0.019088,0.222222,7,281),(283,'Calidad físico-química','No description',3,0.00954401,0.111111,7,281),(284,'Calidad bacteriologica','No description',3,0.019088,0.222222,7,281),(285,'Aguas subterraneas','No description',3,0.019088,0.222222,7,281),(286,'Nivel freatico','No description',3,0.019088,0.222222,7,281),(287,'Atmosfera','No description',2,0.0636267,0.206186,7,272),(288,'Calidad del aire','No description',3,0.0254507,0.4,7,287),(289,'Clima y microclimas','No description',3,0.019088,0.3,7,287),(290,'Ruido','No description',3,0.019088,0.3,7,287),(291,'Biotico','No description',1,0.424179,0.424179,7,271),(292,'Flora','No description',2,0.21209,0.500001,7,291),(293,'Cobertura vegetal','No description',3,0.106045,0.5,7,292),(294,'Diversidad vegetal','No description',3,0.106045,0.5,7,292),(295,'Fauna','No description',2,0.212089,0.499999,7,291),(296,'Diversidad fauna','No description',3,0.0530223,0.25,7,295),(297,'Fuentes de alimentación','No description',3,0.0530223,0.25,7,295),(298,'Habitad','No description',3,0.0530223,0.25,7,295),(299,'Población','No description',3,0.0530223,0.25,7,295),(300,'Social','No description',1,0.267232,0.267232,7,271),(301,'Comunidad','No description',2,0.076352,0.285714,7,300),(302,'Valores ciuadadanos','No description',3,0.0127253,0.166667,7,301),(303,'Participacion ciudadana','No description',3,0.0254507,0.333333,7,301),(304,'Demanda de bienestar social','No description',3,0.038176,0.5,7,301),(305,'Infraestructura','No description',2,0.0636268,0.238096,7,300),(306,'Trasporte','No description',3,0.0318134,0.5,7,305),(307,'Servicios públicos','No description',3,0.0318134,0.5,7,305),(308,'Cultura','No description',2,0.0636267,0.238095,7,300),(309,'Valores y prácticas culturales','No description',3,0.019088,0.3,7,308),(310,'Uso y manejo del entorno','No description',3,0.0254507,0.4,7,308),(311,'Arqueología','No description',3,0.019088,0.3,7,308),(312,'Economia','No description',2,0.0636267,0.238095,7,300),(313,'Estructura de la propiedad','No description',3,0.0254507,0.4,7,312),(314,'Procesos productivos y tecnologicos','No description',3,0.019088,0.3,7,312),(315,'Mercado laboral','No description',3,0.019088,0.3,7,312),(316,'Entorno','No description',0,1,0,8,NULL),(317,'Fisico','No description',1,0.30859,0.308589,8,316),(318,'Geoforma','No description',2,0.0318134,0.103093,8,317),(319,'Morfología','No description',3,0.0159067,0.5,8,318),(320,'Morfodinámica','No description',3,0.0159067,0.5,8,318),(321,'Paisaje','No description',2,0.0318134,0.103093,8,317),(322,'Estetica caracteristica','No description',3,0.0318134,1,8,321),(323,'Suelo','No description',2,0.09544,0.309278,8,317),(324,'Uso del suelo','No description',3,0.04772,0.5,8,323),(325,'Calidad','No description',3,0.04772,0.5,8,323),(326,'Agua','No description',2,0.085896,0.27835,8,317),(327,'Volumen de agua','No description',3,0.019088,0.222222,8,326),(328,'Calidad físico-química','No description',3,0.00954401,0.111111,8,326),(329,'Calidad bacteriologica','No description',3,0.019088,0.222222,8,326),(330,'Aguas subterraneas','No description',3,0.019088,0.222222,8,326),(331,'Nivel freatico','No description',3,0.019088,0.222222,8,326),(332,'Atmosfera','No description',2,0.0636267,0.206186,8,317),(333,'Calidad del aire','No description',3,0.0254507,0.4,8,332),(334,'Clima y microclimas','No description',3,0.019088,0.3,8,332),(335,'Ruido','No description',3,0.019088,0.3,8,332),(336,'Biotico','No description',1,0.424179,0.424179,8,316),(337,'Flora','No description',2,0.21209,0.500001,8,336),(338,'Cobertura vegetal','No description',3,0.106045,0.5,8,337),(339,'Diversidad vegetal','No description',3,0.106045,0.5,8,337),(340,'Fauna','No description',2,0.212089,0.499999,8,336),(341,'Diversidad fauna','No description',3,0.0530223,0.25,8,340),(342,'Fuentes de alimentación','No description',3,0.0530223,0.25,8,340),(343,'Habitad','No description',3,0.0530223,0.25,8,340),(344,'Población','No description',3,0.0530223,0.25,8,340),(345,'Social','No description',1,0.267232,0.267232,8,316),(346,'Comunidad','No description',2,0.076352,0.285714,8,345),(347,'Valores ciuadadanos','No description',3,0.0127253,0.166667,8,346),(348,'Participacion ciudadana','No description',3,0.0254507,0.333333,8,346),(349,'Demanda de bienestar social','No description',3,0.038176,0.5,8,346),(350,'Infraestructura','No description',2,0.0636268,0.238096,8,345),(351,'Trasporte','No description',3,0.0318134,0.5,8,350),(352,'Servicios públicos','No description',3,0.0318134,0.5,8,350),(353,'Cultura','No description',2,0.0636267,0.238095,8,345),(354,'Valores y prácticas culturales','No description',3,0.019088,0.3,8,353),(355,'Uso y manejo del entorno','No description',3,0.0254507,0.4,8,353),(356,'Arqueología','No description',3,0.019088,0.3,8,353),(357,'Economia','No description',2,0.0636267,0.238095,8,345),(358,'Estructura de la propiedad','No description',3,0.0254507,0.4,8,357),(359,'Procesos productivos y tecnologicos','No description',3,0.019088,0.3,8,357),(360,'Mercado laboral','No description',3,0.019088,0.3,8,357),(361,'Entorno','No description',0,1,0,9,NULL),(362,'Fisico','No description',1,0.30859,0.308589,9,361),(363,'Geoforma','No description',2,0.0318134,0.103093,9,362),(364,'Morfología','No description',3,0.0159067,0.5,9,363),(365,'Morfodinámica','No description',3,0.0159067,0.5,9,363),(366,'Paisaje','No description',2,0.0318134,0.103093,9,362),(367,'Estetica caracteristica','No description',3,0.0318134,1,9,366),(368,'Suelo','No description',2,0.09544,0.309278,9,362),(369,'Uso del suelo','No description',3,0.04772,0.5,9,368),(370,'Calidad','No description',3,0.04772,0.5,9,368),(371,'Agua','No description',2,0.085896,0.27835,9,362),(372,'Volumen de agua','No description',3,0.019088,0.222222,9,371),(373,'Calidad físico-química','No description',3,0.00954401,0.111111,9,371),(374,'Calidad bacteriologica','No description',3,0.019088,0.222222,9,371),(375,'Aguas subterraneas','No description',3,0.019088,0.222222,9,371),(376,'Nivel freatico','No description',3,0.019088,0.222222,9,371),(377,'Atmosfera','No description',2,0.0636267,0.206186,9,362),(378,'Calidad del aire','No description',3,0.0254507,0.4,9,377),(379,'Clima y microclimas','No description',3,0.019088,0.3,9,377),(380,'Ruido','No description',3,0.019088,0.3,9,377),(381,'Biotico','No description',1,0.424179,0.424179,9,361),(382,'Flora','No description',2,0.21209,0.500001,9,381),(383,'Cobertura vegetal','No description',3,0.106045,0.5,9,382),(384,'Diversidad vegetal','No description',3,0.106045,0.5,9,382),(385,'Fauna','No description',2,0.212089,0.499999,9,381),(386,'Diversidad fauna','No description',3,0.0530223,0.25,9,385),(387,'Fuentes de alimentación','No description',3,0.0530223,0.25,9,385),(388,'Habitad','No description',3,0.0530223,0.25,9,385),(389,'Población','No description',3,0.0530223,0.25,9,385),(390,'Social','No description',1,0.267232,0.267232,9,361),(391,'Comunidad','No description',2,0.076352,0.285714,9,390),(392,'Valores ciuadadanos','No description',3,0.0127253,0.166667,9,391),(393,'Participacion ciudadana','No description',3,0.0254507,0.333333,9,391),(394,'Demanda de bienestar social','No description',3,0.038176,0.5,9,391),(395,'Infraestructura','No description',2,0.0636268,0.238096,9,390),(396,'Trasporte','No description',3,0.0318134,0.5,9,395),(397,'Servicios públicos','No description',3,0.0318134,0.5,9,395),(398,'Cultura','No description',2,0.0636267,0.238095,9,390),(399,'Valores y prácticas culturales','No description',3,0.019088,0.3,9,398),(400,'Uso y manejo del entorno','No description',3,0.0254507,0.4,9,398),(401,'Arqueología','No description',3,0.019088,0.3,9,398),(402,'Economia','No description',2,0.0636267,0.238095,9,390),(403,'Estructura de la propiedad','No description',3,0.0254507,0.4,9,402),(404,'Procesos productivos y tecnologicos','No description',3,0.019088,0.3,9,402),(405,'Mercado laboral','No description',3,0.019088,0.3,9,402),(406,'Entorno','No description',0,1,0,10,NULL),(407,'Fisico','No description',1,0.30859,0.308589,10,406),(408,'Geoforma','No description',2,0.0318134,0.103093,10,407),(409,'Morfología','No description',3,0.0159067,0.5,10,408),(410,'Morfodinámica','No description',3,0.0159067,0.5,10,408),(411,'Paisaje','No description',2,0.0318134,0.103093,10,407),(412,'Estetica caracteristica','No description',3,0.0318134,1,10,411),(413,'Suelo','No description',2,0.09544,0.309278,10,407),(414,'Uso del suelo','No description',3,0.04772,0.5,10,413),(415,'Calidad','No description',3,0.04772,0.5,10,413),(416,'Agua','No description',2,0.085896,0.27835,10,407),(417,'Volumen de agua','No description',3,0.019088,0.222222,10,416),(418,'Calidad físico-química','No description',3,0.00954401,0.111111,10,416),(419,'Calidad bacteriologica','No description',3,0.019088,0.222222,10,416),(420,'Aguas subterraneas','No description',3,0.019088,0.222222,10,416),(421,'Nivel freatico','No description',3,0.019088,0.222222,10,416),(422,'Atmosfera','No description',2,0.0636267,0.206186,10,407),(423,'Calidad del aire','No description',3,0.0254507,0.4,10,422),(424,'Clima y microclimas','No description',3,0.019088,0.3,10,422),(425,'Ruido','No description',3,0.019088,0.3,10,422),(426,'Biotico','No description',1,0.424179,0.424179,10,406),(427,'Flora','No description',2,0.21209,0.500001,10,426),(428,'Cobertura vegetal','No description',3,0.106045,0.5,10,427),(429,'Diversidad vegetal','No description',3,0.106045,0.5,10,427),(430,'Fauna','No description',2,0.212089,0.499999,10,426),(431,'Diversidad fauna','No description',3,0.0530223,0.25,10,430),(432,'Fuentes de alimentación','No description',3,0.0530223,0.25,10,430),(433,'Habitad','No description',3,0.0530223,0.25,10,430),(434,'Población','No description',3,0.0530223,0.25,10,430),(435,'Social','No description',1,0.267232,0.267232,10,406),(436,'Comunidad','No description',2,0.076352,0.285714,10,435),(437,'Valores ciuadadanos','No description',3,0.0127253,0.166667,10,436),(438,'Participacion ciudadana','No description',3,0.0254507,0.333333,10,436),(439,'Demanda de bienestar social','No description',3,0.038176,0.5,10,436),(440,'Infraestructura','No description',2,0.0636268,0.238096,10,435),(441,'Trasporte','No description',3,0.0318134,0.5,10,440),(442,'Servicios públicos','No description',3,0.0318134,0.5,10,440),(443,'Cultura','No description',2,0.0636267,0.238095,10,435),(444,'Valores y prácticas culturales','No description',3,0.019088,0.3,10,443),(445,'Uso y manejo del entorno','No description',3,0.0254507,0.4,10,443),(446,'Arqueología','No description',3,0.019088,0.3,10,443),(447,'Economia','No description',2,0.0636267,0.238095,10,435),(448,'Estructura de la propiedad','No description',3,0.0254507,0.4,10,447),(449,'Procesos productivos y tecnologicos','No description',3,0.019088,0.3,10,447),(450,'Mercado laboral','No description',3,0.019088,0.3,10,447),(451,'Entorno','No description',0,1,0,11,NULL),(452,'Fisico','No description',1,0.30859,0.308589,11,451),(453,'Geoforma','No description',2,0.0318134,0.103093,11,452),(454,'Morfología','No description',3,0.0159067,0.5,11,453),(455,'Morfodinámica','No description',3,0.0159067,0.5,11,453),(456,'Paisaje','No description',2,0.0318134,0.103093,11,452),(457,'Estetica caracteristica','No description',3,0.0318134,1,11,456),(458,'Suelo','No description',2,0.09544,0.309278,11,452),(459,'Uso del suelo','No description',3,0.04772,0.5,11,458),(460,'Calidad','No description',3,0.04772,0.5,11,458),(461,'Agua','No description',2,0.085896,0.27835,11,452),(462,'Volumen de agua','No description',3,0.019088,0.222222,11,461),(463,'Calidad físico-química','No description',3,0.00954401,0.111111,11,461),(464,'Calidad bacteriologica','No description',3,0.019088,0.222222,11,461),(465,'Aguas subterraneas','No description',3,0.019088,0.222222,11,461),(466,'Nivel freatico','No description',3,0.019088,0.222222,11,461),(467,'Atmosfera','No description',2,0.0636267,0.206186,11,452),(468,'Calidad del aire','No description',3,0.0254507,0.4,11,467),(469,'Clima y microclimas','No description',3,0.019088,0.3,11,467),(470,'Ruido','No description',3,0.019088,0.3,11,467),(471,'Biotico','No description',1,0.424179,0.424179,11,451),(472,'Flora','No description',2,0.21209,0.500001,11,471),(473,'Cobertura vegetal','No description',3,0.106045,0.5,11,472),(474,'Diversidad vegetal','No description',3,0.106045,0.5,11,472),(475,'Fauna','No description',2,0.212089,0.499999,11,471),(476,'Diversidad fauna','No description',3,0.0530223,0.25,11,475),(477,'Fuentes de alimentación','No description',3,0.0530223,0.25,11,475),(478,'Habitad','No description',3,0.0530223,0.25,11,475),(479,'Población','No description',3,0.0530223,0.25,11,475),(480,'Social','No description',1,0.267232,0.267232,11,451),(481,'Comunidad','No description',2,0.076352,0.285714,11,480),(482,'Valores ciuadadanos','No description',3,0.0127253,0.166667,11,481),(483,'Participacion ciudadana','No description',3,0.0254507,0.333333,11,481),(484,'Demanda de bienestar social','No description',3,0.038176,0.5,11,481),(485,'Infraestructura','No description',2,0.0636268,0.238096,11,480),(486,'Trasporte','No description',3,0.0318134,0.5,11,485),(487,'Servicios públicos','No description',3,0.0318134,0.5,11,485),(488,'Cultura','No description',2,0.0636267,0.238095,11,480),(489,'Valores y prácticas culturales','No description',3,0.019088,0.3,11,488),(490,'Uso y manejo del entorno','No description',3,0.0254507,0.4,11,488),(491,'Arqueología','No description',3,0.019088,0.3,11,488),(492,'Economia','No description',2,0.0636267,0.238095,11,480),(493,'Estructura de la propiedad','No description',3,0.0254507,0.4,11,492),(494,'Procesos productivos y tecnologicos','No description',3,0.019088,0.3,11,492),(495,'Mercado laboral','No description',3,0.019088,0.3,11,492),(496,'Entorno','No description',0,1,0,12,NULL),(497,'Fisico','No description',1,0.30859,0.308589,12,496),(498,'Geoforma','No description',2,0.0318134,0.103093,12,497),(499,'Morfología','No description',3,0.0159067,0.5,12,498),(500,'Morfodinámica','No description',3,0.0159067,0.5,12,498),(501,'Paisaje','No description',2,0.0318134,0.103093,12,497),(502,'Estetica caracteristica','No description',3,0.0318134,1,12,501),(503,'Suelo','No description',2,0.09544,0.309278,12,497),(504,'Uso del suelo','No description',3,0.04772,0.5,12,503),(505,'Calidad','No description',3,0.04772,0.5,12,503),(506,'Agua','No description',2,0.085896,0.27835,12,497),(507,'Volumen de agua','No description',3,0.019088,0.222222,12,506),(508,'Calidad físico-química','No description',3,0.00954401,0.111111,12,506),(509,'Calidad bacteriologica','No description',3,0.019088,0.222222,12,506),(510,'Aguas subterraneas','No description',3,0.019088,0.222222,12,506),(511,'Nivel freatico','No description',3,0.019088,0.222222,12,506),(512,'Atmosfera','No description',2,0.0636267,0.206186,12,497),(513,'Calidad del aire','No description',3,0.0254507,0.4,12,512),(514,'Clima y microclimas','No description',3,0.019088,0.3,12,512),(515,'Ruido','No description',3,0.019088,0.3,12,512),(516,'Biotico','No description',1,0.424179,0.424179,12,496),(517,'Flora','No description',2,0.21209,0.500001,12,516),(518,'Cobertura vegetal','No description',3,0.106045,0.5,12,517),(519,'Diversidad vegetal','No description',3,0.106045,0.5,12,517),(520,'Fauna','No description',2,0.212089,0.499999,12,516),(521,'Diversidad fauna','No description',3,0.0530223,0.25,12,520),(522,'Fuentes de alimentación','No description',3,0.0530223,0.25,12,520),(523,'Habitad','No description',3,0.0530223,0.25,12,520),(524,'Población','No description',3,0.0530223,0.25,12,520),(525,'Social','No description',1,0.267232,0.267232,12,496),(526,'Comunidad','No description',2,0.076352,0.285714,12,525),(527,'Valores ciuadadanos','No description',3,0.0127253,0.166667,12,526),(528,'Participacion ciudadana','No description',3,0.0254507,0.333333,12,526),(529,'Demanda de bienestar social','No description',3,0.038176,0.5,12,526),(530,'Infraestructura','No description',2,0.0636268,0.238096,12,525),(531,'Trasporte','No description',3,0.0318134,0.5,12,530),(532,'Servicios públicos','No description',3,0.0318134,0.5,12,530),(533,'Cultura','No description',2,0.0636267,0.238095,12,525),(534,'Valores y prácticas culturales','No description',3,0.019088,0.3,12,533),(535,'Uso y manejo del entorno','No description',3,0.0254507,0.4,12,533),(536,'Arqueología','No description',3,0.019088,0.3,12,533),(537,'Economia','No description',2,0.0636267,0.238095,12,525),(538,'Estructura de la propiedad','No description',3,0.0254507,0.4,12,537),(539,'Procesos productivos y tecnologicos','No description',3,0.019088,0.3,12,537),(540,'Mercado laboral','No description',3,0.019088,0.3,12,537),(541,'Entorno','No description',0,1,0,13,NULL),(542,'Fisico','No description',1,0.30859,0.308589,13,541),(543,'Geoforma','No description',2,0.0318134,0.103093,13,542),(544,'Morfología','No description',3,0.0159067,0.5,13,543),(545,'Morfodinámica','No description',3,0.0159067,0.5,13,543),(546,'Paisaje','No description',2,0.0318134,0.103093,13,542),(547,'Estetica caracteristica','No description',3,0.0318134,1,13,546),(548,'Suelo','No description',2,0.09544,0.309278,13,542),(549,'Uso del suelo','No description',3,0.04772,0.5,13,548),(550,'Calidad','No description',3,0.04772,0.5,13,548),(551,'Agua','No description',2,0.085896,0.27835,13,542),(552,'Volumen de agua','No description',3,0.019088,0.222222,13,551),(553,'Calidad físico-química','No description',3,0.00954401,0.111111,13,551),(554,'Calidad bacteriologica','No description',3,0.019088,0.222222,13,551),(555,'Aguas subterraneas','No description',3,0.019088,0.222222,13,551),(556,'Nivel freatico','No description',3,0.019088,0.222222,13,551),(557,'Atmosfera','No description',2,0.0636267,0.206186,13,542),(558,'Calidad del aire','No description',3,0.0254507,0.4,13,557),(559,'Clima y microclimas','No description',3,0.019088,0.3,13,557),(560,'Ruido','No description',3,0.019088,0.3,13,557),(561,'Biotico','No description',1,0.424179,0.424179,13,541),(562,'Flora','No description',2,0.21209,0.500001,13,561),(563,'Cobertura vegetal','No description',3,0.106045,0.5,13,562),(564,'Diversidad vegetal','No description',3,0.106045,0.5,13,562),(565,'Fauna','No description',2,0.212089,0.499999,13,561),(566,'Diversidad fauna','No description',3,0.0530223,0.25,13,565),(567,'Fuentes de alimentación','No description',3,0.0530223,0.25,13,565),(568,'Habitad','No description',3,0.0530223,0.25,13,565),(569,'Población','No description',3,0.0530223,0.25,13,565),(570,'Social','No description',1,0.267232,0.267232,13,541),(571,'Comunidad','No description',2,0.076352,0.285714,13,570),(572,'Valores ciuadadanos','No description',3,0.0127253,0.166667,13,571),(573,'Participacion ciudadana','No description',3,0.0254507,0.333333,13,571),(574,'Demanda de bienestar social','No description',3,0.038176,0.5,13,571),(575,'Infraestructura','No description',2,0.0636268,0.238096,13,570),(576,'Trasporte','No description',3,0.0318134,0.5,13,575),(577,'Servicios públicos','No description',3,0.0318134,0.5,13,575),(578,'Cultura','No description',2,0.0636267,0.238095,13,570),(579,'Valores y prácticas culturales','No description',3,0.019088,0.3,13,578),(580,'Uso y manejo del entorno','No description',3,0.0254507,0.4,13,578),(581,'Arqueología','No description',3,0.019088,0.3,13,578),(582,'Economia','No description',2,0.0636267,0.238095,13,570),(583,'Estructura de la propiedad','No description',3,0.0254507,0.4,13,582),(584,'Procesos productivos y tecnologicos','No description',3,0.019088,0.3,13,582),(585,'Mercado laboral','No description',3,0.019088,0.3,13,582),(586,'Entorno','No description',0,1,0,14,NULL),(587,'Fisico','No description',1,0.30859,0.308589,14,586),(588,'Geoforma','No description',2,0.0318134,0.103093,14,587),(589,'Morfología','No description',3,0.0159067,0.5,14,588),(590,'Morfodinámica','No description',3,0.0159067,0.5,14,588),(591,'Paisaje','No description',2,0.0318134,0.103093,14,587),(592,'Estetica caracteristica','No description',3,0.0318134,1,14,591),(593,'Suelo','No description',2,0.09544,0.309278,14,587),(594,'Uso del suelo','No description',3,0.04772,0.5,14,593),(595,'Calidad','No description',3,0.04772,0.5,14,593),(596,'Agua','No description',2,0.085896,0.27835,14,587),(597,'Volumen de agua','No description',3,0.019088,0.222222,14,596),(598,'Calidad físico-química','No description',3,0.00954401,0.111111,14,596),(599,'Calidad bacteriologica','No description',3,0.019088,0.222222,14,596),(600,'Aguas subterraneas','No description',3,0.019088,0.222222,14,596),(601,'Nivel freatico','No description',3,0.019088,0.222222,14,596),(602,'Atmosfera','No description',2,0.0636267,0.206186,14,587),(603,'Calidad del aire','No description',3,0.0254507,0.4,14,602),(604,'Clima y microclimas','No description',3,0.019088,0.3,14,602),(605,'Ruido','No description',3,0.019088,0.3,14,602),(606,'Biotico','No description',1,0.424179,0.424179,14,586),(607,'Flora','No description',2,0.21209,0.500001,14,606),(608,'Cobertura vegetal','No description',3,0.106045,0.5,14,607),(609,'Diversidad vegetal','No description',3,0.106045,0.5,14,607),(610,'Fauna','No description',2,0.212089,0.499999,14,606),(611,'Diversidad fauna','No description',3,0.0530223,0.25,14,610),(612,'Fuentes de alimentación','No description',3,0.0530223,0.25,14,610),(613,'Habitad','No description',3,0.0530223,0.25,14,610),(614,'Población','No description',3,0.0530223,0.25,14,610),(615,'Social','No description',1,0.267232,0.267232,14,586),(616,'Comunidad','No description',2,0.076352,0.285714,14,615),(617,'Valores ciuadadanos','No description',3,0.0127253,0.166667,14,616),(618,'Participacion ciudadana','No description',3,0.0254507,0.333333,14,616),(619,'Demanda de bienestar social','No description',3,0.038176,0.5,14,616),(620,'Infraestructura','No description',2,0.0636268,0.238096,14,615),(621,'Trasporte','No description',3,0.0318134,0.5,14,620),(622,'Servicios públicos','No description',3,0.0318134,0.5,14,620),(623,'Cultura','No description',2,0.0636267,0.238095,14,615),(624,'Valores y prácticas culturales','No description',3,0.019088,0.3,14,623),(625,'Uso y manejo del entorno','No description',3,0.0254507,0.4,14,623),(626,'Arqueología','No description',3,0.019088,0.3,14,623),(627,'Economia','No description',2,0.0636267,0.238095,14,615),(628,'Estructura de la propiedad','No description',3,0.0254507,0.4,14,627),(629,'Procesos productivos y tecnologicos','No description',3,0.019088,0.3,14,627),(630,'Mercado laboral','No description',3,0.019088,0.3,14,627),(631,'Entorno','No description',0,1,0,15,NULL),(632,'Fisico','No description',1,0.30859,0.308589,15,631),(633,'Geoforma','No description',2,0.0318134,0.103093,15,632),(634,'Morfología','No description',3,0.0159067,0.5,15,633),(635,'Morfodinámica','No description',3,0.0159067,0.5,15,633),(636,'Paisaje','No description',2,0.0318134,0.103093,15,632),(637,'Estetica caracteristica','No description',3,0.0318134,1,15,636),(638,'Suelo','No description',2,0.09544,0.309278,15,632),(639,'Uso del suelo','No description',3,0.04772,0.5,15,638),(640,'Calidad','No description',3,0.04772,0.5,15,638),(641,'Agua','No description',2,0.085896,0.27835,15,632),(642,'Volumen de agua','No description',3,0.019088,0.222222,15,641),(643,'Calidad físico-química','No description',3,0.00954401,0.111111,15,641),(644,'Calidad bacteriologica','No description',3,0.019088,0.222222,15,641),(645,'Aguas subterraneas','No description',3,0.019088,0.222222,15,641),(646,'Nivel freatico','No description',3,0.019088,0.222222,15,641),(647,'Atmosfera','No description',2,0.0636267,0.206186,15,632),(648,'Calidad del aire','No description',3,0.0254507,0.4,15,647),(649,'Clima y microclimas','No description',3,0.019088,0.3,15,647),(650,'Ruido','No description',3,0.019088,0.3,15,647),(651,'Biotico','No description',1,0.424179,0.424179,15,631),(652,'Flora','No description',2,0.21209,0.500001,15,651),(653,'Cobertura vegetal','No description',3,0.106045,0.5,15,652),(654,'Diversidad vegetal','No description',3,0.106045,0.5,15,652),(655,'Fauna','No description',2,0.212089,0.499999,15,651),(656,'Diversidad fauna','No description',3,0.0530223,0.25,15,655),(657,'Fuentes de alimentación','No description',3,0.0530223,0.25,15,655),(658,'Habitad','No description',3,0.0530223,0.25,15,655),(659,'Población','No description',3,0.0530223,0.25,15,655),(660,'Social','No description',1,0.267232,0.267232,15,631),(661,'Comunidad','No description',2,0.076352,0.285714,15,660),(662,'Valores ciuadadanos','No description',3,0.0127253,0.166667,15,661),(663,'Participacion ciudadana','No description',3,0.0254507,0.333333,15,661),(664,'Demanda de bienestar social','No description',3,0.038176,0.5,15,661),(665,'Infraestructura','No description',2,0.0636268,0.238096,15,660),(666,'Trasporte','No description',3,0.0318134,0.5,15,665),(667,'Servicios públicos','No description',3,0.0318134,0.5,15,665),(668,'Cultura','No description',2,0.0636267,0.238095,15,660),(669,'Valores y prácticas culturales','No description',3,0.019088,0.3,15,668),(670,'Uso y manejo del entorno','No description',3,0.0254507,0.4,15,668),(671,'Arqueología','No description',3,0.019088,0.3,15,668),(672,'Economia','No description',2,0.0636267,0.238095,15,660),(673,'Estructura de la propiedad','No description',3,0.0254507,0.4,15,672),(674,'Procesos productivos y tecnologicos','No description',3,0.019088,0.3,15,672),(675,'Mercado laboral','No description',3,0.019088,0.3,15,672),(676,'Entorno','No description',0,1,0,16,NULL),(677,'Fisico','No description',1,0.30859,0.308589,16,676),(678,'Geoforma','No description',2,0.0318134,0.103093,16,677),(679,'Morfología','No description',3,0.0159067,0.5,16,678),(680,'Morfodinámica','No description',3,0.0159067,0.5,16,678),(681,'Paisaje','No description',2,0.0318134,0.103093,16,677),(682,'Estetica caracteristica','No description',3,0.0318134,1,16,681),(683,'Suelo','No description',2,0.09544,0.309278,16,677),(684,'Uso del suelo','No description',3,0.04772,0.5,16,683),(685,'Calidad','No description',3,0.04772,0.5,16,683),(686,'Agua','No description',2,0.085896,0.27835,16,677),(687,'Volumen de agua','No description',3,0.019088,0.222222,16,686),(688,'Calidad físico-química','No description',3,0.00954401,0.111111,16,686),(689,'Calidad bacteriologica','No description',3,0.019088,0.222222,16,686),(690,'Aguas subterraneas','No description',3,0.019088,0.222222,16,686),(691,'Nivel freatico','No description',3,0.019088,0.222222,16,686),(692,'Atmosfera','No description',2,0.0636267,0.206186,16,677),(693,'Calidad del aire','No description',3,0.0254507,0.4,16,692),(694,'Clima y microclimas','No description',3,0.019088,0.3,16,692),(695,'Ruido','No description',3,0.019088,0.3,16,692),(696,'Biotico','No description',1,0.424179,0.424179,16,676),(697,'Flora','No description',2,0.21209,0.500001,16,696),(698,'Cobertura vegetal','No description',3,0.106045,0.5,16,697),(699,'Diversidad vegetal','No description',3,0.106045,0.5,16,697),(700,'Fauna','No description',2,0.212089,0.499999,16,696),(701,'Diversidad fauna','No description',3,0.0530223,0.25,16,700),(702,'Fuentes de alimentación','No description',3,0.0530223,0.25,16,700),(703,'Habitad','No description',3,0.0530223,0.25,16,700),(704,'Población','No description',3,0.0530223,0.25,16,700),(705,'Social','No description',1,0.267232,0.267232,16,676),(706,'Comunidad','No description',2,0.076352,0.285714,16,705),(707,'Valores ciuadadanos','No description',3,0.0127253,0.166667,16,706),(708,'Participacion ciudadana','No description',3,0.0254507,0.333333,16,706),(709,'Demanda de bienestar social','No description',3,0.038176,0.5,16,706),(710,'Infraestructura','No description',2,0.0636268,0.238096,16,705),(711,'Trasporte','No description',3,0.0318134,0.5,16,710),(712,'Servicios públicos','No description',3,0.0318134,0.5,16,710),(713,'Cultura','No description',2,0.0636267,0.238095,16,705),(714,'Valores y prácticas culturales','No description',3,0.019088,0.3,16,713),(715,'Uso y manejo del entorno','No description',3,0.0254507,0.4,16,713),(716,'Arqueología','No description',3,0.019088,0.3,16,713),(717,'Economia','No description',2,0.0636267,0.238095,16,705),(718,'Estructura de la propiedad','No description',3,0.0254507,0.4,16,717),(719,'Procesos productivos y tecnologicos','No description',3,0.019088,0.3,16,717),(720,'Mercado laboral','No description',3,0.019088,0.3,16,717),(721,'Entorno','No description',0,1,0,17,NULL),(722,'Fisico','No description',1,0.30859,0.308589,17,721),(723,'Geoforma','No description',2,0.0318134,0.103093,17,722),(724,'Morfología','No description',3,0.0159067,0.5,17,723),(725,'Morfodinámica','No description',3,0.0159067,0.5,17,723),(726,'Paisaje','No description',2,0.0318134,0.103093,17,722),(727,'Estetica caracteristica','No description',3,0.0318134,1,17,726),(728,'Suelo','No description',2,0.09544,0.309278,17,722),(729,'Uso del suelo','No description',3,0.04772,0.5,17,728),(730,'Calidad','No description',3,0.04772,0.5,17,728),(731,'Agua','No description',2,0.085896,0.27835,17,722),(732,'Volumen de agua','No description',3,0.019088,0.222222,17,731),(733,'Calidad físico-química','No description',3,0.00954401,0.111111,17,731),(734,'Calidad bacteriologica','No description',3,0.019088,0.222222,17,731),(735,'Aguas subterraneas','No description',3,0.019088,0.222222,17,731),(736,'Nivel freatico','No description',3,0.019088,0.222222,17,731),(737,'Atmosfera','No description',2,0.0636267,0.206186,17,722),(738,'Calidad del aire','No description',3,0.0254507,0.4,17,737),(739,'Clima y microclimas','No description',3,0.019088,0.3,17,737),(740,'Ruido','No description',3,0.019088,0.3,17,737),(741,'Biotico','No description',1,0.424179,0.424179,17,721),(742,'Flora','No description',2,0.21209,0.500001,17,741),(743,'Cobertura vegetal','No description',3,0.106045,0.5,17,742),(744,'Diversidad vegetal','No description',3,0.106045,0.5,17,742),(745,'Fauna','No description',2,0.212089,0.499999,17,741),(746,'Diversidad fauna','No description',3,0.0530223,0.25,17,745),(747,'Fuentes de alimentación','No description',3,0.0530223,0.25,17,745),(748,'Habitad','No description',3,0.0530223,0.25,17,745),(749,'Población','No description',3,0.0530223,0.25,17,745),(750,'Social','No description',1,0.267232,0.267232,17,721),(751,'Comunidad','No description',2,0.076352,0.285714,17,750),(752,'Valores ciuadadanos','No description',3,0.0127253,0.166667,17,751),(753,'Participacion ciudadana','No description',3,0.0254507,0.333333,17,751),(754,'Demanda de bienestar social','No description',3,0.038176,0.5,17,751),(755,'Infraestructura','No description',2,0.0636268,0.238096,17,750),(756,'Trasporte','No description',3,0.0318134,0.5,17,755),(757,'Servicios públicos','No description',3,0.0318134,0.5,17,755),(758,'Cultura','No description',2,0.0636267,0.238095,17,750),(759,'Valores y prácticas culturales','No description',3,0.019088,0.3,17,758),(760,'Uso y manejo del entorno','No description',3,0.0254507,0.4,17,758),(761,'Arqueología','No description',3,0.019088,0.3,17,758),(762,'Economia','No description',2,0.0636267,0.238095,17,750),(763,'Estructura de la propiedad','No description',3,0.0254507,0.4,17,762),(764,'Procesos productivos y tecnologicos','No description',3,0.019088,0.3,17,762),(765,'Mercado laboral','No description',3,0.019088,0.3,17,762),(766,'Entorno','No description',0,1,0,18,NULL),(767,'Fisico','No description',1,0.30859,0.308589,18,766),(768,'Geoforma','No description',2,0.0318134,0.103093,18,767),(769,'Morfología','No description',3,0.0159067,0.5,18,768),(770,'Morfodinámica','No description',3,0.0159067,0.5,18,768),(771,'Paisaje','No description',2,0.0318134,0.103093,18,767),(772,'Estetica caracteristica','No description',3,0.0318134,1,18,771),(773,'Suelo','No description',2,0.09544,0.309278,18,767),(774,'Uso del suelo','No description',3,0.04772,0.5,18,773),(775,'Calidad','No description',3,0.04772,0.5,18,773),(776,'Agua','No description',2,0.085896,0.27835,18,767),(777,'Volumen de agua','No description',3,0.019088,0.222222,18,776),(778,'Calidad físico-química','No description',3,0.00954401,0.111111,18,776),(779,'Calidad bacteriologica','No description',3,0.019088,0.222222,18,776),(780,'Aguas subterraneas','No description',3,0.019088,0.222222,18,776),(781,'Nivel freatico','No description',3,0.019088,0.222222,18,776),(782,'Atmosfera','No description',2,0.0636267,0.206186,18,767),(783,'Calidad del aire','No description',3,0.0254507,0.4,18,782),(784,'Clima y microclimas','No description',3,0.019088,0.3,18,782),(785,'Ruido','No description',3,0.019088,0.3,18,782),(786,'Biotico','No description',1,0.424179,0.424179,18,766),(787,'Flora','No description',2,0.21209,0.500001,18,786),(788,'Cobertura vegetal','No description',3,0.106045,0.5,18,787),(789,'Diversidad vegetal','No description',3,0.106045,0.5,18,787),(790,'Fauna','No description',2,0.212089,0.499999,18,786),(791,'Diversidad fauna','No description',3,0.0530223,0.25,18,790),(792,'Fuentes de alimentación','No description',3,0.0530223,0.25,18,790),(793,'Habitad','No description',3,0.0530223,0.25,18,790),(794,'Población','No description',3,0.0530223,0.25,18,790),(795,'Social','No description',1,0.267232,0.267232,18,766),(796,'Comunidad','No description',2,0.076352,0.285714,18,795),(797,'Valores ciuadadanos','No description',3,0.0127253,0.166667,18,796),(798,'Participacion ciudadana','No description',3,0.0254507,0.333333,18,796),(799,'Demanda de bienestar social','No description',3,0.038176,0.5,18,796),(800,'Infraestructura','No description',2,0.0636268,0.238096,18,795),(801,'Trasporte','No description',3,0.0318134,0.5,18,800),(802,'Servicios públicos','No description',3,0.0318134,0.5,18,800),(803,'Cultura','No description',2,0.0636267,0.238095,18,795),(804,'Valores y prácticas culturales','No description',3,0.019088,0.3,18,803),(805,'Uso y manejo del entorno','No description',3,0.0254507,0.4,18,803),(806,'Arqueología','No description',3,0.019088,0.3,18,803),(807,'Economia','No description',2,0.0636267,0.238095,18,795),(808,'Estructura de la propiedad','No description',3,0.0254507,0.4,18,807),(809,'Procesos productivos y tecnologicos','No description',3,0.019088,0.3,18,807),(810,'Mercado laboral','No description',3,0.019088,0.3,18,807),(811,'Entorno','No description',0,1,0,19,NULL),(812,'Fisico','No description',1,0.30859,0.308589,19,811),(813,'Geoforma','No description',2,0.0318134,0.103093,19,812),(814,'Morfología','No description',3,0.0159067,0.5,19,813),(815,'Morfodinámica','No description',3,0.0159067,0.5,19,813),(816,'Paisaje','No description',2,0.0318134,0.103093,19,812),(817,'Estetica caracteristica','No description',3,0.0318134,1,19,816),(818,'Suelo','No description',2,0.09544,0.309278,19,812),(819,'Uso del suelo','No description',3,0.04772,0.5,19,818),(820,'Calidad','No description',3,0.04772,0.5,19,818),(821,'Agua','No description',2,0.085896,0.27835,19,812),(822,'Volumen de agua','No description',3,0.019088,0.222222,19,821),(823,'Calidad físico-química','No description',3,0.00954401,0.111111,19,821),(824,'Calidad bacteriologica','No description',3,0.019088,0.222222,19,821),(825,'Aguas subterraneas','No description',3,0.019088,0.222222,19,821),(826,'Nivel freatico','No description',3,0.019088,0.222222,19,821),(827,'Atmosfera','No description',2,0.0636267,0.206186,19,812),(828,'Calidad del aire','No description',3,0.0254507,0.4,19,827),(829,'Clima y microclimas','No description',3,0.019088,0.3,19,827),(830,'Ruido','No description',3,0.019088,0.3,19,827),(831,'Biotico','No description',1,0.424179,0.424179,19,811),(832,'Flora','No description',2,0.21209,0.500001,19,831),(833,'Cobertura vegetal','No description',3,0.106045,0.5,19,832),(834,'Diversidad vegetal','No description',3,0.106045,0.5,19,832),(835,'Fauna','No description',2,0.212089,0.499999,19,831),(836,'Diversidad fauna','No description',3,0.0530223,0.25,19,835),(837,'Fuentes de alimentación','No description',3,0.0530223,0.25,19,835),(838,'Habitad','No description',3,0.0530223,0.25,19,835),(839,'Población','No description',3,0.0530223,0.25,19,835),(840,'Social','No description',1,0.267232,0.267232,19,811),(841,'Comunidad','No description',2,0.076352,0.285714,19,840),(842,'Valores ciuadadanos','No description',3,0.0127253,0.166667,19,841),(843,'Participacion ciudadana','No description',3,0.0254507,0.333333,19,841),(844,'Demanda de bienestar social','No description',3,0.038176,0.5,19,841),(845,'Infraestructura','No description',2,0.0636268,0.238096,19,840),(846,'Trasporte','No description',3,0.0318134,0.5,19,845),(847,'Servicios públicos','No description',3,0.0318134,0.5,19,845),(848,'Cultura','No description',2,0.0636267,0.238095,19,840),(849,'Valores y prácticas culturales','No description',3,0.019088,0.3,19,848),(850,'Uso y manejo del entorno','No description',3,0.0254507,0.4,19,848),(851,'Arqueología','No description',3,0.019088,0.3,19,848),(852,'Economia','No description',2,0.0636267,0.238095,19,840),(853,'Estructura de la propiedad','No description',3,0.0254507,0.4,19,852),(854,'Procesos productivos y tecnologicos','No description',3,0.019088,0.3,19,852),(855,'Mercado laboral','No description',3,0.019088,0.3,19,852),(856,'Entorno','No description',0,1,0,20,NULL),(857,'Fisico','No description',1,0.30859,0.308589,20,856),(858,'Geoforma','No description',2,0.0318134,0.103093,20,857),(859,'Morfología','No description',3,0.0159067,0.5,20,858),(860,'Morfodinámica','No description',3,0.0159067,0.5,20,858),(861,'Paisaje','No description',2,0.0318134,0.103093,20,857),(862,'Estetica caracteristica','No description',3,0.0318134,1,20,861),(863,'Suelo','No description',2,0.09544,0.309278,20,857),(864,'Uso del suelo','No description',3,0.04772,0.5,20,863),(865,'Calidad','No description',3,0.04772,0.5,20,863),(866,'Agua','No description',2,0.085896,0.27835,20,857),(867,'Volumen de agua','No description',3,0.019088,0.222222,20,866),(868,'Calidad físico-química','No description',3,0.00954401,0.111111,20,866),(869,'Calidad bacteriologica','No description',3,0.019088,0.222222,20,866),(870,'Aguas subterraneas','No description',3,0.019088,0.222222,20,866),(871,'Nivel freatico','No description',3,0.019088,0.222222,20,866),(872,'Atmosfera','No description',2,0.0636267,0.206186,20,857),(873,'Calidad del aire','No description',3,0.0254507,0.4,20,872),(874,'Clima y microclimas','No description',3,0.019088,0.3,20,872),(875,'Ruido','No description',3,0.019088,0.3,20,872),(876,'Biotico','No description',1,0.424179,0.424179,20,856),(877,'Flora','No description',2,0.21209,0.500001,20,876),(878,'Cobertura vegetal','No description',3,0.106045,0.5,20,877),(879,'Diversidad vegetal','No description',3,0.106045,0.5,20,877),(880,'Fauna','No description',2,0.212089,0.499999,20,876),(881,'Diversidad fauna','No description',3,0.0530223,0.25,20,880),(882,'Fuentes de alimentación','No description',3,0.0530223,0.25,20,880),(883,'Habitad','No description',3,0.0530223,0.25,20,880),(884,'Población','No description',3,0.0530223,0.25,20,880),(885,'Social','No description',1,0.267232,0.267232,20,856),(886,'Comunidad','No description',2,0.076352,0.285714,20,885),(887,'Valores ciuadadanos','No description',3,0.0127253,0.166667,20,886),(888,'Participacion ciudadana','No description',3,0.0254507,0.333333,20,886),(889,'Demanda de bienestar social','No description',3,0.038176,0.5,20,886),(890,'Infraestructura','No description',2,0.0636268,0.238096,20,885),(891,'Trasporte','No description',3,0.0318134,0.5,20,890),(892,'Servicios públicos','No description',3,0.0318134,0.5,20,890),(893,'Cultura','No description',2,0.0636267,0.238095,20,885),(894,'Valores y prácticas culturales','No description',3,0.019088,0.3,20,893),(895,'Uso y manejo del entorno','No description',3,0.0254507,0.4,20,893),(896,'Arqueología','No description',3,0.019088,0.3,20,893),(897,'Economia','No description',2,0.0636267,0.238095,20,885),(898,'Estructura de la propiedad','No description',3,0.0254507,0.4,20,897),(899,'Procesos productivos y tecnologicos','No description',3,0.019088,0.3,20,897),(900,'Mercado laboral','No description',3,0.019088,0.3,20,897),(901,'Entorno','No description',0,1,0,21,NULL),(902,'Fisico','No description',1,0.30859,0.308589,21,901),(903,'Geoforma','No description',2,0.0318134,0.103093,21,902),(904,'Morfología','No description',3,0.0159067,0.5,21,903),(905,'Morfodinámica','No description',3,0.0159067,0.5,21,903),(906,'Paisaje','No description',2,0.0318134,0.103093,21,902),(907,'Estetica caracteristica','No description',3,0.0318134,1,21,906),(908,'Suelo','No description',2,0.09544,0.309278,21,902),(909,'Uso del suelo','No description',3,0.04772,0.5,21,908),(910,'Calidad','No description',3,0.04772,0.5,21,908),(911,'Agua','No description',2,0.085896,0.27835,21,902),(912,'Volumen de agua','No description',3,0.019088,0.222222,21,911),(913,'Calidad físico-química','No description',3,0.00954401,0.111111,21,911),(914,'Calidad bacteriologica','No description',3,0.019088,0.222222,21,911),(915,'Aguas subterraneas','No description',3,0.019088,0.222222,21,911),(916,'Nivel freatico','No description',3,0.019088,0.222222,21,911),(917,'Atmosfera','No description',2,0.0636267,0.206186,21,902),(918,'Calidad del aire','No description',3,0.0254507,0.4,21,917),(919,'Clima y microclimas','No description',3,0.019088,0.3,21,917),(920,'Ruido','No description',3,0.019088,0.3,21,917),(921,'Biotico','No description',1,0.424179,0.424179,21,901),(922,'Flora','No description',2,0.21209,0.500001,21,921),(923,'Cobertura vegetal','No description',3,0.106045,0.5,21,922),(924,'Diversidad vegetal','No description',3,0.106045,0.5,21,922),(925,'Fauna','No description',2,0.212089,0.499999,21,921),(926,'Diversidad fauna','No description',3,0.0530223,0.25,21,925),(927,'Fuentes de alimentación','No description',3,0.0530223,0.25,21,925),(928,'Habitad','No description',3,0.0530223,0.25,21,925),(929,'Población','No description',3,0.0530223,0.25,21,925),(930,'Social','No description',1,0.267232,0.267232,21,901),(931,'Comunidad','No description',2,0.076352,0.285714,21,930),(932,'Valores ciuadadanos','No description',3,0.0127253,0.166667,21,931),(933,'Participacion ciudadana','No description',3,0.0254507,0.333333,21,931),(934,'Demanda de bienestar social','No description',3,0.038176,0.5,21,931),(935,'Infraestructura','No description',2,0.0636268,0.238096,21,930),(936,'Trasporte','No description',3,0.0318134,0.5,21,935),(937,'Servicios públicos','No description',3,0.0318134,0.5,21,935),(938,'Cultura','No description',2,0.0636267,0.238095,21,930),(939,'Valores y prácticas culturales','No description',3,0.019088,0.3,21,938),(940,'Uso y manejo del entorno','No description',3,0.0254507,0.4,21,938),(941,'Arqueología','No description',3,0.019088,0.3,21,938),(942,'Economia','No description',2,0.0636267,0.238095,21,930),(943,'Estructura de la propiedad','No description',3,0.0254507,0.4,21,942),(944,'Procesos productivos y tecnologicos','No description',3,0.019088,0.3,21,942),(945,'Mercado laboral','No description',3,0.019088,0.3,21,942),(946,'Entorno','No description',0,1,0,22,NULL),(947,'Fisico','No description',1,0.30859,0.308589,22,946),(948,'Geoforma','No description',2,0.0318134,0.103093,22,947),(949,'Morfología','No description',3,0.0159067,0.5,22,948),(950,'Morfodinámica','No description',3,0.0159067,0.5,22,948),(951,'Paisaje','No description',2,0.0318134,0.103093,22,947),(952,'Estetica caracteristica','No description',3,0.0318134,1,22,951),(953,'Suelo','No description',2,0.09544,0.309278,22,947),(954,'Uso del suelo','No description',3,0.04772,0.5,22,953),(955,'Calidad','No description',3,0.04772,0.5,22,953),(956,'Agua','No description',2,0.085896,0.27835,22,947),(957,'Volumen de agua','No description',3,0.019088,0.222222,22,956),(958,'Calidad físico-química','No description',3,0.00954401,0.111111,22,956),(959,'Calidad bacteriologica','No description',3,0.019088,0.222222,22,956),(960,'Aguas subterraneas','No description',3,0.019088,0.222222,22,956),(961,'Nivel freatico','No description',3,0.019088,0.222222,22,956),(962,'Atmosfera','No description',2,0.0636267,0.206186,22,947),(963,'Calidad del aire','No description',3,0.0254507,0.4,22,962),(964,'Clima y microclimas','No description',3,0.019088,0.3,22,962),(965,'Ruido','No description',3,0.019088,0.3,22,962),(966,'Biotico','No description',1,0.424179,0.424179,22,946),(967,'Flora','No description',2,0.21209,0.500001,22,966),(968,'Cobertura vegetal','No description',3,0.106045,0.5,22,967),(969,'Diversidad vegetal','No description',3,0.106045,0.5,22,967),(970,'Fauna','No description',2,0.212089,0.499999,22,966),(971,'Diversidad fauna','No description',3,0.0530223,0.25,22,970),(972,'Fuentes de alimentación','No description',3,0.0530223,0.25,22,970),(973,'Habitad','No description',3,0.0530223,0.25,22,970),(974,'Población','No description',3,0.0530223,0.25,22,970),(975,'Social','No description',1,0.267232,0.267232,22,946),(976,'Comunidad','No description',2,0.076352,0.285714,22,975),(977,'Valores ciuadadanos','No description',3,0.0127253,0.166667,22,976),(978,'Participacion ciudadana','No description',3,0.0254507,0.333333,22,976),(979,'Demanda de bienestar social','No description',3,0.038176,0.5,22,976),(980,'Infraestructura','No description',2,0.0636268,0.238096,22,975),(981,'Trasporte','No description',3,0.0318134,0.5,22,980),(982,'Servicios públicos','No description',3,0.0318134,0.5,22,980),(983,'Cultura','No description',2,0.0636267,0.238095,22,975),(984,'Valores y prácticas culturales','No description',3,0.019088,0.3,22,983),(985,'Uso y manejo del entorno','No description',3,0.0254507,0.4,22,983),(986,'Arqueología','No description',3,0.019088,0.3,22,983),(987,'Economia','No description',2,0.0636267,0.238095,22,975),(988,'Estructura de la propiedad','No description',3,0.0254507,0.4,22,987),(989,'Procesos productivos y tecnologicos','No description',3,0.019088,0.3,22,987),(990,'Mercado laboral','No description',3,0.019088,0.3,22,987),(991,'Entorno','No description',0,1,0,23,NULL),(992,'Fisico','No description',1,0.30859,0.308589,23,991),(993,'Geoforma','No description',2,0.0318134,0.103093,23,992),(994,'Morfología','No description',3,0.0159067,0.5,23,993),(995,'Morfodinámica','No description',3,0.0159067,0.5,23,993),(996,'Paisaje','No description',2,0.0318134,0.103093,23,992),(997,'Estetica caracteristica','No description',3,0.0318134,1,23,996),(998,'Suelo','No description',2,0.09544,0.309278,23,992),(999,'Uso del suelo','No description',3,0.04772,0.5,23,998),(1000,'Calidad','No description',3,0.04772,0.5,23,998),(1001,'Agua','No description',2,0.085896,0.27835,23,992),(1002,'Volumen de agua','No description',3,0.019088,0.222222,23,1001),(1003,'Calidad físico-química','No description',3,0.00954401,0.111111,23,1001),(1004,'Calidad bacteriologica','No description',3,0.019088,0.222222,23,1001),(1005,'Aguas subterraneas','No description',3,0.019088,0.222222,23,1001),(1006,'Nivel freatico','No description',3,0.019088,0.222222,23,1001),(1007,'Atmosfera','No description',2,0.0636267,0.206186,23,992),(1008,'Calidad del aire','No description',3,0.0254507,0.4,23,1007),(1009,'Clima y microclimas','No description',3,0.019088,0.3,23,1007),(1010,'Ruido','No description',3,0.019088,0.3,23,1007),(1011,'Biotico','No description',1,0.424179,0.424179,23,991),(1012,'Flora','No description',2,0.21209,0.500001,23,1011),(1013,'Cobertura vegetal','No description',3,0.106045,0.5,23,1012),(1014,'Diversidad vegetal','No description',3,0.106045,0.5,23,1012),(1015,'Fauna','No description',2,0.212089,0.499999,23,1011),(1016,'Diversidad fauna','No description',3,0.0530223,0.25,23,1015),(1017,'Fuentes de alimentación','No description',3,0.0530223,0.25,23,1015),(1018,'Habitad','No description',3,0.0530223,0.25,23,1015),(1019,'Población','No description',3,0.0530223,0.25,23,1015),(1020,'Social','No description',1,0.267232,0.267232,23,991),(1021,'Comunidad','No description',2,0.076352,0.285714,23,1020),(1022,'Valores ciuadadanos','No description',3,0.0127253,0.166667,23,1021),(1023,'Participacion ciudadana','No description',3,0.0254507,0.333333,23,1021),(1024,'Demanda de bienestar social','No description',3,0.038176,0.5,23,1021),(1025,'Infraestructura','No description',2,0.0636268,0.238096,23,1020),(1026,'Trasporte','No description',3,0.0318134,0.5,23,1025),(1027,'Servicios públicos','No description',3,0.0318134,0.5,23,1025),(1028,'Cultura','No description',2,0.0636267,0.238095,23,1020),(1029,'Valores y prácticas culturales','No description',3,0.019088,0.3,23,1028),(1030,'Uso y manejo del entorno','No description',3,0.0254507,0.4,23,1028),(1031,'Arqueología','No description',3,0.019088,0.3,23,1028),(1032,'Economia','No description',2,0.0636267,0.238095,23,1020),(1033,'Estructura de la propiedad','No description',3,0.0254507,0.4,23,1032),(1034,'Procesos productivos y tecnologicos','No description',3,0.019088,0.3,23,1032),(1035,'Mercado laboral','No description',3,0.019088,0.3,23,1032),(1036,'Entorno','No description',0,1,0,24,NULL),(1037,'Fisico','No description',1,0.30859,0.308589,24,1036),(1038,'Geoforma','No description',2,0.0318134,0.103093,24,1037),(1039,'Morfología','No description',3,0.0159067,0.5,24,1038),(1040,'Morfodinámica','No description',3,0.0159067,0.5,24,1038),(1041,'Paisaje','No description',2,0.0318134,0.103093,24,1037),(1042,'Estetica caracteristica','No description',3,0.0318134,1,24,1041),(1043,'Suelo','No description',2,0.09544,0.309278,24,1037),(1044,'Uso del suelo','No description',3,0.04772,0.5,24,1043),(1045,'Calidad','No description',3,0.04772,0.5,24,1043),(1046,'Agua','No description',2,0.085896,0.27835,24,1037),(1047,'Volumen de agua','No description',3,0.019088,0.222222,24,1046),(1048,'Calidad físico-química','No description',3,0.00954401,0.111111,24,1046),(1049,'Calidad bacteriologica','No description',3,0.019088,0.222222,24,1046),(1050,'Aguas subterraneas','No description',3,0.019088,0.222222,24,1046),(1051,'Nivel freatico','No description',3,0.019088,0.222222,24,1046),(1052,'Atmosfera','No description',2,0.0636267,0.206186,24,1037),(1053,'Calidad del aire','No description',3,0.0254507,0.4,24,1052),(1054,'Clima y microclimas','No description',3,0.019088,0.3,24,1052),(1055,'Ruido','No description',3,0.019088,0.3,24,1052),(1056,'Biotico','No description',1,0.424179,0.424179,24,1036),(1057,'Flora','No description',2,0.21209,0.500001,24,1056),(1058,'Cobertura vegetal','No description',3,0.106045,0.5,24,1057),(1059,'Diversidad vegetal','No description',3,0.106045,0.5,24,1057),(1060,'Fauna','No description',2,0.212089,0.499999,24,1056),(1061,'Diversidad fauna','No description',3,0.0530223,0.25,24,1060),(1062,'Fuentes de alimentación','No description',3,0.0530223,0.25,24,1060),(1063,'Habitad','No description',3,0.0530223,0.25,24,1060),(1064,'Población','No description',3,0.0530223,0.25,24,1060),(1065,'Social','No description',1,0.267232,0.267232,24,1036),(1066,'Comunidad','No description',2,0.076352,0.285714,24,1065),(1067,'Valores ciuadadanos','No description',3,0.0127253,0.166667,24,1066),(1068,'Participacion ciudadana','No description',3,0.0254507,0.333333,24,1066),(1069,'Demanda de bienestar social','No description',3,0.038176,0.5,24,1066),(1070,'Infraestructura','No description',2,0.0636268,0.238096,24,1065),(1071,'Trasporte','No description',3,0.0318134,0.5,24,1070),(1072,'Servicios públicos','No description',3,0.0318134,0.5,24,1070),(1073,'Cultura','No description',2,0.0636267,0.238095,24,1065),(1074,'Valores y prácticas culturales','No description',3,0.019088,0.3,24,1073),(1075,'Uso y manejo del entorno','No description',3,0.0254507,0.4,24,1073),(1076,'Arqueología','No description',3,0.019088,0.3,24,1073),(1077,'Economia','No description',2,0.0636267,0.238095,24,1065),(1078,'Estructura de la propiedad','No description',3,0.0254507,0.4,24,1077),(1079,'Procesos productivos y tecnologicos','No description',3,0.019088,0.3,24,1077),(1080,'Mercado laboral','No description',3,0.019088,0.3,24,1077),(1081,'Entorno','No description',0,1,0,25,NULL),(1082,'Fisico','No description',1,0.30859,0.308589,25,1081),(1083,'Geoforma','No description',2,0.0318134,0.103093,25,1082),(1084,'Morfología','No description',3,0.0159067,0.5,25,1083),(1085,'Morfodinámica','No description',3,0.0159067,0.5,25,1083),(1086,'Paisaje','No description',2,0.0318134,0.103093,25,1082),(1087,'Estetica caracteristica','No description',3,0.0318134,1,25,1086),(1088,'Suelo','No description',2,0.09544,0.309278,25,1082),(1089,'Uso del suelo','No description',3,0.04772,0.5,25,1088),(1090,'Calidad','No description',3,0.04772,0.5,25,1088),(1091,'Agua','No description',2,0.085896,0.27835,25,1082),(1092,'Volumen de agua','No description',3,0.019088,0.222222,25,1091),(1093,'Calidad físico-química','No description',3,0.00954401,0.111111,25,1091),(1094,'Calidad bacteriologica','No description',3,0.019088,0.222222,25,1091),(1095,'Aguas subterraneas','No description',3,0.019088,0.222222,25,1091),(1096,'Nivel freatico','No description',3,0.019088,0.222222,25,1091),(1097,'Atmosfera','No description',2,0.0636267,0.206186,25,1082),(1098,'Calidad del aire','No description',3,0.0254507,0.4,25,1097),(1099,'Clima y microclimas','No description',3,0.019088,0.3,25,1097),(1100,'Ruido','No description',3,0.019088,0.3,25,1097),(1101,'Biotico','No description',1,0.424179,0.424179,25,1081),(1102,'Flora','No description',2,0.21209,0.500001,25,1101),(1103,'Cobertura vegetal','No description',3,0.106045,0.5,25,1102),(1104,'Diversidad vegetal','No description',3,0.106045,0.5,25,1102),(1105,'Fauna','No description',2,0.212089,0.499999,25,1101),(1106,'Diversidad fauna','No description',3,0.0530223,0.25,25,1105),(1107,'Fuentes de alimentación','No description',3,0.0530223,0.25,25,1105),(1108,'Habitad','No description',3,0.0530223,0.25,25,1105),(1109,'Población','No description',3,0.0530223,0.25,25,1105),(1110,'Social','No description',1,0.267232,0.267232,25,1081),(1111,'Comunidad','No description',2,0.076352,0.285714,25,1110),(1112,'Valores ciuadadanos','No description',3,0.0127253,0.166667,25,1111),(1113,'Participacion ciudadana','No description',3,0.0254507,0.333333,25,1111),(1114,'Demanda de bienestar social','No description',3,0.038176,0.5,25,1111),(1115,'Infraestructura','No description',2,0.0636268,0.238096,25,1110),(1116,'Trasporte','No description',3,0.0318134,0.5,25,1115),(1117,'Servicios públicos','No description',3,0.0318134,0.5,25,1115),(1118,'Cultura','No description',2,0.0636267,0.238095,25,1110),(1119,'Valores y prácticas culturales','No description',3,0.019088,0.3,25,1118),(1120,'Uso y manejo del entorno','No description',3,0.0254507,0.4,25,1118),(1121,'Arqueología','No description',3,0.019088,0.3,25,1118),(1122,'Economia','No description',2,0.0636267,0.238095,25,1110),(1123,'Estructura de la propiedad','No description',3,0.0254507,0.4,25,1122),(1124,'Procesos productivos y tecnologicos','No description',3,0.019088,0.3,25,1122),(1125,'Mercado laboral','No description',3,0.019088,0.3,25,1122),(1126,'Entorno','No description',0,1,0,26,NULL),(1127,'Fisico','No description',1,0.30859,0.308589,26,1126),(1128,'Geoforma','No description',2,0.0318134,0.103093,26,1127),(1129,'Morfología','No description',3,0.0159067,0.5,26,1128),(1130,'Morfodinámica','No description',3,0.0159067,0.5,26,1128),(1131,'Paisaje','No description',2,0.0318134,0.103093,26,1127),(1132,'Estetica caracteristica','No description',3,0.0318134,1,26,1131),(1133,'Suelo','No description',2,0.09544,0.309278,26,1127),(1134,'Uso del suelo','No description',3,0.04772,0.5,26,1133),(1135,'Calidad','No description',3,0.04772,0.5,26,1133),(1136,'Agua','No description',2,0.085896,0.27835,26,1127),(1137,'Volumen de agua','No description',3,0.019088,0.222222,26,1136),(1138,'Calidad físico-química','No description',3,0.00954401,0.111111,26,1136),(1139,'Calidad bacteriologica','No description',3,0.019088,0.222222,26,1136),(1140,'Aguas subterraneas','No description',3,0.019088,0.222222,26,1136),(1141,'Nivel freatico','No description',3,0.019088,0.222222,26,1136),(1142,'Atmosfera','No description',2,0.0636267,0.206186,26,1127),(1143,'Calidad del aire','No description',3,0.0254507,0.4,26,1142),(1144,'Clima y microclimas','No description',3,0.019088,0.3,26,1142),(1145,'Ruido','No description',3,0.019088,0.3,26,1142),(1146,'Biotico','No description',1,0.424179,0.424179,26,1126),(1147,'Flora','No description',2,0.21209,0.500001,26,1146),(1148,'Cobertura vegetal','No description',3,0.106045,0.5,26,1147),(1149,'Diversidad vegetal','No description',3,0.106045,0.5,26,1147),(1150,'Fauna','No description',2,0.212089,0.499999,26,1146),(1151,'Diversidad fauna','No description',3,0.0530223,0.25,26,1150),(1152,'Fuentes de alimentación','No description',3,0.0530223,0.25,26,1150),(1153,'Habitad','No description',3,0.0530223,0.25,26,1150),(1154,'Población','No description',3,0.0530223,0.25,26,1150),(1155,'Social','No description',1,0.267232,0.267232,26,1126),(1156,'Comunidad','No description',2,0.076352,0.285714,26,1155),(1157,'Valores ciuadadanos','No description',3,0.0127253,0.166667,26,1156),(1158,'Participacion ciudadana','No description',3,0.0254507,0.333333,26,1156),(1159,'Demanda de bienestar social','No description',3,0.038176,0.5,26,1156),(1160,'Infraestructura','No description',2,0.0636268,0.238096,26,1155),(1161,'Trasporte','No description',3,0.0318134,0.5,26,1160),(1162,'Servicios públicos','No description',3,0.0318134,0.5,26,1160),(1163,'Cultura','No description',2,0.0636267,0.238095,26,1155),(1164,'Valores y prácticas culturales','No description',3,0.019088,0.3,26,1163),(1165,'Uso y manejo del entorno','No description',3,0.0254507,0.4,26,1163),(1166,'Arqueología','No description',3,0.019088,0.3,26,1163),(1167,'Economia','No description',2,0.0636267,0.238095,26,1155),(1168,'Estructura de la propiedad','No description',3,0.0254507,0.4,26,1167),(1169,'Procesos productivos y tecnologicos','No description',3,0.019088,0.3,26,1167),(1170,'Mercado laboral','No description',3,0.019088,0.3,26,1167),(1171,'Entorno','No description',0,1,0,27,NULL),(1172,'Fisico','No description',1,0.30859,0.308589,27,1171),(1173,'Geoforma','No description',2,0.0318134,0.103093,27,1172),(1174,'Morfología','No description',3,0.0159067,0.5,27,1173),(1175,'Morfodinámica','No description',3,0.0159067,0.5,27,1173),(1176,'Paisaje','No description',2,0.0318134,0.103093,27,1172),(1177,'Estetica caracteristica','No description',3,0.0318134,1,27,1176),(1178,'Suelo','No description',2,0.09544,0.309278,27,1172),(1179,'Uso del suelo','No description',3,0.04772,0.5,27,1178),(1180,'Calidad','No description',3,0.04772,0.5,27,1178),(1181,'Agua','No description',2,0.085896,0.27835,27,1172),(1182,'Volumen de agua','No description',3,0.019088,0.222222,27,1181),(1183,'Calidad físico-química','No description',3,0.00954401,0.111111,27,1181),(1184,'Calidad bacteriologica','No description',3,0.019088,0.222222,27,1181),(1185,'Aguas subterraneas','No description',3,0.019088,0.222222,27,1181),(1186,'Nivel freatico','No description',3,0.019088,0.222222,27,1181),(1187,'Atmosfera','No description',2,0.0636267,0.206186,27,1172),(1188,'Calidad del aire','No description',3,0.0254507,0.4,27,1187),(1189,'Clima y microclimas','No description',3,0.019088,0.3,27,1187),(1190,'Ruido','No description',3,0.019088,0.3,27,1187),(1191,'Biotico','No description',1,0.424179,0.424179,27,1171),(1192,'Flora','No description',2,0.21209,0.500001,27,1191),(1193,'Cobertura vegetal','No description',3,0.106045,0.5,27,1192),(1194,'Diversidad vegetal','No description',3,0.106045,0.5,27,1192),(1195,'Fauna','No description',2,0.212089,0.499999,27,1191),(1196,'Diversidad fauna','No description',3,0.0530223,0.25,27,1195),(1197,'Fuentes de alimentación','No description',3,0.0530223,0.25,27,1195),(1198,'Habitad','No description',3,0.0530223,0.25,27,1195),(1199,'Población','No description',3,0.0530223,0.25,27,1195),(1200,'Social','No description',1,0.267232,0.267232,27,1171),(1201,'Comunidad','No description',2,0.076352,0.285714,27,1200),(1202,'Valores ciuadadanos','No description',3,0.0127253,0.166667,27,1201),(1203,'Participacion ciudadana','No description',3,0.0254507,0.333333,27,1201),(1204,'Demanda de bienestar social','No description',3,0.038176,0.5,27,1201),(1205,'Infraestructura','No description',2,0.0636268,0.238096,27,1200),(1206,'Trasporte','No description',3,0.0318134,0.5,27,1205),(1207,'Servicios públicos','No description',3,0.0318134,0.5,27,1205),(1208,'Cultura','No description',2,0.0636267,0.238095,27,1200),(1209,'Valores y prácticas culturales','No description',3,0.019088,0.3,27,1208),(1210,'Uso y manejo del entorno','No description',3,0.0254507,0.4,27,1208),(1211,'Arqueología','No description',3,0.019088,0.3,27,1208),(1212,'Economia','No description',2,0.0636267,0.238095,27,1200),(1213,'Estructura de la propiedad','No description',3,0.0254507,0.4,27,1212),(1214,'Procesos productivos y tecnologicos','No description',3,0.019088,0.3,27,1212),(1215,'Mercado laboral','No description',3,0.019088,0.3,27,1212),(1216,'Entorno','No description',0,1,0,28,NULL),(1217,'Fisico','No description',1,0.30859,0.308589,28,1216),(1218,'Geoforma','No description',2,0.0318134,0.103093,28,1217),(1219,'Morfología','No description',3,0.0159067,0.5,28,1218),(1220,'Morfodinámica','No description',3,0.0159067,0.5,28,1218),(1221,'Paisaje','No description',2,0.0318134,0.103093,28,1217),(1222,'Estetica caracteristica','No description',3,0.0318134,1,28,1221),(1223,'Suelo','No description',2,0.09544,0.309278,28,1217),(1224,'Uso del suelo','No description',3,0.04772,0.5,28,1223),(1225,'Calidad','No description',3,0.04772,0.5,28,1223),(1226,'Agua','No description',2,0.085896,0.27835,28,1217),(1227,'Volumen de agua','No description',3,0.019088,0.222222,28,1226),(1228,'Calidad físico-química','No description',3,0.00954401,0.111111,28,1226),(1229,'Calidad bacteriologica','No description',3,0.019088,0.222222,28,1226),(1230,'Aguas subterraneas','No description',3,0.019088,0.222222,28,1226),(1231,'Nivel freatico','No description',3,0.019088,0.222222,28,1226),(1232,'Atmosfera','No description',2,0.0636267,0.206186,28,1217),(1233,'Calidad del aire','No description',3,0.0254507,0.4,28,1232),(1234,'Clima y microclimas','No description',3,0.019088,0.3,28,1232),(1235,'Ruido','No description',3,0.019088,0.3,28,1232),(1236,'Biotico','No description',1,0.424179,0.424179,28,1216),(1237,'Flora','No description',2,0.21209,0.500001,28,1236),(1238,'Cobertura vegetal','No description',3,0.106045,0.5,28,1237),(1239,'Diversidad vegetal','No description',3,0.106045,0.5,28,1237),(1240,'Fauna','No description',2,0.212089,0.499999,28,1236),(1241,'Diversidad fauna','No description',3,0.0530223,0.25,28,1240),(1242,'Fuentes de alimentación','No description',3,0.0530223,0.25,28,1240),(1243,'Habitad','No description',3,0.0530223,0.25,28,1240),(1244,'Población','No description',3,0.0530223,0.25,28,1240),(1245,'Social','No description',1,0.267232,0.267232,28,1216),(1246,'Comunidad','No description',2,0.076352,0.285714,28,1245),(1247,'Valores ciuadadanos','No description',3,0.0127253,0.166667,28,1246),(1248,'Participacion ciudadana','No description',3,0.0254507,0.333333,28,1246),(1249,'Demanda de bienestar social','No description',3,0.038176,0.5,28,1246),(1250,'Infraestructura','No description',2,0.0636268,0.238096,28,1245),(1251,'Trasporte','No description',3,0.0318134,0.5,28,1250),(1252,'Servicios públicos','No description',3,0.0318134,0.5,28,1250),(1253,'Cultura','No description',2,0.0636267,0.238095,28,1245),(1254,'Valores y prácticas culturales','No description',3,0.019088,0.3,28,1253),(1255,'Uso y manejo del entorno','No description',3,0.0254507,0.4,28,1253),(1256,'Arqueología','No description',3,0.019088,0.3,28,1253),(1257,'Economia','No description',2,0.0636267,0.238095,28,1245),(1258,'Estructura de la propiedad','No description',3,0.0254507,0.4,28,1257),(1259,'Procesos productivos y tecnologicos','No description',3,0.019088,0.3,28,1257),(1260,'Mercado laboral','No description',3,0.019088,0.3,28,1257),(1261,'Entorno','No description',0,1,0,29,NULL),(1262,'Fisico','No description',1,0.30859,0.308589,29,1261),(1263,'Geoforma','No description',2,0.0318134,0.103093,29,1262),(1264,'Morfología','No description',3,0.0159067,0.5,29,1263),(1265,'Morfodinámica','No description',3,0.0159067,0.5,29,1263),(1266,'Paisaje','No description',2,0.0318134,0.103093,29,1262),(1267,'Estetica caracteristica','No description',3,0.0318134,1,29,1266),(1268,'Suelo','No description',2,0.09544,0.309278,29,1262),(1269,'Uso del suelo','No description',3,0.04772,0.5,29,1268),(1270,'Calidad','No description',3,0.04772,0.5,29,1268),(1271,'Agua','No description',2,0.085896,0.27835,29,1262),(1272,'Volumen de agua','No description',3,0.019088,0.222222,29,1271),(1273,'Calidad físico-química','No description',3,0.00954401,0.111111,29,1271),(1274,'Calidad bacteriologica','No description',3,0.019088,0.222222,29,1271),(1275,'Aguas subterraneas','No description',3,0.019088,0.222222,29,1271),(1276,'Nivel freatico','No description',3,0.019088,0.222222,29,1271),(1277,'Atmosfera','No description',2,0.0636267,0.206186,29,1262),(1278,'Calidad del aire','No description',3,0.0254507,0.4,29,1277),(1279,'Clima y microclimas','No description',3,0.019088,0.3,29,1277),(1280,'Ruido','No description',3,0.019088,0.3,29,1277),(1281,'Biotico','No description',1,0.424179,0.424179,29,1261),(1282,'Flora','No description',2,0.21209,0.500001,29,1281),(1283,'Cobertura vegetal','No description',3,0.106045,0.5,29,1282),(1284,'Diversidad vegetal','No description',3,0.106045,0.5,29,1282),(1285,'Fauna','No description',2,0.212089,0.499999,29,1281),(1286,'Diversidad fauna','No description',3,0.0530223,0.25,29,1285),(1287,'Fuentes de alimentación','No description',3,0.0530223,0.25,29,1285),(1288,'Habitad','No description',3,0.0530223,0.25,29,1285),(1289,'Población','No description',3,0.0530223,0.25,29,1285),(1290,'Social','No description',1,0.267232,0.267232,29,1261),(1291,'Comunidad','No description',2,0.076352,0.285714,29,1290),(1292,'Valores ciuadadanos','No description',3,0.0127253,0.166667,29,1291),(1293,'Participacion ciudadana','No description',3,0.0254507,0.333333,29,1291),(1294,'Demanda de bienestar social','No description',3,0.038176,0.5,29,1291),(1295,'Infraestructura','No description',2,0.0636268,0.238096,29,1290),(1296,'Trasporte','No description',3,0.0318134,0.5,29,1295),(1297,'Servicios públicos','No description',3,0.0318134,0.5,29,1295),(1298,'Cultura','No description',2,0.0636267,0.238095,29,1290),(1299,'Valores y prácticas culturales','No description',3,0.019088,0.3,29,1298),(1300,'Uso y manejo del entorno','No description',3,0.0254507,0.4,29,1298),(1301,'Arqueología','No description',3,0.019088,0.3,29,1298),(1302,'Economia','No description',2,0.0636267,0.238095,29,1290),(1303,'Estructura de la propiedad','No description',3,0.0254507,0.4,29,1302),(1304,'Procesos productivos y tecnologicos','No description',3,0.019088,0.3,29,1302),(1305,'Mercado laboral','No description',3,0.019088,0.3,29,1302),(1306,'Entorno','No description',0,1,0,30,NULL),(1307,'Fisico','No description',1,0.30859,0.308589,30,1306),(1308,'Geoforma','No description',2,0.0318134,0.103093,30,1307),(1309,'Morfología','No description',3,0.0159067,0.5,30,1308),(1310,'Morfodinámica','No description',3,0.0159067,0.5,30,1308),(1311,'Paisaje','No description',2,0.0318134,0.103093,30,1307),(1312,'Estetica caracteristica','No description',3,0.0318134,1,30,1311),(1313,'Suelo','No description',2,0.09544,0.309278,30,1307),(1314,'Uso del suelo','No description',3,0.04772,0.5,30,1313),(1315,'Calidad','No description',3,0.04772,0.5,30,1313),(1316,'Agua','No description',2,0.085896,0.27835,30,1307),(1317,'Volumen de agua','No description',3,0.019088,0.222222,30,1316),(1318,'Calidad físico-química','No description',3,0.00954401,0.111111,30,1316),(1319,'Calidad bacteriologica','No description',3,0.019088,0.222222,30,1316),(1320,'Aguas subterraneas','No description',3,0.019088,0.222222,30,1316),(1321,'Nivel freatico','No description',3,0.019088,0.222222,30,1316),(1322,'Atmosfera','No description',2,0.0636267,0.206186,30,1307),(1323,'Calidad del aire','No description',3,0.0254507,0.4,30,1322),(1324,'Clima y microclimas','No description',3,0.019088,0.3,30,1322),(1325,'Ruido','No description',3,0.019088,0.3,30,1322),(1326,'Biotico','No description',1,0.424179,0.424179,30,1306),(1327,'Flora','No description',2,0.21209,0.500001,30,1326),(1328,'Cobertura vegetal','No description',3,0.106045,0.5,30,1327),(1329,'Diversidad vegetal','No description',3,0.106045,0.5,30,1327),(1330,'Fauna','No description',2,0.212089,0.499999,30,1326),(1331,'Diversidad fauna','No description',3,0.0530223,0.25,30,1330),(1332,'Fuentes de alimentación','No description',3,0.0530223,0.25,30,1330),(1333,'Habitad','No description',3,0.0530223,0.25,30,1330),(1334,'Población','No description',3,0.0530223,0.25,30,1330),(1335,'Social','No description',1,0.267232,0.267232,30,1306),(1336,'Comunidad','No description',2,0.076352,0.285714,30,1335),(1337,'Valores ciuadadanos','No description',3,0.0127253,0.166667,30,1336),(1338,'Participacion ciudadana','No description',3,0.0254507,0.333333,30,1336),(1339,'Demanda de bienestar social','No description',3,0.038176,0.5,30,1336),(1340,'Infraestructura','No description',2,0.0636268,0.238096,30,1335),(1341,'Trasporte','No description',3,0.0318134,0.5,30,1340),(1342,'Servicios públicos','No description',3,0.0318134,0.5,30,1340),(1343,'Cultura','No description',2,0.0636267,0.238095,30,1335),(1344,'Valores y prácticas culturales','No description',3,0.019088,0.3,30,1343),(1345,'Uso y manejo del entorno','No description',3,0.0254507,0.4,30,1343),(1346,'Arqueología','No description',3,0.019088,0.3,30,1343),(1347,'Economia','No description',2,0.0636267,0.238095,30,1335),(1348,'Estructura de la propiedad','No description',3,0.0254507,0.4,30,1347),(1349,'Procesos productivos y tecnologicos','No description',3,0.019088,0.3,30,1347),(1350,'Mercado laboral','No description',3,0.019088,0.3,30,1347),(1351,'Ambiente','No description',0,1,0,31,NULL),(1352,'F 1.','No description',1,0.555555,0.555555,31,1351),(1353,'F 1.1.','No description',2,0.296296,0.533334,31,1352),(1354,'F 1.1.1.','No description',3,0.0740741,0.25,31,1353),(1355,'F 1.1.2.','No description',3,0.0740741,0.25,31,1353),(1356,'F 1.1.3.','No description',3,0.0740741,0.25,31,1353),(1357,'F 1.1.4.','No description',3,0.0740741,0.25,31,1353),(1358,'F 1.2.','No description',2,0.259259,0.466666,31,1352),(1359,'F 1.2.1.','No description',3,0.0740741,0.285714,31,1358),(1360,'F 1.2.2.','No description',3,0.185185,0.714286,31,1358),(1361,'F 2.','No description',1,0.444445,0.444445,31,1351),(1362,'F 2.1.','No description',2,0.296296,0.666667,31,1361),(1363,'F 2.1.1.','No description',3,0.0740741,0.25,31,1362),(1364,'F 2.1.2.','No description',3,0.0740741,0.25,31,1362),(1365,'F 2.1.3.','No description',3,0.0740741,0.25,31,1362),(1366,'F 2.1.4.','No description',3,0.0740741,0.25,31,1362),(1367,'F 2.2.','No description',2,0.148148,0.333333,31,1361),(1368,'F 2.2.1.','No description',3,0.0740741,0.5,31,1367),(1369,'F 2.2.2.','No description',3,0.0740741,0.5,31,1367),(1370,'NN','No description',0,0,0,32,NULL);
/*!40000 ALTER TABLE `factors` ENABLE KEYS */;
UNLOCK TABLES;

--
-- Table structure for table `groups`
--

DROP TABLE IF EXISTS `groups`;
/*!40101 SET @saved_cs_client     = @@character_set_client */;
/*!40101 SET character_set_client = utf8 */;
CREATE TABLE `groups` (
  `id` int(11) NOT NULL AUTO_INCREMENT,
  `name` varchar(255) NOT NULL,
  `created` datetime NOT NULL,
  `modified` datetime NOT NULL,
  PRIMARY KEY (`id`),
  UNIQUE KEY `name` (`name`)
) ENGINE=InnoDB AUTO_INCREMENT=6 DEFAULT CHARSET=latin1;
/*!40101 SET character_set_client = @saved_cs_client */;

--
-- Dumping data for table `groups`
--

LOCK TABLES `groups` WRITE;
/*!40000 ALTER TABLE `groups` DISABLE KEYS */;
INSERT INTO `groups` VALUES (1,'administrator','2016-06-11 12:20:54','2016-06-11 12:20:54'),(2,'manager','2016-06-11 12:20:54','2016-06-11 12:20:54'),(3,'leader','2016-06-11 12:20:54','2016-06-11 12:20:54'),(4,'expert','2016-06-11 12:20:54','2016-06-11 12:20:54'),(5,'viewer','2016-06-11 12:20:54','2016-06-11 12:20:54');
/*!40000 ALTER TABLE `groups` ENABLE KEYS */;
UNLOCK TABLES;

--
-- Table structure for table `groups_permissions`
--

DROP TABLE IF EXISTS `groups_permissions`;
/*!40101 SET @saved_cs_client     = @@character_set_client */;
/*!40101 SET character_set_client = utf8 */;
CREATE TABLE `groups_permissions` (
  `id` int(11) NOT NULL AUTO_INCREMENT,
  `group_id` int(11) NOT NULL,
  `permission_id` int(11) NOT NULL,
  `active` tinyint(4) NOT NULL DEFAULT '0',
  PRIMARY KEY (`id`),
  KEY `group_id` (`group_id`),
  KEY `permission_id` (`permission_id`),
  CONSTRAINT `groups_permissions_ibfk_1` FOREIGN KEY (`group_id`) REFERENCES `groups` (`id`) ON DELETE CASCADE ON UPDATE CASCADE,
  CONSTRAINT `groups_permissions_ibfk_2` FOREIGN KEY (`permission_id`) REFERENCES `permissions` (`id`) ON DELETE CASCADE ON UPDATE CASCADE
) ENGINE=InnoDB AUTO_INCREMENT=301 DEFAULT CHARSET=latin1;
/*!40101 SET character_set_client = @saved_cs_client */;

--
-- Dumping data for table `groups_permissions`
--

LOCK TABLES `groups_permissions` WRITE;
/*!40000 ALTER TABLE `groups_permissions` DISABLE KEYS */;
INSERT INTO `groups_permissions` VALUES (1,1,1,1),(2,2,1,0),(3,3,1,0),(4,4,1,0),(5,5,1,0),(6,1,2,1),(7,2,2,0),(8,3,2,0),(9,4,2,0),(10,5,2,0),(11,1,3,1),(12,2,3,0),(13,3,3,0),(14,4,3,0),(15,5,3,0),(16,1,4,1),(17,2,4,0),(18,3,4,0),(19,4,4,0),(20,5,4,0),(21,1,5,1),(22,2,5,0),(23,3,5,0),(24,4,5,0),(25,5,5,0),(26,1,6,1),(27,2,6,1),(28,3,6,1),(29,4,6,1),(30,5,6,1),(31,1,7,1),(32,2,7,0),(33,3,7,0),(34,4,7,0),(35,5,7,0),(36,1,8,1),(37,2,8,0),(38,3,8,0),(39,4,8,0),(40,5,8,0),(41,1,9,1),(42,2,9,1),(43,3,9,1),(44,4,9,0),(45,5,9,0),(46,1,10,1),(47,2,10,1),(48,3,10,1),(49,4,10,1),(50,5,10,1),(51,1,11,1),(52,2,11,1),(53,3,11,1),(54,4,11,0),(55,5,11,0),(56,1,12,1),(57,2,12,1),(58,3,12,1),(59,4,12,0),(60,5,12,0),(61,1,13,1),(62,2,13,1),(63,3,13,0),(64,4,13,0),(65,5,13,0),(66,1,14,1),(67,2,14,1),(68,3,14,1),(69,4,14,1),(70,5,14,1),(71,1,15,1),(72,2,15,1),(73,3,15,0),(74,4,15,0),(75,5,15,0),(76,1,16,1),(77,2,16,1),(78,3,16,0),(79,4,16,0),(80,5,16,0),(81,1,17,1),(82,2,17,1),(83,3,17,0),(84,4,17,0),(85,5,17,0),(86,1,18,1),(87,2,18,1),(88,3,18,1),(89,4,18,1),(90,5,18,1),(91,1,19,1),(92,2,19,1),(93,3,19,0),(94,4,19,0),(95,5,19,0),(96,1,20,1),(97,2,20,1),(98,3,20,0),(99,4,20,0),(100,5,20,0),(101,1,21,1),(102,2,21,1),(103,3,21,0),(104,4,21,0),(105,5,21,0),(106,1,22,1),(107,2,22,1),(108,3,22,1),(109,4,22,1),(110,5,22,1),(111,1,23,1),(112,2,23,1),(113,3,23,0),(114,4,23,0),(115,5,23,0),(116,1,24,1),(117,2,24,1),(118,3,24,0),(119,4,24,0),(120,5,24,0),(121,1,25,1),(122,2,25,1),(123,3,25,1),(124,4,25,0),(125,5,25,0),(126,1,26,1),(127,2,26,1),(128,3,26,1),(129,4,26,1),(130,5,26,1),(131,1,27,1),(132,2,27,1),(133,3,27,1),(134,4,27,1),(135,5,27,0),(136,1,28,1),(137,2,28,1),(138,3,28,1),(139,4,28,0),(140,5,28,0),(141,1,29,1),(142,2,29,1),(143,3,29,1),(144,4,29,0),(145,5,29,0),(146,1,30,1),(147,2,30,1),(148,3,30,1),(149,4,30,1),(150,5,30,1),(151,1,31,1),(152,2,31,1),(153,3,31,1),(154,4,31,1),(155,5,31,0),(156,1,32,1),(157,2,32,1),(158,3,32,1),(159,4,32,0),(160,5,32,0),(161,1,33,1),(162,2,33,1),(163,3,33,1),(164,4,33,1),(165,5,33,0),(166,1,34,1),(167,2,34,1),(168,3,34,1),(169,4,34,1),(170,5,34,1),(171,1,35,1),(172,2,35,1),(173,3,35,1),(174,4,35,1),(175,5,35,0),(176,1,36,1),(177,2,36,1),(178,3,36,1),(179,4,36,1),(180,5,36,0),(181,1,37,1),(182,2,37,1),(183,3,37,1),(184,4,37,1),(185,5,37,0),(186,1,38,1),(187,2,38,1),(188,3,38,1),(189,4,38,1),(190,5,38,1),(191,1,39,1),(192,2,39,1),(193,3,39,1),(194,4,39,1),(195,5,39,0),(196,1,40,1),(197,2,40,1),(198,3,40,1),(199,4,40,1),(200,5,40,0),(201,1,41,1),(202,2,41,1),(203,3,41,0),(204,4,41,0),(205,5,41,0),(206,1,42,1),(207,2,42,1),(208,3,42,1),(209,4,42,1),(210,5,42,1),(211,1,43,1),(212,2,43,1),(213,3,43,0),(214,4,43,0),(215,5,43,0),(216,1,44,1),(217,2,44,1),(218,3,44,0),(219,4,44,0),(220,5,44,0),(221,1,45,1),(222,2,45,1),(223,3,45,1),(224,4,45,0),(225,5,45,0),(226,1,46,1),(227,2,46,1),(228,3,46,1),(229,4,46,1),(230,5,46,1),(231,1,47,1),(232,2,47,1),(233,3,47,1),(234,4,47,1),(235,5,47,0),(236,1,48,1),(237,2,48,1),(238,3,48,1),(239,4,48,0),(240,5,48,0),(241,1,49,1),(242,2,49,1),(243,3,49,1),(244,4,49,1),(245,5,49,0),(246,1,50,1),(247,2,50,1),(248,3,50,1),(249,4,50,1),(250,5,50,1),(251,1,51,1),(252,2,51,1),(253,3,51,1),(254,4,51,1),(255,5,51,0),(256,1,52,1),(257,2,52,1),(258,3,52,1),(259,4,52,1),(260,5,52,0),(261,1,53,1),(262,2,53,1),(263,3,53,1),(264,4,53,0),(265,5,53,0),(266,1,54,1),(267,2,54,1),(268,3,54,1),(269,4,54,1),(270,5,54,1),(271,1,55,1),(272,2,55,1),(273,3,55,1),(274,4,55,1),(275,5,55,0),(276,1,56,1),(277,2,56,1),(278,3,56,1),(279,4,56,0),(280,5,56,0),(281,1,57,1),(282,2,57,1),(283,3,57,1),(284,4,57,1),(285,5,57,0),(286,1,58,1),(287,2,58,1),(288,3,58,1),(289,4,58,1),(290,5,58,1),(291,1,59,1),(292,2,59,1),(293,3,59,1),(294,4,59,1),(295,5,59,0),(296,1,60,1),(297,2,60,1),(298,3,60,1),(299,4,60,1),(300,5,60,0);
/*!40000 ALTER TABLE `groups_permissions` ENABLE KEYS */;
UNLOCK TABLES;

--
-- Table structure for table `importance_cuts`
--

DROP TABLE IF EXISTS `importance_cuts`;
/*!40101 SET @saved_cs_client     = @@character_set_client */;
/*!40101 SET character_set_client = utf8 */;
CREATE TABLE `importance_cuts` (
  `id` int(11) NOT NULL AUTO_INCREMENT,
  `alpha` float NOT NULL,
  `L` float NOT NULL,
  `R` float NOT NULL,
  `importance_id` int(11) NOT NULL,
  PRIMARY KEY (`id`),
  KEY `importance_id` (`importance_id`),
  CONSTRAINT `importance_cuts_ibfk_1` FOREIGN KEY (`importance_id`) REFERENCES `importances` (`id`) ON DELETE CASCADE ON UPDATE CASCADE
) ENGINE=InnoDB AUTO_INCREMENT=33 DEFAULT CHARSET=latin1;
/*!40101 SET character_set_client = @saved_cs_client */;

--
-- Dumping data for table `importance_cuts`
--

LOCK TABLES `importance_cuts` WRITE;
/*!40000 ALTER TABLE `importance_cuts` DISABLE KEYS */;
INSERT INTO `importance_cuts` VALUES (1,0,-0.54408,-0.13648,1),(2,1,-0.40796,-0.24136,1),(3,0,-0.46416,-0.09652,2),(4,1,-0.32804,-0.16144,2),(5,0,-0.62436,-0.2164,3),(6,1,-0.48824,-0.32128,3),(7,0,-0.41856,-0.07364,4),(8,1,-0.28228,-0.11568,4),(9,0,0.1136,0.49848,5),(10,1,0.1956,0.3622,5),(11,0,0.19352,0.57876,6),(12,1,0.27552,0.44248,6),(13,0,-0.41856,-0.07364,7),(14,1,-0.28228,-0.11568,7),(15,0,-0.41856,-0.07364,8),(16,1,-0.28228,-0.11568,8),(17,0,-0.58984,-0.18224,9),(18,1,-0.45356,-0.28696,9),(19,0,-0.67012,-0.26216,10),(20,1,-0.53384,-0.36688,10),(21,0,-0.54408,-0.13648,11),(22,1,-0.40796,-0.24136,11),(23,0,-0.58984,-0.18224,12),(24,1,-0.45356,-0.28696,12),(25,0,-0.693,-0.30776,13),(26,1,-0.5796,-0.41264,13),(27,0,-0.50992,-0.14228,14),(28,1,-0.37364,-0.20704,14),(29,0,-0.57876,-0.19352,15),(30,1,-0.44248,-0.27552,15),(31,0,-0.57876,-0.19352,16),(32,1,-0.44248,-0.27552,16);
/*!40000 ALTER TABLE `importance_cuts` ENABLE KEYS */;
UNLOCK TABLES;

--
-- Table structure for table `importances`
--

DROP TABLE IF EXISTS `importances`;
/*!40101 SET @saved_cs_client     = @@character_set_client */;
/*!40101 SET character_set_client = utf8 */;
CREATE TABLE `importances` (
  `id` int(11) NOT NULL AUTO_INCREMENT,
  `effect_id` int(11) NOT NULL,
  `description` text,
  PRIMARY KEY (`id`),
  KEY `effect_id` (`effect_id`),
  CONSTRAINT `importances_ibfk_1` FOREIGN KEY (`effect_id`) REFERENCES `effects` (`id`) ON DELETE CASCADE ON UPDATE CASCADE
) ENGINE=InnoDB AUTO_INCREMENT=17 DEFAULT CHARSET=latin1;
/*!40101 SET character_set_client = @saved_cs_client */;

--
-- Dumping data for table `importances`
--

LOCK TABLES `importances` WRITE;
/*!40000 ALTER TABLE `importances` DISABLE KEYS */;
INSERT INTO `importances` VALUES (1,1,''),(2,2,''),(3,3,''),(4,4,''),(5,5,''),(6,6,''),(7,7,''),(8,8,''),(9,9,''),(10,10,''),(11,11,''),(12,12,''),(13,13,''),(14,14,''),(15,15,''),(16,16,'');
/*!40000 ALTER TABLE `importances` ENABLE KEYS */;
UNLOCK TABLES;

--
-- Table structure for table `input_cuts`
--

DROP TABLE IF EXISTS `input_cuts`;
/*!40101 SET @saved_cs_client     = @@character_set_client */;
/*!40101 SET character_set_client = utf8 */;
CREATE TABLE `input_cuts` (
  `id` int(11) NOT NULL AUTO_INCREMENT,
  `alpha` float NOT NULL,
  `L` float NOT NULL,
  `R` float NOT NULL,
  `input_id` int(11) NOT NULL,
  PRIMARY KEY (`id`),
  KEY `input_id` (`input_id`),
  CONSTRAINT `input_cuts_ibfk_1` FOREIGN KEY (`input_id`) REFERENCES `inputs` (`id`) ON DELETE CASCADE ON UPDATE CASCADE
) ENGINE=InnoDB AUTO_INCREMENT=385 DEFAULT CHARSET=latin1;
/*!40101 SET character_set_client = @saved_cs_client */;

--
-- Dumping data for table `input_cuts`
--

LOCK TABLES `input_cuts` WRITE;
/*!40000 ALTER TABLE `input_cuts` DISABLE KEYS */;
INSERT INTO `input_cuts` VALUES (1,0,0,1,1),(2,1,0,1,1),(3,0,0,1,2),(4,1,0,1,2),(5,0,0,1,3),(6,1,0,1,3),(7,0,0,1,4),(8,1,0,1,4),(9,0,0,1,5),(10,1,0,1,5),(11,0,0,1,6),(12,1,0,1,6),(13,0,0,1,7),(14,1,0,1,7),(15,0,0,1,8),(16,1,0,1,8),(17,0,0,1,9),(18,1,0,1,9),(19,0,0,1,10),(20,1,0,1,10),(21,0,0,1,11),(22,1,0,1,11),(23,0,0,1,12),(24,1,0,1,12),(25,0,0,1,13),(26,1,0,1,13),(27,0,0,1,14),(28,1,0,1,14),(29,0,0,1,15),(30,1,0,1,15),(31,0,0,1,16),(32,1,0,1,16),(33,0,0,1,17),(34,1,0,1,17),(35,0,0,1,18),(36,1,0,1,18),(37,0,0,1,19),(38,1,0,1,19),(39,0,0,1,20),(40,1,0,1,20),(41,0,0,1,21),(42,1,0,1,21),(43,0,0,1,22),(44,1,0,1,22),(45,0,0,1,23),(46,1,0,1,23),(47,0,0,1,24),(48,1,0,1,24),(49,0,0,1,25),(50,1,0,1,25),(51,0,0,1,26),(52,1,0,1,26),(53,0,0,1,27),(54,1,0,1,27),(55,0,0,1,28),(56,1,0,1,28),(57,0,0,1,29),(58,1,0,1,29),(59,0,0,1,30),(60,1,0,1,30),(61,0,0,1,31),(62,1,0,1,31),(63,0,0,1,32),(64,1,0,1,32),(65,0,0,1,33),(66,1,0,1,33),(67,0,0,1,34),(68,1,0,1,34),(69,0,0,1,35),(70,1,0,1,35),(71,0,0,1,36),(72,1,0,1,36),(73,0,0,1,37),(74,1,0,1,37),(75,0,0,1,38),(76,1,0,1,38),(77,0,0,1,39),(78,1,0,1,39),(79,0,0,1,40),(80,1,0,1,40),(81,0,0,1,41),(82,1,0,1,41),(83,0,0,1,42),(84,1,0,1,42),(85,0,0,1,43),(86,1,0,1,43),(87,0,0,1,44),(88,1,0,1,44),(89,0,0,1,45),(90,1,0,1,45),(91,0,0,1,46),(92,1,0,1,46),(93,0,0,1,47),(94,1,0,1,47),(95,0,0,1,48),(96,1,0,1,48),(97,0,0,1,49),(98,1,0,1,49),(99,0,0,1,50),(100,1,0,1,50),(101,0,0,1,51),(102,1,0,1,51),(103,0,0,1,52),(104,1,0,1,52),(105,0,0,1,53),(106,1,0,1,53),(107,0,0,1,54),(108,1,0,1,54),(109,0,0,1,55),(110,1,0,1,55),(111,0,0,1,56),(112,1,0,1,56),(113,0,0,1,57),(114,1,0,1,57),(115,0,0,1,58),(116,1,0,1,58),(117,0,0,1,59),(118,1,0,1,59),(119,0,0,1,60),(120,1,0,1,60),(121,0,0,1,61),(122,1,0,1,61),(123,0,0,1,62),(124,1,0,1,62),(125,0,0,1,63),(126,1,0,1,63),(127,0,0,1,64),(128,1,0,1,64),(129,0,0,1,65),(130,1,0,1,65),(131,0,0,1,66),(132,1,0,1,66),(133,0,0,1,67),(134,1,0,1,67),(135,0,0,1,68),(136,1,0,1,68),(137,0,0,1,69),(138,1,0,1,69),(139,0,0,1,70),(140,1,0,1,70),(141,0,0,1,71),(142,1,0,1,71),(143,0,0,1,72),(144,1,0,1,72),(145,0,0,1,73),(146,1,0,1,73),(147,0,0,1,74),(148,1,0,1,74),(149,0,0,1,75),(150,1,0,1,75),(151,0,0,1,76),(152,1,0,1,76),(153,0,0,1,77),(154,1,0,1,77),(155,0,0,1,78),(156,1,0,1,78),(157,0,0,1,79),(158,1,0,1,79),(159,0,0,1,80),(160,1,0,1,80),(161,0,0,1,81),(162,1,0,1,81),(163,0,0,1,82),(164,1,0,1,82),(165,0,0,1,83),(166,1,0,1,83),(167,0,0,1,84),(168,1,0,1,84),(169,0,0,1,85),(170,1,0,1,85),(171,0,0,1,86),(172,1,0,1,86),(173,0,0,1,87),(174,1,0,1,87),(175,0,0,1,88),(176,1,0,1,88),(177,0,0,1,89),(178,1,0,1,89),(179,0,0,1,90),(180,1,0,1,90),(181,0,0,1,91),(182,1,0,1,91),(183,0,0,1,92),(184,1,0,1,92),(185,0,0,1,93),(186,1,0,1,93),(187,0,0,1,94),(188,1,0,1,94),(189,0,0,1,95),(190,1,0,1,95),(191,0,0,1,96),(192,1,0,1,96),(193,0,0,1,97),(194,1,0,1,97),(195,0,0,1,98),(196,1,0,1,98),(197,0,0,1,99),(198,1,0,1,99),(199,0,0,1,100),(200,1,0,1,100),(201,0,0,1,101),(202,1,0,1,101),(203,0,0,1,102),(204,1,0,1,102),(205,0,0,1,103),(206,1,0,1,103),(207,0,0,1,104),(208,1,0,1,104),(209,0,0,1,105),(210,1,0,1,105),(211,0,0,1,106),(212,1,0,1,106),(213,0,0,1,107),(214,1,0,1,107),(215,0,0,1,108),(216,1,0,1,108),(217,0,0,1,109),(218,1,0,1,109),(219,0,0,1,110),(220,1,0,1,110),(221,0,0,1,111),(222,1,0,1,111),(223,0,0,1,112),(224,1,0,1,112),(225,0,0,1,113),(226,1,0,1,113),(227,0,0,1,114),(228,1,0,1,114),(229,0,0,1,115),(230,1,0,1,115),(231,0,0,1,116),(232,1,0,1,116),(233,0,0,1,117),(234,1,0,1,117),(235,0,0,1,118),(236,1,0,1,118),(237,0,0,1,119),(238,1,0,1,119),(239,0,0,1,120),(240,1,0,1,120),(241,0,0,1,121),(242,1,0,1,121),(243,0,0,1,122),(244,1,0,1,122),(245,0,0,1,123),(246,1,0,1,123),(247,0,0,1,124),(248,1,0,1,124),(249,0,0,1,125),(250,1,0,1,125),(251,0,0,1,126),(252,1,0,1,126),(253,0,0,1,127),(254,1,0,1,127),(255,0,0,1,128),(256,1,0,1,128),(257,0,0,1,129),(258,1,0,1,129),(259,0,0,1,130),(260,1,0,1,130),(261,0,0,1,131),(262,1,0,1,131),(263,0,0,1,132),(264,1,0,1,132),(265,0,0,1,133),(266,1,0,1,133),(267,0,0,1,134),(268,1,0,1,134),(269,0,0,1,135),(270,1,0,1,135),(271,0,0,1,136),(272,1,0,1,136),(273,0,0,1,137),(274,1,0,1,137),(275,0,0,1,138),(276,1,0,1,138),(277,0,0,1,139),(278,1,0,1,139),(279,0,0,1,140),(280,1,0,1,140),(281,0,0,1,141),(282,1,0,1,141),(283,0,0,1,142),(284,1,0,1,142),(285,0,0,1,143),(286,1,0,1,143),(287,0,0,1,144),(288,1,0,1,144),(289,0,0,1,145),(290,1,0,1,145),(291,0,0,1,146),(292,1,0,1,146),(293,0,0,1,147),(294,1,0,1,147),(295,0,0,1,148),(296,1,0,1,148),(297,0,0,1,149),(298,1,0,1,149),(299,0,0,1,150),(300,1,0,1,150),(301,0,0,1,151),(302,1,0,1,151),(303,0,0,1,152),(304,1,0,1,152),(305,0,0,1,153),(306,1,0,1,153),(307,0,0,1,154),(308,1,0,1,154),(309,0,0,1,155),(310,1,0,1,155),(311,0,0,1,156),(312,1,0,1,156),(313,0,0,1,157),(314,1,0,1,157),(315,0,0,1,158),(316,1,0,1,158),(317,0,0,1,159),(318,1,0,1,159),(319,0,0,1,160),(320,1,0,1,160),(321,0,0,1,161),(322,1,0,1,161),(323,0,0,1,162),(324,1,0,1,162),(325,0,0,1,163),(326,1,0,1,163),(327,0,0,1,164),(328,1,0,1,164),(329,0,0,1,165),(330,1,0,1,165),(331,0,0,1,166),(332,1,0,1,166),(333,0,0,1,167),(334,1,0,1,167),(335,0,0,1,168),(336,1,0,1,168),(337,0,0,1,169),(338,1,0,1,169),(339,0,0,1,170),(340,1,0,1,170),(341,0,0,1,171),(342,1,0,1,171),(343,0,0,1,172),(344,1,0,1,172),(345,0,0,1,173),(346,1,0,1,173),(347,0,0,1,174),(348,1,0,1,174),(349,0,0,1,175),(350,1,0,1,175),(351,0,0,1,176),(352,1,0,1,176),(353,0,0,1,177),(354,1,0,1,177),(355,0,0,1,178),(356,1,0,1,178),(357,0,0,1,179),(358,1,0,1,179),(359,0,0,1,180),(360,1,0,1,180),(361,0,0,1,181),(362,1,0,1,181),(363,0,0,1,182),(364,1,0,1,182),(365,0,0,1,183),(366,1,0,1,183),(367,0,0,1,184),(368,1,0,1,184),(369,0,0,1,185),(370,1,0,1,185),(371,0,0,1,186),(372,1,0,1,186),(373,0,0,1,187),(374,1,0,1,187),(375,0,0,1,188),(376,1,0,1,188),(377,0,0,1,189),(378,1,0,1,189),(379,0,0,1,190),(380,1,0,1,190),(381,0,0,1,191),(382,1,0,1,191),(383,0,0,1,192),(384,1,0,1,192);
/*!40000 ALTER TABLE `input_cuts` ENABLE KEYS */;
UNLOCK TABLES;

--
-- Table structure for table `inputs`
--

DROP TABLE IF EXISTS `inputs`;
/*!40101 SET @saved_cs_client     = @@character_set_client */;
/*!40101 SET character_set_client = utf8 */;
CREATE TABLE `inputs` (
  `id` int(11) NOT NULL AUTO_INCREMENT,
  `description` text,
  `type` int(11) NOT NULL,
  `crisp` float NOT NULL,
  `L` float NOT NULL,
  `R` float NOT NULL,
  `set_id` int(11) NOT NULL,
  `modifier` int(11) DEFAULT NULL,
  `propierty_id` int(11) DEFAULT NULL,
  PRIMARY KEY (`id`),
  KEY `propierty_id` (`propierty_id`),
  CONSTRAINT `inputs_ibfk_1` FOREIGN KEY (`propierty_id`) REFERENCES `propierties` (`id`) ON DELETE CASCADE ON UPDATE CASCADE
) ENGINE=InnoDB AUTO_INCREMENT=193 DEFAULT CHARSET=latin1;
/*!40101 SET character_set_client = @saved_cs_client */;

--
-- Dumping data for table `inputs`
--

LOCK TABLES `inputs` WRITE;
/*!40000 ALTER TABLE `inputs` DISABLE KEYS */;
INSERT INTO `inputs` VALUES (1,'Sin descripción',3,0.5,0,1,1802,0,1),(2,'Sin descripción',3,0.5,0,1,1807,0,2),(3,'Sin descripción',3,0.5,0,1,1810,0,3),(4,'Sin descripción',3,0.5,0,1,1814,0,4),(5,'Sin descripción',3,0.5,0,1,1816,0,5),(6,'Sin descripción',3,0.5,0,1,1820,0,6),(7,'Sin descripción',3,0.5,0,1,1822,0,7),(8,'Sin descripción',3,0.5,0,1,1826,0,8),(9,'Sin descripción',3,0.5,0,1,1828,0,9),(10,'Sin descripción',3,0.5,0,1,1832,0,10),(11,'Sin descripción',3,0.5,0,1,1833,0,11),(12,'Sin descripción',3,0.5,0,1,1838,0,12),(13,'Sin descripción',3,0.5,0,1,1801,0,13),(14,'Sin descripción',3,0.5,0,1,1807,0,14),(15,'Sin descripción',3,0.5,0,1,1810,0,15),(16,'Sin descripción',3,0.5,0,1,1814,0,16),(17,'Sin descripción',3,0.5,0,1,1816,0,17),(18,'Sin descripción',3,0.5,0,1,1820,0,18),(19,'Sin descripción',3,0.5,0,1,1822,0,19),(20,'Sin descripción',3,0.5,0,1,1826,0,20),(21,'Sin descripción',3,0.5,0,1,1828,0,21),(22,'Sin descripción',3,0.5,0,1,1832,0,22),(23,'Sin descripción',3,0.5,0,1,1833,0,23),(24,'Sin descripción',3,0.5,0,1,1838,0,24),(25,'Sin descripción',3,0.5,0,1,1803,0,25),(26,'Sin descripción',3,0.5,0,1,1807,0,26),(27,'Sin descripción',3,0.5,0,1,1810,0,27),(28,'Sin descripción',3,0.5,0,1,1814,0,28),(29,'Sin descripción',3,0.5,0,1,1816,0,29),(30,'Sin descripción',3,0.5,0,1,1820,0,30),(31,'Sin descripción',3,0.5,0,1,1822,0,31),(32,'Sin descripción',3,0.5,0,1,1826,0,32),(33,'Sin descripción',3,0.5,0,1,1828,0,33),(34,'Sin descripción',3,0.5,0,1,1832,0,34),(35,'Sin descripción',3,0.5,0,1,1833,0,35),(36,'Sin descripción',3,0.5,0,1,1838,0,36),(37,'Sin descripción',3,0.5,0,1,1801,0,37),(38,'Sin descripción',3,0.5,0,1,1806,0,38),(39,'Sin descripción',3,0.5,0,1,1810,0,39),(40,'Sin descripción',3,0.5,0,1,1814,0,40),(41,'Sin descripción',3,0.5,0,1,1816,0,41),(42,'Sin descripción',3,0.5,0,1,1820,0,42),(43,'Sin descripción',3,0.5,0,1,1822,0,43),(44,'Sin descripción',3,0.5,0,1,1826,0,44),(45,'Sin descripción',3,0.5,0,1,1828,0,45),(46,'Sin descripción',3,0.5,0,1,1832,0,46),(47,'Sin descripción',3,0.5,0,1,1833,0,47),(48,'Sin descripción',3,0.5,0,1,1838,0,48),(49,'Sin descripción',3,0.5,0,1,1802,0,49),(50,'Sin descripción',3,0.5,0,1,1806,0,50),(51,'Sin descripción',3,0.5,0,1,1810,0,51),(52,'Sin descripción',3,0.5,0,1,1814,0,52),(53,'Sin descripción',3,0.5,0,1,1816,0,53),(54,'Sin descripción',3,0.5,0,1,1820,0,54),(55,'Sin descripción',3,0.5,0,1,1822,0,55),(56,'Sin descripción',3,0.5,0,1,1826,0,56),(57,'Sin descripción',3,0.5,0,1,1828,0,57),(58,'Sin descripción',3,0.5,0,1,1832,0,58),(59,'Sin descripción',3,0.5,0,1,1833,0,59),(60,'Sin descripción',3,0.5,0,1,1838,0,60),(61,'Sin descripción',3,0.5,0,1,1803,0,61),(62,'Sin descripción',3,0.5,0,1,1806,0,62),(63,'Sin descripción',3,0.5,0,1,1810,0,63),(64,'Sin descripción',3,0.5,0,1,1814,0,64),(65,'Sin descripción',3,0.5,0,1,1816,0,65),(66,'Sin descripción',3,0.5,0,1,1820,0,66),(67,'Sin descripción',3,0.5,0,1,1822,0,67),(68,'Sin descripción',3,0.5,0,1,1826,0,68),(69,'Sin descripción',3,0.5,0,1,1828,0,69),(70,'Sin descripción',3,0.5,0,1,1832,0,70),(71,'Sin descripción',3,0.5,0,1,1833,0,71),(72,'Sin descripción',3,0.5,0,1,1838,0,72),(73,'Sin descripción',3,0.5,0,1,1801,0,73),(74,'Sin descripción',3,0.5,0,1,1806,0,74),(75,'Sin descripción',3,0.5,0,1,1810,0,75),(76,'Sin descripción',3,0.5,0,1,1814,0,76),(77,'Sin descripción',3,0.5,0,1,1816,0,77),(78,'Sin descripción',3,0.5,0,1,1820,0,78),(79,'Sin descripción',3,0.5,0,1,1822,0,79),(80,'Sin descripción',3,0.5,0,1,1826,0,80),(81,'Sin descripción',3,0.5,0,1,1828,0,81),(82,'Sin descripción',3,0.5,0,1,1832,0,82),(83,'Sin descripción',3,0.5,0,1,1833,0,83),(84,'Sin descripción',3,0.5,0,1,1838,0,84),(85,'Sin descripción',3,0.5,0,1,1801,0,85),(86,'Sin descripción',3,0.5,0,1,1806,0,86),(87,'Sin descripción',3,0.5,0,1,1810,0,87),(88,'Sin descripción',3,0.5,0,1,1814,0,88),(89,'Sin descripción',3,0.5,0,1,1816,0,89),(90,'Sin descripción',3,0.5,0,1,1820,0,90),(91,'Sin descripción',3,0.5,0,1,1822,0,91),(92,'Sin descripción',3,0.5,0,1,1826,0,92),(93,'Sin descripción',3,0.5,0,1,1828,0,93),(94,'Sin descripción',3,0.5,0,1,1832,0,94),(95,'Sin descripción',3,0.5,0,1,1833,0,95),(96,'Sin descripción',3,0.5,0,1,1838,0,96),(97,'Sin descripción',3,0.5,0,1,1802,0,97),(98,'Sin descripción',3,0.5,0,1,1808,0,98),(99,'Sin descripción',3,0.5,0,1,1810,0,99),(100,'Sin descripción',3,0.5,0,1,1814,0,100),(101,'Sin descripción',3,0.5,0,1,1816,0,101),(102,'Sin descripción',3,0.5,0,1,1820,0,102),(103,'Sin descripción',3,0.5,0,1,1822,0,103),(104,'Sin descripción',3,0.5,0,1,1826,0,104),(105,'Sin descripción',3,0.5,0,1,1828,0,105),(106,'Sin descripción',3,0.5,0,1,1832,0,106),(107,'Sin descripción',3,0.5,0,1,1833,0,107),(108,'Sin descripción',3,0.5,0,1,1838,0,108),(109,'Sin descripción',3,0.5,0,1,1803,0,109),(110,'Sin descripción',3,0.5,0,1,1808,0,110),(111,'Sin descripción',3,0.5,0,1,1810,0,111),(112,'Sin descripción',3,0.5,0,1,1814,0,112),(113,'Sin descripción',3,0.5,0,1,1816,0,113),(114,'Sin descripción',3,0.5,0,1,1820,0,114),(115,'Sin descripción',3,0.5,0,1,1822,0,115),(116,'Sin descripción',3,0.5,0,1,1826,0,116),(117,'Sin descripción',3,0.5,0,1,1828,0,117),(118,'Sin descripción',3,0.5,0,1,1832,0,118),(119,'Sin descripción',3,0.5,0,1,1833,0,119),(120,'Sin descripción',3,0.5,0,1,1838,0,120),(121,'Sin descripción',3,0.5,0,1,1802,0,121),(122,'Sin descripción',3,0.5,0,1,1807,0,122),(123,'Sin descripción',3,0.5,0,1,1810,0,123),(124,'Sin descripción',3,0.5,0,1,1814,0,124),(125,'Sin descripción',3,0.5,0,1,1816,0,125),(126,'Sin descripción',3,0.5,0,1,1820,0,126),(127,'Sin descripción',3,0.5,0,1,1822,0,127),(128,'Sin descripción',3,0.5,0,1,1826,0,128),(129,'Sin descripción',3,0.5,0,1,1828,0,129),(130,'Sin descripción',3,0.5,0,1,1832,0,130),(131,'Sin descripción',3,0.5,0,1,1833,0,131),(132,'Sin descripción',3,0.5,0,1,1838,0,132),(133,'Sin descripción',3,0.5,0,1,1802,0,133),(134,'Sin descripción',3,0.5,0,1,1808,0,134),(135,'Sin descripción',3,0.5,0,1,1810,0,135),(136,'Sin descripción',3,0.5,0,1,1814,0,136),(137,'Sin descripción',3,0.5,0,1,1816,0,137),(138,'Sin descripción',3,0.5,0,1,1820,0,138),(139,'Sin descripción',3,0.5,0,1,1822,0,139),(140,'Sin descripción',3,0.5,0,1,1826,0,140),(141,'Sin descripción',3,0.5,0,1,1828,0,141),(142,'Sin descripción',3,0.5,0,1,1832,0,142),(143,'Sin descripción',3,0.5,0,1,1833,0,143),(144,'Sin descripción',3,0.5,0,1,1838,0,144),(145,'Sin descripción',3,0.5,0,1,1803,0,145),(146,'Sin descripción',3,0.5,0,1,1809,0,146),(147,'Sin descripción',3,0.5,0,1,1810,0,147),(148,'Sin descripción',3,0.5,0,1,1814,0,148),(149,'Sin descripción',3,0.5,0,1,1816,0,149),(150,'Sin descripción',3,0.5,0,1,1820,0,150),(151,'Sin descripción',3,0.5,0,1,1822,0,151),(152,'Sin descripción',3,0.5,0,1,1826,0,152),(153,'Sin descripción',3,0.5,0,1,1828,0,153),(154,'Sin descripción',3,0.5,0,1,1832,0,154),(155,'Sin descripción',3,0.5,0,1,1833,0,155),(156,'Sin descripción',3,0.5,0,1,1838,0,156),(157,'Sin descripción',3,0.5,0,1,1801,0,157),(158,'Sin descripción',3,0.5,0,1,1808,0,158),(159,'Sin descripción',3,0.5,0,1,1810,0,159),(160,'Sin descripción',3,0.5,0,1,1814,0,160),(161,'Sin descripción',3,0.5,0,1,1816,0,161),(162,'Sin descripción',3,0.5,0,1,1820,0,162),(163,'Sin descripción',3,0.5,0,1,1822,0,163),(164,'Sin descripción',3,0.5,0,1,1826,0,164),(165,'Sin descripción',3,0.5,0,1,1828,0,165),(166,'Sin descripción',3,0.5,0,1,1832,0,166),(167,'Sin descripción',3,0.5,0,1,1833,0,167),(168,'Sin descripción',3,0.5,0,1,1838,0,168),(169,'Sin descripción',3,0.5,0,1,1803,0,169),(170,'Sin descripción',3,0.5,0,1,1806,0,170),(171,'Sin descripción',3,0.5,0,1,1810,0,171),(172,'Sin descripción',3,0.5,0,1,1814,0,172),(173,'Sin descripción',3,0.5,0,1,1816,0,173),(174,'Sin descripción',3,0.5,0,1,1820,0,174),(175,'Sin descripción',3,0.5,0,1,1822,0,175),(176,'Sin descripción',3,0.5,0,1,1826,0,176),(177,'Sin descripción',3,0.5,0,1,1828,0,177),(178,'Sin descripción',3,0.5,0,1,1832,0,178),(179,'Sin descripción',3,0.5,0,1,1833,0,179),(180,'Sin descripción',3,0.5,0,1,1838,0,180),(181,'Sin descripción',3,0.5,0,1,1803,0,181),(182,'Sin descripción',3,0.5,0,1,1806,0,182),(183,'Sin descripción',3,0.5,0,1,1810,0,183),(184,'Sin descripción',3,0.5,0,1,1814,0,184),(185,'Sin descripción',3,0.5,0,1,1816,0,185),(186,'Sin descripción',3,0.5,0,1,1820,0,186),(187,'Sin descripción',3,0.5,0,1,1822,0,187),(188,'Sin descripción',3,0.5,0,1,1826,0,188),(189,'Sin descripción',3,0.5,0,1,1828,0,189),(190,'Sin descripción',3,0.5,0,1,1832,0,190),(191,'Sin descripción',3,0.5,0,1,1833,0,191),(192,'Sin descripción',3,0.5,0,1,1838,0,192);
/*!40000 ALTER TABLE `inputs` ENABLE KEYS */;
UNLOCK TABLES;

--
-- Table structure for table `permissions`
--

DROP TABLE IF EXISTS `permissions`;
/*!40101 SET @saved_cs_client     = @@character_set_client */;
/*!40101 SET character_set_client = utf8 */;
CREATE TABLE `permissions` (
  `id` int(11) NOT NULL AUTO_INCREMENT,
  `name` varchar(255) NOT NULL,
  `action` enum('CREATE','READ','UPDATE','DELETE') DEFAULT NULL,
  `object` varchar(255) NOT NULL,
  PRIMARY KEY (`id`),
  UNIQUE KEY `name` (`name`)
) ENGINE=InnoDB AUTO_INCREMENT=61 DEFAULT CHARSET=latin1;
/*!40101 SET character_set_client = @saved_cs_client */;

--
-- Dumping data for table `permissions`
--

LOCK TABLES `permissions` WRITE;
/*!40000 ALTER TABLE `permissions` DISABLE KEYS */;
INSERT INTO `permissions` VALUES (1,'create_permissions','CREATE','permission'),(2,'read_permissions','READ','permission'),(3,'update_permissions','UPDATE','permission'),(4,'delete_permissions','DELETE','permission'),(5,'create_groups','CREATE','group'),(6,'read_groups','READ','group'),(7,'update_groups','UPDATE','group'),(8,'delete_groups','DELETE','group'),(9,'create_users','CREATE','user'),(10,'read_users','READ','user'),(11,'update_users','UPDATE','user'),(12,'delete_users','DELETE','user'),(13,'create_projects','CREATE','project'),(14,'read_projects','READ','project'),(15,'update_projects','UPDATE','project'),(16,'delete_projects','DELETE','project'),(17,'create_effect_propierties','CREATE','effect_propierty'),(18,'read_effect_propierties','READ','effect_propierty'),(19,'update_effect_propierties','UPDATE','effect_propierty'),(20,'delete_effect_propierties','DELETE','effect_propierty'),(21,'create_aggregators','CREATE','aggregator'),(22,'read_aggregators','READ','aggregator'),(23,'update_aggregators','UPDATE','aggregator'),(24,'delete_aggregators','DELETE','aggregator'),(25,'create_factors','CREATE','factor'),(26,'read_factors','READ','factor'),(27,'update_factors','UPDATE','factor'),(28,'delete_factors','DELETE','factor'),(29,'create_actions','CREATE','action'),(30,'read_actions','READ','action'),(31,'update_actions','UPDATE','action'),(32,'delete_actions','DELETE','action'),(33,'create_effects','CREATE','effect'),(34,'read_effects','READ','effect'),(35,'update_effects','UPDATE','effect'),(36,'delete_effects','DELETE','effect'),(37,'create_propierties','CREATE','propierty'),(38,'read_propierties','READ','propierty'),(39,'update_propierties','UPDATE','propierty'),(40,'delete_propierties','DELETE','propierty'),(41,'create_variables','CREATE','variable'),(42,'read_variables','READ','variable'),(43,'update_variables','UPDATE','variable'),(44,'delete_variables','DELETE','variable'),(45,'create_sets','CREATE','set'),(46,'read_sets','READ','set'),(47,'update_sets','UPDATE','set'),(48,'delete_sets','DELETE','set'),(49,'create_cuts','CREATE','cut'),(50,'read_cuts','READ','cut'),(51,'update_cuts','UPDATE','cut'),(52,'delete_cuts','DELETE','cut'),(53,'create_inputs','CREATE','input'),(54,'read_inputs','READ','input'),(55,'update_inputs','UPDATE','input'),(56,'delete_inputs','DELETE','input'),(57,'create_input_cuts','CREATE','input_cut'),(58,'read_input_cuts','READ','input_cut'),(59,'update_input_cuts','UPDATE','input_cut'),(60,'delete_input_cuts','DELETE','input_cut');
/*!40000 ALTER TABLE `permissions` ENABLE KEYS */;
UNLOCK TABLES;

--
-- Table structure for table `projects`
--

DROP TABLE IF EXISTS `projects`;
/*!40101 SET @saved_cs_client     = @@character_set_client */;
/*!40101 SET character_set_client = utf8 */;
CREATE TABLE `projects` (
  `id` int(11) NOT NULL AUTO_INCREMENT,
  `name` varchar(255) NOT NULL,
  `description` text,
  `created` datetime NOT NULL,
  `modified` datetime NOT NULL,
  PRIMARY KEY (`id`)
) ENGINE=InnoDB AUTO_INCREMENT=33 DEFAULT CHARSET=latin1;
/*!40101 SET character_set_client = @saved_cs_client */;

--
-- Dumping data for table `projects`
--

LOCK TABLES `projects` WRITE;
/*!40000 ALTER TABLE `projects` DISABLE KEYS */;
INSERT INTO `projects` VALUES (1,'Proyecto de Ana Milena','Ejemplo para el curso del Diplomado de Evaluación de Impacto Ambiental de la Universidad Nacional de Colombia','2016-06-11 12:20:54','2016-06-11 12:20:54'),(2,'Proyecto de Ana Paola','Ejemplo para el curso del Diplomado de Evaluación de Impacto Ambiental de la Universidad Nacional de Colombia','2016-06-11 12:20:54','2016-06-11 12:20:54'),(3,'Proyecto de Andrés Matías','Ejemplo para el curso del Diplomado de Evaluación de Impacto Ambiental de la Universidad Nacional de Colombia','2016-06-11 12:20:54','2016-06-11 12:20:54'),(4,'Proyecto de Ángela Rocío','Ejemplo para el curso del Diplomado de Evaluación de Impacto Ambiental de la Universidad Nacional de Colombia','2016-06-11 12:20:54','2016-06-11 12:20:54'),(5,'Proyecto de Ángela Yisela','Ejemplo para el curso del Diplomado de Evaluación de Impacto Ambiental de la Universidad Nacional de Colombia','2016-06-11 12:20:54','2016-06-11 12:20:54'),(6,'Proyecto de Angélica María','Ejemplo para el curso del Diplomado de Evaluación de Impacto Ambiental de la Universidad Nacional de Colombia','2016-06-11 12:20:54','2016-06-11 12:20:54'),(7,'Proyecto de Camilo Ernesto ','Ejemplo para el curso del Diplomado de Evaluación de Impacto Ambiental de la Universidad Nacional de Colombia','2016-06-11 12:20:54','2016-06-11 12:20:54'),(8,'Proyecto de Claudia Isabel','Ejemplo para el curso del Diplomado de Evaluación de Impacto Ambiental de la Universidad Nacional de Colombia','2016-06-11 12:20:54','2016-06-11 12:20:54'),(9,'Proyecto de Cristian David','Ejemplo para el curso del Diplomado de Evaluación de Impacto Ambiental de la Universidad Nacional de Colombia','2016-06-11 12:20:54','2016-06-11 12:20:54'),(10,'Proyecto de David Antonio','Ejemplo para el curso del Diplomado de Evaluación de Impacto Ambiental de la Universidad Nacional de Colombia','2016-06-11 12:20:54','2016-06-11 12:20:54'),(11,'Proyecto de David Felipe','Ejemplo para el curso del Diplomado de Evaluación de Impacto Ambiental de la Universidad Nacional de Colombia','2016-06-11 12:20:54','2016-06-11 12:20:54'),(12,'Proyecto de David Esteban','Ejemplo para el curso del Diplomado de Evaluación de Impacto Ambiental de la Universidad Nacional de Colombia','2016-06-11 12:20:54','2016-06-11 12:20:54'),(13,'Proyecto de Diana Lucia','Ejemplo para el curso del Diplomado de Evaluación de Impacto Ambiental de la Universidad Nacional de Colombia','2016-06-11 12:20:54','2016-06-11 12:20:54'),(14,'Proyecto de Diana Patricia','Ejemplo para el curso del Diplomado de Evaluación de Impacto Ambiental de la Universidad Nacional de Colombia','2016-06-11 12:20:54','2016-06-11 12:20:54'),(15,'Proyecto de Erika Yolanda','Ejemplo para el curso del Diplomado de Evaluación de Impacto Ambiental de la Universidad Nacional de Colombia','2016-06-11 12:20:54','2016-06-11 12:20:54'),(16,'Proyecto de Francisco ','Ejemplo para el curso del Diplomado de Evaluación de Impacto Ambiental de la Universidad Nacional de Colombia','2016-06-11 12:20:54','2016-06-11 12:20:54'),(17,'Proyecto de Isabel Cristina','Ejemplo para el curso del Diplomado de Evaluación de Impacto Ambiental de la Universidad Nacional de Colombia','2016-06-11 12:20:54','2016-06-11 12:20:54'),(18,'Proyecto de José David ','Ejemplo para el curso del Diplomado de Evaluación de Impacto Ambiental de la Universidad Nacional de Colombia','2016-06-11 12:20:54','2016-06-11 12:20:54'),(19,'Proyecto de Julián Andrés','Ejemplo para el curso del Diplomado de Evaluación de Impacto Ambiental de la Universidad Nacional de Colombia','2016-06-11 12:20:54','2016-06-11 12:20:54'),(20,'Proyecto de Leidy Nathaly','Ejemplo para el curso del Diplomado de Evaluación de Impacto Ambiental de la Universidad Nacional de Colombia','2016-06-11 12:20:54','2016-06-11 12:20:54'),(21,'Proyecto de María Camila','Ejemplo para el curso del Diplomado de Evaluación de Impacto Ambiental de la Universidad Nacional de Colombia','2016-06-11 12:20:54','2016-06-11 12:20:54'),(22,'Proyecto de María Fernanda','Ejemplo para el curso del Diplomado de Evaluación de Impacto Ambiental de la Universidad Nacional de Colombia','2016-06-11 12:20:54','2016-06-11 12:20:54'),(23,'Proyecto de María Natalia','Ejemplo para el curso del Diplomado de Evaluación de Impacto Ambiental de la Universidad Nacional de Colombia','2016-06-11 12:20:54','2016-06-11 12:20:54'),(24,'Proyecto de Nathaly','Ejemplo para el curso del Diplomado de Evaluación de Impacto Ambiental de la Universidad Nacional de Colombia','2016-06-11 12:20:54','2016-06-11 12:20:54'),(25,'Proyecto de Nicolás','Ejemplo para el curso del Diplomado de Evaluación de Impacto Ambiental de la Universidad Nacional de Colombia','2016-06-11 12:20:54','2016-06-11 12:20:54'),(26,'Proyecto de Nicolás Felipe','Ejemplo para el curso del Diplomado de Evaluación de Impacto Ambiental de la Universidad Nacional de Colombia','2016-06-11 12:20:54','2016-06-11 12:20:54'),(27,'Proyecto de Rubén Alfonso','Ejemplo para el curso del Diplomado de Evaluación de Impacto Ambiental de la Universidad Nacional de Colombia','2016-06-11 12:20:54','2016-06-11 12:20:54'),(28,'Proyecto de Stefan','Ejemplo para el curso del Diplomado de Evaluación de Impacto Ambiental de la Universidad Nacional de Colombia','2016-06-11 12:20:54','2016-06-11 12:20:54'),(29,'Proyecto de Fernando','Ejemplo para el curso del Diplomado de Evaluación de Impacto Ambiental de la Universidad Nacional de Colombia','2016-06-11 12:20:54','2016-06-11 12:20:54'),(30,'Proyecto de Oscar Germán','Ejemplo para el curso del Diplomado de Evaluación de Impacto Ambiental de la Universidad Nacional de Colombia','2016-06-11 12:20:54','2016-06-11 12:20:54'),(31,'Proyecto de prueba','Sin descripción','2016-06-11 12:21:02','2016-06-11 12:21:02'),(32,'Proyecto vacío','Sin descripción','2016-06-11 12:21:11','2016-06-11 12:21:11');
/*!40000 ALTER TABLE `projects` ENABLE KEYS */;
UNLOCK TABLES;

--
-- Table structure for table `projects_users`
--

DROP TABLE IF EXISTS `projects_users`;
/*!40101 SET @saved_cs_client     = @@character_set_client */;
/*!40101 SET character_set_client = utf8 */;
CREATE TABLE `projects_users` (
  `id` int(11) NOT NULL AUTO_INCREMENT,
  `project_id` int(11) NOT NULL,
  `user_id` int(11) NOT NULL,
  `group_id` int(11) NOT NULL,
  PRIMARY KEY (`id`),
  KEY `project_id` (`project_id`),
  KEY `user_id` (`user_id`),
  KEY `group_id` (`group_id`),
  CONSTRAINT `projects_users_ibfk_1` FOREIGN KEY (`project_id`) REFERENCES `projects` (`id`) ON DELETE CASCADE ON UPDATE CASCADE,
  CONSTRAINT `projects_users_ibfk_2` FOREIGN KEY (`user_id`) REFERENCES `users` (`id`) ON DELETE CASCADE ON UPDATE CASCADE,
  CONSTRAINT `projects_users_ibfk_3` FOREIGN KEY (`group_id`) REFERENCES `groups` (`id`) ON DELETE CASCADE ON UPDATE CASCADE
) ENGINE=InnoDB AUTO_INCREMENT=98 DEFAULT CHARSET=latin1;
/*!40101 SET character_set_client = @saved_cs_client */;

--
-- Dumping data for table `projects_users`
--

LOCK TABLES `projects_users` WRITE;
/*!40000 ALTER TABLE `projects_users` DISABLE KEYS */;
INSERT INTO `projects_users` VALUES (1,1,3,2),(2,2,4,2),(3,3,5,2),(4,4,6,2),(5,5,7,2),(6,6,8,2),(7,7,9,2),(8,8,10,2),(9,9,11,2),(10,10,12,2),(11,11,13,2),(12,12,14,2),(13,13,15,2),(14,14,16,2),(15,15,17,2),(16,16,18,2),(17,17,19,2),(18,18,20,2),(19,19,21,2),(20,20,22,2),(21,21,23,2),(22,22,24,2),(23,23,25,2),(24,24,26,2),(25,25,27,2),(26,26,28,2),(27,27,29,2),(28,28,30,2),(29,1,2,5),(30,2,2,5),(31,3,2,5),(32,4,2,5),(33,5,2,5),(34,6,2,5),(35,7,2,5),(36,8,2,5),(37,9,2,5),(38,10,2,5),(39,11,2,5),(40,12,2,5),(41,13,2,5),(42,14,2,5),(43,15,2,5),(44,16,2,5),(45,17,2,5),(46,18,2,5),(47,19,2,5),(48,20,2,5),(49,21,2,5),(50,22,2,5),(51,23,2,5),(52,24,2,5),(53,25,2,5),(54,26,2,5),(55,27,2,5),(56,28,2,5),(57,1,1,1),(58,2,1,1),(59,3,1,1),(60,4,1,1),(61,5,1,1),(62,6,1,1),(63,7,1,1),(64,8,1,1),(65,9,1,1),(66,10,1,1),(67,11,1,1),(68,12,1,1),(69,13,1,1),(70,14,1,1),(71,15,1,1),(72,16,1,1),(73,17,1,1),(74,18,1,1),(75,19,1,1),(76,20,1,1),(77,21,1,1),(78,22,1,1),(79,23,1,1),(80,24,1,1),(81,25,1,1),(82,26,1,1),(83,27,1,1),(84,28,1,1),(85,29,2,2),(86,29,1,1),(87,30,1,1),(88,31,31,1),(89,31,32,2),(90,31,33,3),(91,31,34,4),(92,31,35,5),(93,32,31,1),(94,32,32,2),(95,32,33,3),(96,32,34,4),(97,32,35,5);
/*!40000 ALTER TABLE `projects_users` ENABLE KEYS */;
UNLOCK TABLES;

--
-- Table structure for table `propierties`
--

DROP TABLE IF EXISTS `propierties`;
/*!40101 SET @saved_cs_client     = @@character_set_client */;
/*!40101 SET character_set_client = utf8 */;
CREATE TABLE `propierties` (
  `id` int(11) NOT NULL AUTO_INCREMENT,
  `effect_id` int(11) DEFAULT NULL,
  `effect_propierty_id` int(11) DEFAULT NULL,
  PRIMARY KEY (`id`),
  KEY `effect_id` (`effect_id`),
  KEY `effect_propierty_id` (`effect_propierty_id`),
  CONSTRAINT `propierties_ibfk_1` FOREIGN KEY (`effect_id`) REFERENCES `effects` (`id`) ON DELETE CASCADE ON UPDATE CASCADE,
  CONSTRAINT `propierties_ibfk_2` FOREIGN KEY (`effect_propierty_id`) REFERENCES `effect_propierties` (`id`) ON DELETE CASCADE ON UPDATE CASCADE
) ENGINE=InnoDB AUTO_INCREMENT=193 DEFAULT CHARSET=latin1;
/*!40101 SET character_set_client = @saved_cs_client */;

--
-- Dumping data for table `propierties`
--

LOCK TABLES `propierties` WRITE;
/*!40000 ALTER TABLE `propierties` DISABLE KEYS */;
INSERT INTO `propierties` VALUES (1,1,361),(2,1,362),(3,1,363),(4,1,364),(5,1,365),(6,1,366),(7,1,367),(8,1,368),(9,1,369),(10,1,370),(11,1,371),(12,1,372),(13,2,361),(14,2,362),(15,2,363),(16,2,364),(17,2,365),(18,2,366),(19,2,367),(20,2,368),(21,2,369),(22,2,370),(23,2,371),(24,2,372),(25,3,361),(26,3,362),(27,3,363),(28,3,364),(29,3,365),(30,3,366),(31,3,367),(32,3,368),(33,3,369),(34,3,370),(35,3,371),(36,3,372),(37,4,361),(38,4,362),(39,4,363),(40,4,364),(41,4,365),(42,4,366),(43,4,367),(44,4,368),(45,4,369),(46,4,370),(47,4,371),(48,4,372),(49,5,361),(50,5,362),(51,5,363),(52,5,364),(53,5,365),(54,5,366),(55,5,367),(56,5,368),(57,5,369),(58,5,370),(59,5,371),(60,5,372),(61,6,361),(62,6,362),(63,6,363),(64,6,364),(65,6,365),(66,6,366),(67,6,367),(68,6,368),(69,6,369),(70,6,370),(71,6,371),(72,6,372),(73,7,361),(74,7,362),(75,7,363),(76,7,364),(77,7,365),(78,7,366),(79,7,367),(80,7,368),(81,7,369),(82,7,370),(83,7,371),(84,7,372),(85,8,361),(86,8,362),(87,8,363),(88,8,364),(89,8,365),(90,8,366),(91,8,367),(92,8,368),(93,8,369),(94,8,370),(95,8,371),(96,8,372),(97,9,361),(98,9,362),(99,9,363),(100,9,364),(101,9,365),(102,9,366),(103,9,367),(104,9,368),(105,9,369),(106,9,370),(107,9,371),(108,9,372),(109,10,361),(110,10,362),(111,10,363),(112,10,364),(113,10,365),(114,10,366),(115,10,367),(116,10,368),(117,10,369),(118,10,370),(119,10,371),(120,10,372),(121,11,361),(122,11,362),(123,11,363),(124,11,364),(125,11,365),(126,11,366),(127,11,367),(128,11,368),(129,11,369),(130,11,370),(131,11,371),(132,11,372),(133,12,361),(134,12,362),(135,12,363),(136,12,364),(137,12,365),(138,12,366),(139,12,367),(140,12,368),(141,12,369),(142,12,370),(143,12,371),(144,12,372),(145,13,361),(146,13,362),(147,13,363),(148,13,364),(149,13,365),(150,13,366),(151,13,367),(152,13,368),(153,13,369),(154,13,370),(155,13,371),(156,13,372),(157,14,361),(158,14,362),(159,14,363),(160,14,364),(161,14,365),(162,14,366),(163,14,367),(164,14,368),(165,14,369),(166,14,370),(167,14,371),(168,14,372),(169,15,361),(170,15,362),(171,15,363),(172,15,364),(173,15,365),(174,15,366),(175,15,367),(176,15,368),(177,15,369),(178,15,370),(179,15,371),(180,15,372),(181,16,361),(182,16,362),(183,16,363),(184,16,364),(185,16,365),(186,16,366),(187,16,367),(188,16,368),(189,16,369),(190,16,370),(191,16,371),(192,16,372);
/*!40000 ALTER TABLE `propierties` ENABLE KEYS */;
UNLOCK TABLES;

--
-- Table structure for table `sets`
--

DROP TABLE IF EXISTS `sets`;
/*!40101 SET @saved_cs_client     = @@character_set_client */;
/*!40101 SET character_set_client = utf8 */;
CREATE TABLE `sets` (
  `id` int(11) NOT NULL AUTO_INCREMENT,
  `label` varchar(255) NOT NULL,
  `variable_id` int(11) DEFAULT NULL,
  PRIMARY KEY (`id`),
  KEY `variable_id` (`variable_id`),
  CONSTRAINT `sets_ibfk_1` FOREIGN KEY (`variable_id`) REFERENCES `variables` (`id`) ON DELETE CASCADE ON UPDATE CASCADE
) ENGINE=InnoDB AUTO_INCREMENT=1875 DEFAULT CHARSET=latin1;
/*!40101 SET character_set_client = @saved_cs_client */;

--
-- Dumping data for table `sets`
--

LOCK TABLES `sets` WRITE;
/*!40000 ALTER TABLE `sets` DISABLE KEYS */;
INSERT INTO `sets` VALUES (1,'Baja',1),(2,'Media',1),(3,'Alta',1),(4,'Muy Alta',1),(5,'Total',1),(6,'Puntual',2),(7,'Parcial',2),(8,'Extensa',2),(9,'Total',2),(10,'Bajo',3),(11,'Medio',3),(12,'Alto',3),(13,'Inmediato',4),(14,'Medio Plazo',4),(15,'Largo Plazo',4),(16,'Bajo',5),(17,'Medio',5),(18,'Alto',5),(19,'Fugaz',6),(20,'Temporal',6),(21,'Permanente',6),(22,'Corto Plazo',7),(23,'Medio Plazo',7),(24,'Irreversible',7),(25,'Sin sinergismo (simple)',8),(26,'Sinérgico',8),(27,'Muy Sinérgico',8),(28,'Bajo',9),(29,'Medio',9),(30,'Alto',9),(31,'Indirecto (secundario)',10),(32,'Directo',10),(33,'Irregular o aperiódico y discontinuo',11),(34,'Periódico',11),(35,'Continuo',11),(36,'Recuparable de manera inmediata',12),(37,'Recuperable a medio plazo',12),(38,'Mitigable',12),(39,'Irrecuperable',12),(40,'Extremadamente Perjudicial',13),(41,'Muy Perjudicial',13),(42,'Perjudicial',13),(43,'Irrelevante',13),(44,'Beneficiosa',13),(45,'Muy beneficiosa',13),(46,'Extremadamente beneficiosa',13),(47,'Extremadamente Perjudicial',14),(48,'Muy Perjudicial',14),(49,'Perjudicial',14),(50,'Irrelevante',14),(51,'Beneficiosa',14),(52,'Muy beneficiosa',14),(53,'Extremadamente beneficiosa',14),(54,'Extremadamente Perjudicial',15),(55,'Muy Perjudicial',15),(56,'Perjudicial',15),(57,'Irrelevante',15),(58,'Beneficiosa',15),(59,'Muy beneficiosa',15),(60,'Extremadamente beneficiosa',15),(61,'Baja',16),(62,'Media',16),(63,'Alta',16),(64,'Muy Alta',16),(65,'Total',16),(66,'Puntual',17),(67,'Parcial',17),(68,'Extensa',17),(69,'Total',17),(70,'Bajo',18),(71,'Medio',18),(72,'Alto',18),(73,'Inmediato',19),(74,'Medio Plazo',19),(75,'Largo Plazo',19),(76,'Bajo',20),(77,'Medio',20),(78,'Alto',20),(79,'Fugaz',21),(80,'Temporal',21),(81,'Permanente',21),(82,'Corto Plazo',22),(83,'Medio Plazo',22),(84,'Irreversible',22),(85,'Sin sinergismo (simple)',23),(86,'Sinérgico',23),(87,'Muy Sinérgico',23),(88,'Bajo',24),(89,'Medio',24),(90,'Alto',24),(91,'Indirecto (secundario)',25),(92,'Directo',25),(93,'Irregular o aperiódico y discontinuo',26),(94,'Periódico',26),(95,'Continuo',26),(96,'Recuparable de manera inmediata',27),(97,'Recuperable a medio plazo',27),(98,'Mitigable',27),(99,'Irrecuperable',27),(100,'Extremadamente Perjudicial',28),(101,'Muy Perjudicial',28),(102,'Perjudicial',28),(103,'Irrelevante',28),(104,'Beneficiosa',28),(105,'Muy beneficiosa',28),(106,'Extremadamente beneficiosa',28),(107,'Extremadamente Perjudicial',29),(108,'Muy Perjudicial',29),(109,'Perjudicial',29),(110,'Irrelevante',29),(111,'Beneficiosa',29),(112,'Muy beneficiosa',29),(113,'Extremadamente beneficiosa',29),(114,'Extremadamente Perjudicial',30),(115,'Muy Perjudicial',30),(116,'Perjudicial',30),(117,'Irrelevante',30),(118,'Beneficiosa',30),(119,'Muy beneficiosa',30),(120,'Extremadamente beneficiosa',30),(121,'Baja',31),(122,'Media',31),(123,'Alta',31),(124,'Muy Alta',31),(125,'Total',31),(126,'Puntual',32),(127,'Parcial',32),(128,'Extensa',32),(129,'Total',32),(130,'Bajo',33),(131,'Medio',33),(132,'Alto',33),(133,'Inmediato',34),(134,'Medio Plazo',34),(135,'Largo Plazo',34),(136,'Bajo',35),(137,'Medio',35),(138,'Alto',35),(139,'Fugaz',36),(140,'Temporal',36),(141,'Permanente',36),(142,'Corto Plazo',37),(143,'Medio Plazo',37),(144,'Irreversible',37),(145,'Sin sinergismo (simple)',38),(146,'Sinérgico',38),(147,'Muy Sinérgico',38),(148,'Bajo',39),(149,'Medio',39),(150,'Alto',39),(151,'Indirecto (secundario)',40),(152,'Directo',40),(153,'Irregular o aperiódico y discontinuo',41),(154,'Periódico',41),(155,'Continuo',41),(156,'Recuparable de manera inmediata',42),(157,'Recuperable a medio plazo',42),(158,'Mitigable',42),(159,'Irrecuperable',42),(160,'Extremadamente Perjudicial',43),(161,'Muy Perjudicial',43),(162,'Perjudicial',43),(163,'Irrelevante',43),(164,'Beneficiosa',43),(165,'Muy beneficiosa',43),(166,'Extremadamente beneficiosa',43),(167,'Extremadamente Perjudicial',44),(168,'Muy Perjudicial',44),(169,'Perjudicial',44),(170,'Irrelevante',44),(171,'Beneficiosa',44),(172,'Muy beneficiosa',44),(173,'Extremadamente beneficiosa',44),(174,'Extremadamente Perjudicial',45),(175,'Muy Perjudicial',45),(176,'Perjudicial',45),(177,'Irrelevante',45),(178,'Beneficiosa',45),(179,'Muy beneficiosa',45),(180,'Extremadamente beneficiosa',45),(181,'Baja',46),(182,'Media',46),(183,'Alta',46),(184,'Muy Alta',46),(185,'Total',46),(186,'Puntual',47),(187,'Parcial',47),(188,'Extensa',47),(189,'Total',47),(190,'Bajo',48),(191,'Medio',48),(192,'Alto',48),(193,'Inmediato',49),(194,'Medio Plazo',49),(195,'Largo Plazo',49),(196,'Bajo',50),(197,'Medio',50),(198,'Alto',50),(199,'Fugaz',51),(200,'Temporal',51),(201,'Permanente',51),(202,'Corto Plazo',52),(203,'Medio Plazo',52),(204,'Irreversible',52),(205,'Sin sinergismo (simple)',53),(206,'Sinérgico',53),(207,'Muy Sinérgico',53),(208,'Bajo',54),(209,'Medio',54),(210,'Alto',54),(211,'Indirecto (secundario)',55),(212,'Directo',55),(213,'Irregular o aperiódico y discontinuo',56),(214,'Periódico',56),(215,'Continuo',56),(216,'Recuparable de manera inmediata',57),(217,'Recuperable a medio plazo',57),(218,'Mitigable',57),(219,'Irrecuperable',57),(220,'Extremadamente Perjudicial',58),(221,'Muy Perjudicial',58),(222,'Perjudicial',58),(223,'Irrelevante',58),(224,'Beneficiosa',58),(225,'Muy beneficiosa',58),(226,'Extremadamente beneficiosa',58),(227,'Extremadamente Perjudicial',59),(228,'Muy Perjudicial',59),(229,'Perjudicial',59),(230,'Irrelevante',59),(231,'Beneficiosa',59),(232,'Muy beneficiosa',59),(233,'Extremadamente beneficiosa',59),(234,'Extremadamente Perjudicial',60),(235,'Muy Perjudicial',60),(236,'Perjudicial',60),(237,'Irrelevante',60),(238,'Beneficiosa',60),(239,'Muy beneficiosa',60),(240,'Extremadamente beneficiosa',60),(241,'Baja',61),(242,'Media',61),(243,'Alta',61),(244,'Muy Alta',61),(245,'Total',61),(246,'Puntual',62),(247,'Parcial',62),(248,'Extensa',62),(249,'Total',62),(250,'Bajo',63),(251,'Medio',63),(252,'Alto',63),(253,'Inmediato',64),(254,'Medio Plazo',64),(255,'Largo Plazo',64),(256,'Bajo',65),(257,'Medio',65),(258,'Alto',65),(259,'Fugaz',66),(260,'Temporal',66),(261,'Permanente',66),(262,'Corto Plazo',67),(263,'Medio Plazo',67),(264,'Irreversible',67),(265,'Sin sinergismo (simple)',68),(266,'Sinérgico',68),(267,'Muy Sinérgico',68),(268,'Bajo',69),(269,'Medio',69),(270,'Alto',69),(271,'Indirecto (secundario)',70),(272,'Directo',70),(273,'Irregular o aperiódico y discontinuo',71),(274,'Periódico',71),(275,'Continuo',71),(276,'Recuparable de manera inmediata',72),(277,'Recuperable a medio plazo',72),(278,'Mitigable',72),(279,'Irrecuperable',72),(280,'Extremadamente Perjudicial',73),(281,'Muy Perjudicial',73),(282,'Perjudicial',73),(283,'Irrelevante',73),(284,'Beneficiosa',73),(285,'Muy beneficiosa',73),(286,'Extremadamente beneficiosa',73),(287,'Extremadamente Perjudicial',74),(288,'Muy Perjudicial',74),(289,'Perjudicial',74),(290,'Irrelevante',74),(291,'Beneficiosa',74),(292,'Muy beneficiosa',74),(293,'Extremadamente beneficiosa',74),(294,'Extremadamente Perjudicial',75),(295,'Muy Perjudicial',75),(296,'Perjudicial',75),(297,'Irrelevante',75),(298,'Beneficiosa',75),(299,'Muy beneficiosa',75),(300,'Extremadamente beneficiosa',75),(301,'Baja',76),(302,'Media',76),(303,'Alta',76),(304,'Muy Alta',76),(305,'Total',76),(306,'Puntual',77),(307,'Parcial',77),(308,'Extensa',77),(309,'Total',77),(310,'Bajo',78),(311,'Medio',78),(312,'Alto',78),(313,'Inmediato',79),(314,'Medio Plazo',79),(315,'Largo Plazo',79),(316,'Bajo',80),(317,'Medio',80),(318,'Alto',80),(319,'Fugaz',81),(320,'Temporal',81),(321,'Permanente',81),(322,'Corto Plazo',82),(323,'Medio Plazo',82),(324,'Irreversible',82),(325,'Sin sinergismo (simple)',83),(326,'Sinérgico',83),(327,'Muy Sinérgico',83),(328,'Bajo',84),(329,'Medio',84),(330,'Alto',84),(331,'Indirecto (secundario)',85),(332,'Directo',85),(333,'Irregular o aperiódico y discontinuo',86),(334,'Periódico',86),(335,'Continuo',86),(336,'Recuparable de manera inmediata',87),(337,'Recuperable a medio plazo',87),(338,'Mitigable',87),(339,'Irrecuperable',87),(340,'Extremadamente Perjudicial',88),(341,'Muy Perjudicial',88),(342,'Perjudicial',88),(343,'Irrelevante',88),(344,'Beneficiosa',88),(345,'Muy beneficiosa',88),(346,'Extremadamente beneficiosa',88),(347,'Extremadamente Perjudicial',89),(348,'Muy Perjudicial',89),(349,'Perjudicial',89),(350,'Irrelevante',89),(351,'Beneficiosa',89),(352,'Muy beneficiosa',89),(353,'Extremadamente beneficiosa',89),(354,'Extremadamente Perjudicial',90),(355,'Muy Perjudicial',90),(356,'Perjudicial',90),(357,'Irrelevante',90),(358,'Beneficiosa',90),(359,'Muy beneficiosa',90),(360,'Extremadamente beneficiosa',90),(361,'Baja',91),(362,'Media',91),(363,'Alta',91),(364,'Muy Alta',91),(365,'Total',91),(366,'Puntual',92),(367,'Parcial',92),(368,'Extensa',92),(369,'Total',92),(370,'Bajo',93),(371,'Medio',93),(372,'Alto',93),(373,'Inmediato',94),(374,'Medio Plazo',94),(375,'Largo Plazo',94),(376,'Bajo',95),(377,'Medio',95),(378,'Alto',95),(379,'Fugaz',96),(380,'Temporal',96),(381,'Permanente',96),(382,'Corto Plazo',97),(383,'Medio Plazo',97),(384,'Irreversible',97),(385,'Sin sinergismo (simple)',98),(386,'Sinérgico',98),(387,'Muy Sinérgico',98),(388,'Bajo',99),(389,'Medio',99),(390,'Alto',99),(391,'Indirecto (secundario)',100),(392,'Directo',100),(393,'Irregular o aperiódico y discontinuo',101),(394,'Periódico',101),(395,'Continuo',101),(396,'Recuparable de manera inmediata',102),(397,'Recuperable a medio plazo',102),(398,'Mitigable',102),(399,'Irrecuperable',102),(400,'Extremadamente Perjudicial',103),(401,'Muy Perjudicial',103),(402,'Perjudicial',103),(403,'Irrelevante',103),(404,'Beneficiosa',103),(405,'Muy beneficiosa',103),(406,'Extremadamente beneficiosa',103),(407,'Extremadamente Perjudicial',104),(408,'Muy Perjudicial',104),(409,'Perjudicial',104),(410,'Irrelevante',104),(411,'Beneficiosa',104),(412,'Muy beneficiosa',104),(413,'Extremadamente beneficiosa',104),(414,'Extremadamente Perjudicial',105),(415,'Muy Perjudicial',105),(416,'Perjudicial',105),(417,'Irrelevante',105),(418,'Beneficiosa',105),(419,'Muy beneficiosa',105),(420,'Extremadamente beneficiosa',105),(421,'Baja',106),(422,'Media',106),(423,'Alta',106),(424,'Muy Alta',106),(425,'Total',106),(426,'Puntual',107),(427,'Parcial',107),(428,'Extensa',107),(429,'Total',107),(430,'Bajo',108),(431,'Medio',108),(432,'Alto',108),(433,'Inmediato',109),(434,'Medio Plazo',109),(435,'Largo Plazo',109),(436,'Bajo',110),(437,'Medio',110),(438,'Alto',110),(439,'Fugaz',111),(440,'Temporal',111),(441,'Permanente',111),(442,'Corto Plazo',112),(443,'Medio Plazo',112),(444,'Irreversible',112),(445,'Sin sinergismo (simple)',113),(446,'Sinérgico',113),(447,'Muy Sinérgico',113),(448,'Bajo',114),(449,'Medio',114),(450,'Alto',114),(451,'Indirecto (secundario)',115),(452,'Directo',115),(453,'Irregular o aperiódico y discontinuo',116),(454,'Periódico',116),(455,'Continuo',116),(456,'Recuparable de manera inmediata',117),(457,'Recuperable a medio plazo',117),(458,'Mitigable',117),(459,'Irrecuperable',117),(460,'Extremadamente Perjudicial',118),(461,'Muy Perjudicial',118),(462,'Perjudicial',118),(463,'Irrelevante',118),(464,'Beneficiosa',118),(465,'Muy beneficiosa',118),(466,'Extremadamente beneficiosa',118),(467,'Extremadamente Perjudicial',119),(468,'Muy Perjudicial',119),(469,'Perjudicial',119),(470,'Irrelevante',119),(471,'Beneficiosa',119),(472,'Muy beneficiosa',119),(473,'Extremadamente beneficiosa',119),(474,'Extremadamente Perjudicial',120),(475,'Muy Perjudicial',120),(476,'Perjudicial',120),(477,'Irrelevante',120),(478,'Beneficiosa',120),(479,'Muy beneficiosa',120),(480,'Extremadamente beneficiosa',120),(481,'Baja',121),(482,'Media',121),(483,'Alta',121),(484,'Muy Alta',121),(485,'Total',121),(486,'Puntual',122),(487,'Parcial',122),(488,'Extensa',122),(489,'Total',122),(490,'Bajo',123),(491,'Medio',123),(492,'Alto',123),(493,'Inmediato',124),(494,'Medio Plazo',124),(495,'Largo Plazo',124),(496,'Bajo',125),(497,'Medio',125),(498,'Alto',125),(499,'Fugaz',126),(500,'Temporal',126),(501,'Permanente',126),(502,'Corto Plazo',127),(503,'Medio Plazo',127),(504,'Irreversible',127),(505,'Sin sinergismo (simple)',128),(506,'Sinérgico',128),(507,'Muy Sinérgico',128),(508,'Bajo',129),(509,'Medio',129),(510,'Alto',129),(511,'Indirecto (secundario)',130),(512,'Directo',130),(513,'Irregular o aperiódico y discontinuo',131),(514,'Periódico',131),(515,'Continuo',131),(516,'Recuparable de manera inmediata',132),(517,'Recuperable a medio plazo',132),(518,'Mitigable',132),(519,'Irrecuperable',132),(520,'Extremadamente Perjudicial',133),(521,'Muy Perjudicial',133),(522,'Perjudicial',133),(523,'Irrelevante',133),(524,'Beneficiosa',133),(525,'Muy beneficiosa',133),(526,'Extremadamente beneficiosa',133),(527,'Extremadamente Perjudicial',134),(528,'Muy Perjudicial',134),(529,'Perjudicial',134),(530,'Irrelevante',134),(531,'Beneficiosa',134),(532,'Muy beneficiosa',134),(533,'Extremadamente beneficiosa',134),(534,'Extremadamente Perjudicial',135),(535,'Muy Perjudicial',135),(536,'Perjudicial',135),(537,'Irrelevante',135),(538,'Beneficiosa',135),(539,'Muy beneficiosa',135),(540,'Extremadamente beneficiosa',135),(541,'Baja',136),(542,'Media',136),(543,'Alta',136),(544,'Muy Alta',136),(545,'Total',136),(546,'Puntual',137),(547,'Parcial',137),(548,'Extensa',137),(549,'Total',137),(550,'Bajo',138),(551,'Medio',138),(552,'Alto',138),(553,'Inmediato',139),(554,'Medio Plazo',139),(555,'Largo Plazo',139),(556,'Bajo',140),(557,'Medio',140),(558,'Alto',140),(559,'Fugaz',141),(560,'Temporal',141),(561,'Permanente',141),(562,'Corto Plazo',142),(563,'Medio Plazo',142),(564,'Irreversible',142),(565,'Sin sinergismo (simple)',143),(566,'Sinérgico',143),(567,'Muy Sinérgico',143),(568,'Bajo',144),(569,'Medio',144),(570,'Alto',144),(571,'Indirecto (secundario)',145),(572,'Directo',145),(573,'Irregular o aperiódico y discontinuo',146),(574,'Periódico',146),(575,'Continuo',146),(576,'Recuparable de manera inmediata',147),(577,'Recuperable a medio plazo',147),(578,'Mitigable',147),(579,'Irrecuperable',147),(580,'Extremadamente Perjudicial',148),(581,'Muy Perjudicial',148),(582,'Perjudicial',148),(583,'Irrelevante',148),(584,'Beneficiosa',148),(585,'Muy beneficiosa',148),(586,'Extremadamente beneficiosa',148),(587,'Extremadamente Perjudicial',149),(588,'Muy Perjudicial',149),(589,'Perjudicial',149),(590,'Irrelevante',149),(591,'Beneficiosa',149),(592,'Muy beneficiosa',149),(593,'Extremadamente beneficiosa',149),(594,'Extremadamente Perjudicial',150),(595,'Muy Perjudicial',150),(596,'Perjudicial',150),(597,'Irrelevante',150),(598,'Beneficiosa',150),(599,'Muy beneficiosa',150),(600,'Extremadamente beneficiosa',150),(601,'Baja',151),(602,'Media',151),(603,'Alta',151),(604,'Muy Alta',151),(605,'Total',151),(606,'Puntual',152),(607,'Parcial',152),(608,'Extensa',152),(609,'Total',152),(610,'Bajo',153),(611,'Medio',153),(612,'Alto',153),(613,'Inmediato',154),(614,'Medio Plazo',154),(615,'Largo Plazo',154),(616,'Bajo',155),(617,'Medio',155),(618,'Alto',155),(619,'Fugaz',156),(620,'Temporal',156),(621,'Permanente',156),(622,'Corto Plazo',157),(623,'Medio Plazo',157),(624,'Irreversible',157),(625,'Sin sinergismo (simple)',158),(626,'Sinérgico',158),(627,'Muy Sinérgico',158),(628,'Bajo',159),(629,'Medio',159),(630,'Alto',159),(631,'Indirecto (secundario)',160),(632,'Directo',160),(633,'Irregular o aperiódico y discontinuo',161),(634,'Periódico',161),(635,'Continuo',161),(636,'Recuparable de manera inmediata',162),(637,'Recuperable a medio plazo',162),(638,'Mitigable',162),(639,'Irrecuperable',162),(640,'Extremadamente Perjudicial',163),(641,'Muy Perjudicial',163),(642,'Perjudicial',163),(643,'Irrelevante',163),(644,'Beneficiosa',163),(645,'Muy beneficiosa',163),(646,'Extremadamente beneficiosa',163),(647,'Extremadamente Perjudicial',164),(648,'Muy Perjudicial',164),(649,'Perjudicial',164),(650,'Irrelevante',164),(651,'Beneficiosa',164),(652,'Muy beneficiosa',164),(653,'Extremadamente beneficiosa',164),(654,'Extremadamente Perjudicial',165),(655,'Muy Perjudicial',165),(656,'Perjudicial',165),(657,'Irrelevante',165),(658,'Beneficiosa',165),(659,'Muy beneficiosa',165),(660,'Extremadamente beneficiosa',165),(661,'Baja',166),(662,'Media',166),(663,'Alta',166),(664,'Muy Alta',166),(665,'Total',166),(666,'Puntual',167),(667,'Parcial',167),(668,'Extensa',167),(669,'Total',167),(670,'Bajo',168),(671,'Medio',168),(672,'Alto',168),(673,'Inmediato',169),(674,'Medio Plazo',169),(675,'Largo Plazo',169),(676,'Bajo',170),(677,'Medio',170),(678,'Alto',170),(679,'Fugaz',171),(680,'Temporal',171),(681,'Permanente',171),(682,'Corto Plazo',172),(683,'Medio Plazo',172),(684,'Irreversible',172),(685,'Sin sinergismo (simple)',173),(686,'Sinérgico',173),(687,'Muy Sinérgico',173),(688,'Bajo',174),(689,'Medio',174),(690,'Alto',174),(691,'Indirecto (secundario)',175),(692,'Directo',175),(693,'Irregular o aperiódico y discontinuo',176),(694,'Periódico',176),(695,'Continuo',176),(696,'Recuparable de manera inmediata',177),(697,'Recuperable a medio plazo',177),(698,'Mitigable',177),(699,'Irrecuperable',177),(700,'Extremadamente Perjudicial',178),(701,'Muy Perjudicial',178),(702,'Perjudicial',178),(703,'Irrelevante',178),(704,'Beneficiosa',178),(705,'Muy beneficiosa',178),(706,'Extremadamente beneficiosa',178),(707,'Extremadamente Perjudicial',179),(708,'Muy Perjudicial',179),(709,'Perjudicial',179),(710,'Irrelevante',179),(711,'Beneficiosa',179),(712,'Muy beneficiosa',179),(713,'Extremadamente beneficiosa',179),(714,'Extremadamente Perjudicial',180),(715,'Muy Perjudicial',180),(716,'Perjudicial',180),(717,'Irrelevante',180),(718,'Beneficiosa',180),(719,'Muy beneficiosa',180),(720,'Extremadamente beneficiosa',180),(721,'Baja',181),(722,'Media',181),(723,'Alta',181),(724,'Muy Alta',181),(725,'Total',181),(726,'Puntual',182),(727,'Parcial',182),(728,'Extensa',182),(729,'Total',182),(730,'Bajo',183),(731,'Medio',183),(732,'Alto',183),(733,'Inmediato',184),(734,'Medio Plazo',184),(735,'Largo Plazo',184),(736,'Bajo',185),(737,'Medio',185),(738,'Alto',185),(739,'Fugaz',186),(740,'Temporal',186),(741,'Permanente',186),(742,'Corto Plazo',187),(743,'Medio Plazo',187),(744,'Irreversible',187),(745,'Sin sinergismo (simple)',188),(746,'Sinérgico',188),(747,'Muy Sinérgico',188),(748,'Bajo',189),(749,'Medio',189),(750,'Alto',189),(751,'Indirecto (secundario)',190),(752,'Directo',190),(753,'Irregular o aperiódico y discontinuo',191),(754,'Periódico',191),(755,'Continuo',191),(756,'Recuparable de manera inmediata',192),(757,'Recuperable a medio plazo',192),(758,'Mitigable',192),(759,'Irrecuperable',192),(760,'Extremadamente Perjudicial',193),(761,'Muy Perjudicial',193),(762,'Perjudicial',193),(763,'Irrelevante',193),(764,'Beneficiosa',193),(765,'Muy beneficiosa',193),(766,'Extremadamente beneficiosa',193),(767,'Extremadamente Perjudicial',194),(768,'Muy Perjudicial',194),(769,'Perjudicial',194),(770,'Irrelevante',194),(771,'Beneficiosa',194),(772,'Muy beneficiosa',194),(773,'Extremadamente beneficiosa',194),(774,'Extremadamente Perjudicial',195),(775,'Muy Perjudicial',195),(776,'Perjudicial',195),(777,'Irrelevante',195),(778,'Beneficiosa',195),(779,'Muy beneficiosa',195),(780,'Extremadamente beneficiosa',195),(781,'Baja',196),(782,'Media',196),(783,'Alta',196),(784,'Muy Alta',196),(785,'Total',196),(786,'Puntual',197),(787,'Parcial',197),(788,'Extensa',197),(789,'Total',197),(790,'Bajo',198),(791,'Medio',198),(792,'Alto',198),(793,'Inmediato',199),(794,'Medio Plazo',199),(795,'Largo Plazo',199),(796,'Bajo',200),(797,'Medio',200),(798,'Alto',200),(799,'Fugaz',201),(800,'Temporal',201),(801,'Permanente',201),(802,'Corto Plazo',202),(803,'Medio Plazo',202),(804,'Irreversible',202),(805,'Sin sinergismo (simple)',203),(806,'Sinérgico',203),(807,'Muy Sinérgico',203),(808,'Bajo',204),(809,'Medio',204),(810,'Alto',204),(811,'Indirecto (secundario)',205),(812,'Directo',205),(813,'Irregular o aperiódico y discontinuo',206),(814,'Periódico',206),(815,'Continuo',206),(816,'Recuparable de manera inmediata',207),(817,'Recuperable a medio plazo',207),(818,'Mitigable',207),(819,'Irrecuperable',207),(820,'Extremadamente Perjudicial',208),(821,'Muy Perjudicial',208),(822,'Perjudicial',208),(823,'Irrelevante',208),(824,'Beneficiosa',208),(825,'Muy beneficiosa',208),(826,'Extremadamente beneficiosa',208),(827,'Extremadamente Perjudicial',209),(828,'Muy Perjudicial',209),(829,'Perjudicial',209),(830,'Irrelevante',209),(831,'Beneficiosa',209),(832,'Muy beneficiosa',209),(833,'Extremadamente beneficiosa',209),(834,'Extremadamente Perjudicial',210),(835,'Muy Perjudicial',210),(836,'Perjudicial',210),(837,'Irrelevante',210),(838,'Beneficiosa',210),(839,'Muy beneficiosa',210),(840,'Extremadamente beneficiosa',210),(841,'Baja',211),(842,'Media',211),(843,'Alta',211),(844,'Muy Alta',211),(845,'Total',211),(846,'Puntual',212),(847,'Parcial',212),(848,'Extensa',212),(849,'Total',212),(850,'Bajo',213),(851,'Medio',213),(852,'Alto',213),(853,'Inmediato',214),(854,'Medio Plazo',214),(855,'Largo Plazo',214),(856,'Bajo',215),(857,'Medio',215),(858,'Alto',215),(859,'Fugaz',216),(860,'Temporal',216),(861,'Permanente',216),(862,'Corto Plazo',217),(863,'Medio Plazo',217),(864,'Irreversible',217),(865,'Sin sinergismo (simple)',218),(866,'Sinérgico',218),(867,'Muy Sinérgico',218),(868,'Bajo',219),(869,'Medio',219),(870,'Alto',219),(871,'Indirecto (secundario)',220),(872,'Directo',220),(873,'Irregular o aperiódico y discontinuo',221),(874,'Periódico',221),(875,'Continuo',221),(876,'Recuparable de manera inmediata',222),(877,'Recuperable a medio plazo',222),(878,'Mitigable',222),(879,'Irrecuperable',222),(880,'Extremadamente Perjudicial',223),(881,'Muy Perjudicial',223),(882,'Perjudicial',223),(883,'Irrelevante',223),(884,'Beneficiosa',223),(885,'Muy beneficiosa',223),(886,'Extremadamente beneficiosa',223),(887,'Extremadamente Perjudicial',224),(888,'Muy Perjudicial',224),(889,'Perjudicial',224),(890,'Irrelevante',224),(891,'Beneficiosa',224),(892,'Muy beneficiosa',224),(893,'Extremadamente beneficiosa',224),(894,'Extremadamente Perjudicial',225),(895,'Muy Perjudicial',225),(896,'Perjudicial',225),(897,'Irrelevante',225),(898,'Beneficiosa',225),(899,'Muy beneficiosa',225),(900,'Extremadamente beneficiosa',225),(901,'Baja',226),(902,'Media',226),(903,'Alta',226),(904,'Muy Alta',226),(905,'Total',226),(906,'Puntual',227),(907,'Parcial',227),(908,'Extensa',227),(909,'Total',227),(910,'Bajo',228),(911,'Medio',228),(912,'Alto',228),(913,'Inmediato',229),(914,'Medio Plazo',229),(915,'Largo Plazo',229),(916,'Bajo',230),(917,'Medio',230),(918,'Alto',230),(919,'Fugaz',231),(920,'Temporal',231),(921,'Permanente',231),(922,'Corto Plazo',232),(923,'Medio Plazo',232),(924,'Irreversible',232),(925,'Sin sinergismo (simple)',233),(926,'Sinérgico',233),(927,'Muy Sinérgico',233),(928,'Bajo',234),(929,'Medio',234),(930,'Alto',234),(931,'Indirecto (secundario)',235),(932,'Directo',235),(933,'Irregular o aperiódico y discontinuo',236),(934,'Periódico',236),(935,'Continuo',236),(936,'Recuparable de manera inmediata',237),(937,'Recuperable a medio plazo',237),(938,'Mitigable',237),(939,'Irrecuperable',237),(940,'Extremadamente Perjudicial',238),(941,'Muy Perjudicial',238),(942,'Perjudicial',238),(943,'Irrelevante',238),(944,'Beneficiosa',238),(945,'Muy beneficiosa',238),(946,'Extremadamente beneficiosa',238),(947,'Extremadamente Perjudicial',239),(948,'Muy Perjudicial',239),(949,'Perjudicial',239),(950,'Irrelevante',239),(951,'Beneficiosa',239),(952,'Muy beneficiosa',239),(953,'Extremadamente beneficiosa',239),(954,'Extremadamente Perjudicial',240),(955,'Muy Perjudicial',240),(956,'Perjudicial',240),(957,'Irrelevante',240),(958,'Beneficiosa',240),(959,'Muy beneficiosa',240),(960,'Extremadamente beneficiosa',240),(961,'Baja',241),(962,'Media',241),(963,'Alta',241),(964,'Muy Alta',241),(965,'Total',241),(966,'Puntual',242),(967,'Parcial',242),(968,'Extensa',242),(969,'Total',242),(970,'Bajo',243),(971,'Medio',243),(972,'Alto',243),(973,'Inmediato',244),(974,'Medio Plazo',244),(975,'Largo Plazo',244),(976,'Bajo',245),(977,'Medio',245),(978,'Alto',245),(979,'Fugaz',246),(980,'Temporal',246),(981,'Permanente',246),(982,'Corto Plazo',247),(983,'Medio Plazo',247),(984,'Irreversible',247),(985,'Sin sinergismo (simple)',248),(986,'Sinérgico',248),(987,'Muy Sinérgico',248),(988,'Bajo',249),(989,'Medio',249),(990,'Alto',249),(991,'Indirecto (secundario)',250),(992,'Directo',250),(993,'Irregular o aperiódico y discontinuo',251),(994,'Periódico',251),(995,'Continuo',251),(996,'Recuparable de manera inmediata',252),(997,'Recuperable a medio plazo',252),(998,'Mitigable',252),(999,'Irrecuperable',252),(1000,'Extremadamente Perjudicial',253),(1001,'Muy Perjudicial',253),(1002,'Perjudicial',253),(1003,'Irrelevante',253),(1004,'Beneficiosa',253),(1005,'Muy beneficiosa',253),(1006,'Extremadamente beneficiosa',253),(1007,'Extremadamente Perjudicial',254),(1008,'Muy Perjudicial',254),(1009,'Perjudicial',254),(1010,'Irrelevante',254),(1011,'Beneficiosa',254),(1012,'Muy beneficiosa',254),(1013,'Extremadamente beneficiosa',254),(1014,'Extremadamente Perjudicial',255),(1015,'Muy Perjudicial',255),(1016,'Perjudicial',255),(1017,'Irrelevante',255),(1018,'Beneficiosa',255),(1019,'Muy beneficiosa',255),(1020,'Extremadamente beneficiosa',255),(1021,'Baja',256),(1022,'Media',256),(1023,'Alta',256),(1024,'Muy Alta',256),(1025,'Total',256),(1026,'Puntual',257),(1027,'Parcial',257),(1028,'Extensa',257),(1029,'Total',257),(1030,'Bajo',258),(1031,'Medio',258),(1032,'Alto',258),(1033,'Inmediato',259),(1034,'Medio Plazo',259),(1035,'Largo Plazo',259),(1036,'Bajo',260),(1037,'Medio',260),(1038,'Alto',260),(1039,'Fugaz',261),(1040,'Temporal',261),(1041,'Permanente',261),(1042,'Corto Plazo',262),(1043,'Medio Plazo',262),(1044,'Irreversible',262),(1045,'Sin sinergismo (simple)',263),(1046,'Sinérgico',263),(1047,'Muy Sinérgico',263),(1048,'Bajo',264),(1049,'Medio',264),(1050,'Alto',264),(1051,'Indirecto (secundario)',265),(1052,'Directo',265),(1053,'Irregular o aperiódico y discontinuo',266),(1054,'Periódico',266),(1055,'Continuo',266),(1056,'Recuparable de manera inmediata',267),(1057,'Recuperable a medio plazo',267),(1058,'Mitigable',267),(1059,'Irrecuperable',267),(1060,'Extremadamente Perjudicial',268),(1061,'Muy Perjudicial',268),(1062,'Perjudicial',268),(1063,'Irrelevante',268),(1064,'Beneficiosa',268),(1065,'Muy beneficiosa',268),(1066,'Extremadamente beneficiosa',268),(1067,'Extremadamente Perjudicial',269),(1068,'Muy Perjudicial',269),(1069,'Perjudicial',269),(1070,'Irrelevante',269),(1071,'Beneficiosa',269),(1072,'Muy beneficiosa',269),(1073,'Extremadamente beneficiosa',269),(1074,'Extremadamente Perjudicial',270),(1075,'Muy Perjudicial',270),(1076,'Perjudicial',270),(1077,'Irrelevante',270),(1078,'Beneficiosa',270),(1079,'Muy beneficiosa',270),(1080,'Extremadamente beneficiosa',270),(1081,'Baja',271),(1082,'Media',271),(1083,'Alta',271),(1084,'Muy Alta',271),(1085,'Total',271),(1086,'Puntual',272),(1087,'Parcial',272),(1088,'Extensa',272),(1089,'Total',272),(1090,'Bajo',273),(1091,'Medio',273),(1092,'Alto',273),(1093,'Inmediato',274),(1094,'Medio Plazo',274),(1095,'Largo Plazo',274),(1096,'Bajo',275),(1097,'Medio',275),(1098,'Alto',275),(1099,'Fugaz',276),(1100,'Temporal',276),(1101,'Permanente',276),(1102,'Corto Plazo',277),(1103,'Medio Plazo',277),(1104,'Irreversible',277),(1105,'Sin sinergismo (simple)',278),(1106,'Sinérgico',278),(1107,'Muy Sinérgico',278),(1108,'Bajo',279),(1109,'Medio',279),(1110,'Alto',279),(1111,'Indirecto (secundario)',280),(1112,'Directo',280),(1113,'Irregular o aperiódico y discontinuo',281),(1114,'Periódico',281),(1115,'Continuo',281),(1116,'Recuparable de manera inmediata',282),(1117,'Recuperable a medio plazo',282),(1118,'Mitigable',282),(1119,'Irrecuperable',282),(1120,'Extremadamente Perjudicial',283),(1121,'Muy Perjudicial',283),(1122,'Perjudicial',283),(1123,'Irrelevante',283),(1124,'Beneficiosa',283),(1125,'Muy beneficiosa',283),(1126,'Extremadamente beneficiosa',283),(1127,'Extremadamente Perjudicial',284),(1128,'Muy Perjudicial',284),(1129,'Perjudicial',284),(1130,'Irrelevante',284),(1131,'Beneficiosa',284),(1132,'Muy beneficiosa',284),(1133,'Extremadamente beneficiosa',284),(1134,'Extremadamente Perjudicial',285),(1135,'Muy Perjudicial',285),(1136,'Perjudicial',285),(1137,'Irrelevante',285),(1138,'Beneficiosa',285),(1139,'Muy beneficiosa',285),(1140,'Extremadamente beneficiosa',285),(1141,'Baja',286),(1142,'Media',286),(1143,'Alta',286),(1144,'Muy Alta',286),(1145,'Total',286),(1146,'Puntual',287),(1147,'Parcial',287),(1148,'Extensa',287),(1149,'Total',287),(1150,'Bajo',288),(1151,'Medio',288),(1152,'Alto',288),(1153,'Inmediato',289),(1154,'Medio Plazo',289),(1155,'Largo Plazo',289),(1156,'Bajo',290),(1157,'Medio',290),(1158,'Alto',290),(1159,'Fugaz',291),(1160,'Temporal',291),(1161,'Permanente',291),(1162,'Corto Plazo',292),(1163,'Medio Plazo',292),(1164,'Irreversible',292),(1165,'Sin sinergismo (simple)',293),(1166,'Sinérgico',293),(1167,'Muy Sinérgico',293),(1168,'Bajo',294),(1169,'Medio',294),(1170,'Alto',294),(1171,'Indirecto (secundario)',295),(1172,'Directo',295),(1173,'Irregular o aperiódico y discontinuo',296),(1174,'Periódico',296),(1175,'Continuo',296),(1176,'Recuparable de manera inmediata',297),(1177,'Recuperable a medio plazo',297),(1178,'Mitigable',297),(1179,'Irrecuperable',297),(1180,'Extremadamente Perjudicial',298),(1181,'Muy Perjudicial',298),(1182,'Perjudicial',298),(1183,'Irrelevante',298),(1184,'Beneficiosa',298),(1185,'Muy beneficiosa',298),(1186,'Extremadamente beneficiosa',298),(1187,'Extremadamente Perjudicial',299),(1188,'Muy Perjudicial',299),(1189,'Perjudicial',299),(1190,'Irrelevante',299),(1191,'Beneficiosa',299),(1192,'Muy beneficiosa',299),(1193,'Extremadamente beneficiosa',299),(1194,'Extremadamente Perjudicial',300),(1195,'Muy Perjudicial',300),(1196,'Perjudicial',300),(1197,'Irrelevante',300),(1198,'Beneficiosa',300),(1199,'Muy beneficiosa',300),(1200,'Extremadamente beneficiosa',300),(1201,'Baja',301),(1202,'Media',301),(1203,'Alta',301),(1204,'Muy Alta',301),(1205,'Total',301),(1206,'Puntual',302),(1207,'Parcial',302),(1208,'Extensa',302),(1209,'Total',302),(1210,'Bajo',303),(1211,'Medio',303),(1212,'Alto',303),(1213,'Inmediato',304),(1214,'Medio Plazo',304),(1215,'Largo Plazo',304),(1216,'Bajo',305),(1217,'Medio',305),(1218,'Alto',305),(1219,'Fugaz',306),(1220,'Temporal',306),(1221,'Permanente',306),(1222,'Corto Plazo',307),(1223,'Medio Plazo',307),(1224,'Irreversible',307),(1225,'Sin sinergismo (simple)',308),(1226,'Sinérgico',308),(1227,'Muy Sinérgico',308),(1228,'Bajo',309),(1229,'Medio',309),(1230,'Alto',309),(1231,'Indirecto (secundario)',310),(1232,'Directo',310),(1233,'Irregular o aperiódico y discontinuo',311),(1234,'Periódico',311),(1235,'Continuo',311),(1236,'Recuparable de manera inmediata',312),(1237,'Recuperable a medio plazo',312),(1238,'Mitigable',312),(1239,'Irrecuperable',312),(1240,'Extremadamente Perjudicial',313),(1241,'Muy Perjudicial',313),(1242,'Perjudicial',313),(1243,'Irrelevante',313),(1244,'Beneficiosa',313),(1245,'Muy beneficiosa',313),(1246,'Extremadamente beneficiosa',313),(1247,'Extremadamente Perjudicial',314),(1248,'Muy Perjudicial',314),(1249,'Perjudicial',314),(1250,'Irrelevante',314),(1251,'Beneficiosa',314),(1252,'Muy beneficiosa',314),(1253,'Extremadamente beneficiosa',314),(1254,'Extremadamente Perjudicial',315),(1255,'Muy Perjudicial',315),(1256,'Perjudicial',315),(1257,'Irrelevante',315),(1258,'Beneficiosa',315),(1259,'Muy beneficiosa',315),(1260,'Extremadamente beneficiosa',315),(1261,'Baja',316),(1262,'Media',316),(1263,'Alta',316),(1264,'Muy Alta',316),(1265,'Total',316),(1266,'Puntual',317),(1267,'Parcial',317),(1268,'Extensa',317),(1269,'Total',317),(1270,'Bajo',318),(1271,'Medio',318),(1272,'Alto',318),(1273,'Inmediato',319),(1274,'Medio Plazo',319),(1275,'Largo Plazo',319),(1276,'Bajo',320),(1277,'Medio',320),(1278,'Alto',320),(1279,'Fugaz',321),(1280,'Temporal',321),(1281,'Permanente',321),(1282,'Corto Plazo',322),(1283,'Medio Plazo',322),(1284,'Irreversible',322),(1285,'Sin sinergismo (simple)',323),(1286,'Sinérgico',323),(1287,'Muy Sinérgico',323),(1288,'Bajo',324),(1289,'Medio',324),(1290,'Alto',324),(1291,'Indirecto (secundario)',325),(1292,'Directo',325),(1293,'Irregular o aperiódico y discontinuo',326),(1294,'Periódico',326),(1295,'Continuo',326),(1296,'Recuparable de manera inmediata',327),(1297,'Recuperable a medio plazo',327),(1298,'Mitigable',327),(1299,'Irrecuperable',327),(1300,'Extremadamente Perjudicial',328),(1301,'Muy Perjudicial',328),(1302,'Perjudicial',328),(1303,'Irrelevante',328),(1304,'Beneficiosa',328),(1305,'Muy beneficiosa',328),(1306,'Extremadamente beneficiosa',328),(1307,'Extremadamente Perjudicial',329),(1308,'Muy Perjudicial',329),(1309,'Perjudicial',329),(1310,'Irrelevante',329),(1311,'Beneficiosa',329),(1312,'Muy beneficiosa',329),(1313,'Extremadamente beneficiosa',329),(1314,'Extremadamente Perjudicial',330),(1315,'Muy Perjudicial',330),(1316,'Perjudicial',330),(1317,'Irrelevante',330),(1318,'Beneficiosa',330),(1319,'Muy beneficiosa',330),(1320,'Extremadamente beneficiosa',330),(1321,'Baja',331),(1322,'Media',331),(1323,'Alta',331),(1324,'Muy Alta',331),(1325,'Total',331),(1326,'Puntual',332),(1327,'Parcial',332),(1328,'Extensa',332),(1329,'Total',332),(1330,'Bajo',333),(1331,'Medio',333),(1332,'Alto',333),(1333,'Inmediato',334),(1334,'Medio Plazo',334),(1335,'Largo Plazo',334),(1336,'Bajo',335),(1337,'Medio',335),(1338,'Alto',335),(1339,'Fugaz',336),(1340,'Temporal',336),(1341,'Permanente',336),(1342,'Corto Plazo',337),(1343,'Medio Plazo',337),(1344,'Irreversible',337),(1345,'Sin sinergismo (simple)',338),(1346,'Sinérgico',338),(1347,'Muy Sinérgico',338),(1348,'Bajo',339),(1349,'Medio',339),(1350,'Alto',339),(1351,'Indirecto (secundario)',340),(1352,'Directo',340),(1353,'Irregular o aperiódico y discontinuo',341),(1354,'Periódico',341),(1355,'Continuo',341),(1356,'Recuparable de manera inmediata',342),(1357,'Recuperable a medio plazo',342),(1358,'Mitigable',342),(1359,'Irrecuperable',342),(1360,'Extremadamente Perjudicial',343),(1361,'Muy Perjudicial',343),(1362,'Perjudicial',343),(1363,'Irrelevante',343),(1364,'Beneficiosa',343),(1365,'Muy beneficiosa',343),(1366,'Extremadamente beneficiosa',343),(1367,'Extremadamente Perjudicial',344),(1368,'Muy Perjudicial',344),(1369,'Perjudicial',344),(1370,'Irrelevante',344),(1371,'Beneficiosa',344),(1372,'Muy beneficiosa',344),(1373,'Extremadamente beneficiosa',344),(1374,'Extremadamente Perjudicial',345),(1375,'Muy Perjudicial',345),(1376,'Perjudicial',345),(1377,'Irrelevante',345),(1378,'Beneficiosa',345),(1379,'Muy beneficiosa',345),(1380,'Extremadamente beneficiosa',345),(1381,'Baja',346),(1382,'Media',346),(1383,'Alta',346),(1384,'Muy Alta',346),(1385,'Total',346),(1386,'Puntual',347),(1387,'Parcial',347),(1388,'Extensa',347),(1389,'Total',347),(1390,'Bajo',348),(1391,'Medio',348),(1392,'Alto',348),(1393,'Inmediato',349),(1394,'Medio Plazo',349),(1395,'Largo Plazo',349),(1396,'Bajo',350),(1397,'Medio',350),(1398,'Alto',350),(1399,'Fugaz',351),(1400,'Temporal',351),(1401,'Permanente',351),(1402,'Corto Plazo',352),(1403,'Medio Plazo',352),(1404,'Irreversible',352),(1405,'Sin sinergismo (simple)',353),(1406,'Sinérgico',353),(1407,'Muy Sinérgico',353),(1408,'Bajo',354),(1409,'Medio',354),(1410,'Alto',354),(1411,'Indirecto (secundario)',355),(1412,'Directo',355),(1413,'Irregular o aperiódico y discontinuo',356),(1414,'Periódico',356),(1415,'Continuo',356),(1416,'Recuparable de manera inmediata',357),(1417,'Recuperable a medio plazo',357),(1418,'Mitigable',357),(1419,'Irrecuperable',357),(1420,'Extremadamente Perjudicial',358),(1421,'Muy Perjudicial',358),(1422,'Perjudicial',358),(1423,'Irrelevante',358),(1424,'Beneficiosa',358),(1425,'Muy beneficiosa',358),(1426,'Extremadamente beneficiosa',358),(1427,'Extremadamente Perjudicial',359),(1428,'Muy Perjudicial',359),(1429,'Perjudicial',359),(1430,'Irrelevante',359),(1431,'Beneficiosa',359),(1432,'Muy beneficiosa',359),(1433,'Extremadamente beneficiosa',359),(1434,'Extremadamente Perjudicial',360),(1435,'Muy Perjudicial',360),(1436,'Perjudicial',360),(1437,'Irrelevante',360),(1438,'Beneficiosa',360),(1439,'Muy beneficiosa',360),(1440,'Extremadamente beneficiosa',360),(1441,'Baja',361),(1442,'Media',361),(1443,'Alta',361),(1444,'Muy Alta',361),(1445,'Total',361),(1446,'Puntual',362),(1447,'Parcial',362),(1448,'Extensa',362),(1449,'Total',362),(1450,'Bajo',363),(1451,'Medio',363),(1452,'Alto',363),(1453,'Inmediato',364),(1454,'Medio Plazo',364),(1455,'Largo Plazo',364),(1456,'Bajo',365),(1457,'Medio',365),(1458,'Alto',365),(1459,'Fugaz',366),(1460,'Temporal',366),(1461,'Permanente',366),(1462,'Corto Plazo',367),(1463,'Medio Plazo',367),(1464,'Irreversible',367),(1465,'Sin sinergismo (simple)',368),(1466,'Sinérgico',368),(1467,'Muy Sinérgico',368),(1468,'Bajo',369),(1469,'Medio',369),(1470,'Alto',369),(1471,'Indirecto (secundario)',370),(1472,'Directo',370),(1473,'Irregular o aperiódico y discontinuo',371),(1474,'Periódico',371),(1475,'Continuo',371),(1476,'Recuparable de manera inmediata',372),(1477,'Recuperable a medio plazo',372),(1478,'Mitigable',372),(1479,'Irrecuperable',372),(1480,'Extremadamente Perjudicial',373),(1481,'Muy Perjudicial',373),(1482,'Perjudicial',373),(1483,'Irrelevante',373),(1484,'Beneficiosa',373),(1485,'Muy beneficiosa',373),(1486,'Extremadamente beneficiosa',373),(1487,'Extremadamente Perjudicial',374),(1488,'Muy Perjudicial',374),(1489,'Perjudicial',374),(1490,'Irrelevante',374),(1491,'Beneficiosa',374),(1492,'Muy beneficiosa',374),(1493,'Extremadamente beneficiosa',374),(1494,'Extremadamente Perjudicial',375),(1495,'Muy Perjudicial',375),(1496,'Perjudicial',375),(1497,'Irrelevante',375),(1498,'Beneficiosa',375),(1499,'Muy beneficiosa',375),(1500,'Extremadamente beneficiosa',375),(1501,'Baja',376),(1502,'Media',376),(1503,'Alta',376),(1504,'Muy Alta',376),(1505,'Total',376),(1506,'Puntual',377),(1507,'Parcial',377),(1508,'Extensa',377),(1509,'Total',377),(1510,'Bajo',378),(1511,'Medio',378),(1512,'Alto',378),(1513,'Inmediato',379),(1514,'Medio Plazo',379),(1515,'Largo Plazo',379),(1516,'Bajo',380),(1517,'Medio',380),(1518,'Alto',380),(1519,'Fugaz',381),(1520,'Temporal',381),(1521,'Permanente',381),(1522,'Corto Plazo',382),(1523,'Medio Plazo',382),(1524,'Irreversible',382),(1525,'Sin sinergismo (simple)',383),(1526,'Sinérgico',383),(1527,'Muy Sinérgico',383),(1528,'Bajo',384),(1529,'Medio',384),(1530,'Alto',384),(1531,'Indirecto (secundario)',385),(1532,'Directo',385),(1533,'Irregular o aperiódico y discontinuo',386),(1534,'Periódico',386),(1535,'Continuo',386),(1536,'Recuparable de manera inmediata',387),(1537,'Recuperable a medio plazo',387),(1538,'Mitigable',387),(1539,'Irrecuperable',387),(1540,'Extremadamente Perjudicial',388),(1541,'Muy Perjudicial',388),(1542,'Perjudicial',388),(1543,'Irrelevante',388),(1544,'Beneficiosa',388),(1545,'Muy beneficiosa',388),(1546,'Extremadamente beneficiosa',388),(1547,'Extremadamente Perjudicial',389),(1548,'Muy Perjudicial',389),(1549,'Perjudicial',389),(1550,'Irrelevante',389),(1551,'Beneficiosa',389),(1552,'Muy beneficiosa',389),(1553,'Extremadamente beneficiosa',389),(1554,'Extremadamente Perjudicial',390),(1555,'Muy Perjudicial',390),(1556,'Perjudicial',390),(1557,'Irrelevante',390),(1558,'Beneficiosa',390),(1559,'Muy beneficiosa',390),(1560,'Extremadamente beneficiosa',390),(1561,'Baja',391),(1562,'Media',391),(1563,'Alta',391),(1564,'Muy Alta',391),(1565,'Total',391),(1566,'Puntual',392),(1567,'Parcial',392),(1568,'Extensa',392),(1569,'Total',392),(1570,'Bajo',393),(1571,'Medio',393),(1572,'Alto',393),(1573,'Inmediato',394),(1574,'Medio Plazo',394),(1575,'Largo Plazo',394),(1576,'Bajo',395),(1577,'Medio',395),(1578,'Alto',395),(1579,'Fugaz',396),(1580,'Temporal',396),(1581,'Permanente',396),(1582,'Corto Plazo',397),(1583,'Medio Plazo',397),(1584,'Irreversible',397),(1585,'Sin sinergismo (simple)',398),(1586,'Sinérgico',398),(1587,'Muy Sinérgico',398),(1588,'Bajo',399),(1589,'Medio',399),(1590,'Alto',399),(1591,'Indirecto (secundario)',400),(1592,'Directo',400),(1593,'Irregular o aperiódico y discontinuo',401),(1594,'Periódico',401),(1595,'Continuo',401),(1596,'Recuparable de manera inmediata',402),(1597,'Recuperable a medio plazo',402),(1598,'Mitigable',402),(1599,'Irrecuperable',402),(1600,'Extremadamente Perjudicial',403),(1601,'Muy Perjudicial',403),(1602,'Perjudicial',403),(1603,'Irrelevante',403),(1604,'Beneficiosa',403),(1605,'Muy beneficiosa',403),(1606,'Extremadamente beneficiosa',403),(1607,'Extremadamente Perjudicial',404),(1608,'Muy Perjudicial',404),(1609,'Perjudicial',404),(1610,'Irrelevante',404),(1611,'Beneficiosa',404),(1612,'Muy beneficiosa',404),(1613,'Extremadamente beneficiosa',404),(1614,'Extremadamente Perjudicial',405),(1615,'Muy Perjudicial',405),(1616,'Perjudicial',405),(1617,'Irrelevante',405),(1618,'Beneficiosa',405),(1619,'Muy beneficiosa',405),(1620,'Extremadamente beneficiosa',405),(1621,'Baja',406),(1622,'Media',406),(1623,'Alta',406),(1624,'Muy Alta',406),(1625,'Total',406),(1626,'Puntual',407),(1627,'Parcial',407),(1628,'Extensa',407),(1629,'Total',407),(1630,'Bajo',408),(1631,'Medio',408),(1632,'Alto',408),(1633,'Inmediato',409),(1634,'Medio Plazo',409),(1635,'Largo Plazo',409),(1636,'Bajo',410),(1637,'Medio',410),(1638,'Alto',410),(1639,'Fugaz',411),(1640,'Temporal',411),(1641,'Permanente',411),(1642,'Corto Plazo',412),(1643,'Medio Plazo',412),(1644,'Irreversible',412),(1645,'Sin sinergismo (simple)',413),(1646,'Sinérgico',413),(1647,'Muy Sinérgico',413),(1648,'Bajo',414),(1649,'Medio',414),(1650,'Alto',414),(1651,'Indirecto (secundario)',415),(1652,'Directo',415),(1653,'Irregular o aperiódico y discontinuo',416),(1654,'Periódico',416),(1655,'Continuo',416),(1656,'Recuparable de manera inmediata',417),(1657,'Recuperable a medio plazo',417),(1658,'Mitigable',417),(1659,'Irrecuperable',417),(1660,'Extremadamente Perjudicial',418),(1661,'Muy Perjudicial',418),(1662,'Perjudicial',418),(1663,'Irrelevante',418),(1664,'Beneficiosa',418),(1665,'Muy beneficiosa',418),(1666,'Extremadamente beneficiosa',418),(1667,'Extremadamente Perjudicial',419),(1668,'Muy Perjudicial',419),(1669,'Perjudicial',419),(1670,'Irrelevante',419),(1671,'Beneficiosa',419),(1672,'Muy beneficiosa',419),(1673,'Extremadamente beneficiosa',419),(1674,'Extremadamente Perjudicial',420),(1675,'Muy Perjudicial',420),(1676,'Perjudicial',420),(1677,'Irrelevante',420),(1678,'Beneficiosa',420),(1679,'Muy beneficiosa',420),(1680,'Extremadamente beneficiosa',420),(1681,'Baja',421),(1682,'Media',421),(1683,'Alta',421),(1684,'Muy Alta',421),(1685,'Total',421),(1686,'Puntual',422),(1687,'Parcial',422),(1688,'Extensa',422),(1689,'Total',422),(1690,'Bajo',423),(1691,'Medio',423),(1692,'Alto',423),(1693,'Inmediato',424),(1694,'Medio Plazo',424),(1695,'Largo Plazo',424),(1696,'Bajo',425),(1697,'Medio',425),(1698,'Alto',425),(1699,'Fugaz',426),(1700,'Temporal',426),(1701,'Permanente',426),(1702,'Corto Plazo',427),(1703,'Medio Plazo',427),(1704,'Irreversible',427),(1705,'Sin sinergismo (simple)',428),(1706,'Sinérgico',428),(1707,'Muy Sinérgico',428),(1708,'Bajo',429),(1709,'Medio',429),(1710,'Alto',429),(1711,'Indirecto (secundario)',430),(1712,'Directo',430),(1713,'Irregular o aperiódico y discontinuo',431),(1714,'Periódico',431),(1715,'Continuo',431),(1716,'Recuparable de manera inmediata',432),(1717,'Recuperable a medio plazo',432),(1718,'Mitigable',432),(1719,'Irrecuperable',432),(1720,'Extremadamente Perjudicial',433),(1721,'Muy Perjudicial',433),(1722,'Perjudicial',433),(1723,'Irrelevante',433),(1724,'Beneficiosa',433),(1725,'Muy beneficiosa',433),(1726,'Extremadamente beneficiosa',433),(1727,'Extremadamente Perjudicial',434),(1728,'Muy Perjudicial',434),(1729,'Perjudicial',434),(1730,'Irrelevante',434),(1731,'Beneficiosa',434),(1732,'Muy beneficiosa',434),(1733,'Extremadamente beneficiosa',434),(1734,'Extremadamente Perjudicial',435),(1735,'Muy Perjudicial',435),(1736,'Perjudicial',435),(1737,'Irrelevante',435),(1738,'Beneficiosa',435),(1739,'Muy beneficiosa',435),(1740,'Extremadamente beneficiosa',435),(1741,'Baja',436),(1742,'Media',436),(1743,'Alta',436),(1744,'Muy Alta',436),(1745,'Total',436),(1746,'Puntual',437),(1747,'Parcial',437),(1748,'Extensa',437),(1749,'Total',437),(1750,'Bajo',438),(1751,'Medio',438),(1752,'Alto',438),(1753,'Inmediato',439),(1754,'Medio Plazo',439),(1755,'Largo Plazo',439),(1756,'Bajo',440),(1757,'Medio',440),(1758,'Alto',440),(1759,'Fugaz',441),(1760,'Temporal',441),(1761,'Permanente',441),(1762,'Corto Plazo',442),(1763,'Medio Plazo',442),(1764,'Irreversible',442),(1765,'Sin sinergismo (simple)',443),(1766,'Sinérgico',443),(1767,'Muy Sinérgico',443),(1768,'Bajo',444),(1769,'Medio',444),(1770,'Alto',444),(1771,'Indirecto (secundario)',445),(1772,'Directo',445),(1773,'Irregular o aperiódico y discontinuo',446),(1774,'Periódico',446),(1775,'Continuo',446),(1776,'Recuparable de manera inmediata',447),(1777,'Recuperable a medio plazo',447),(1778,'Mitigable',447),(1779,'Irrecuperable',447),(1780,'Extremadamente Perjudicial',448),(1781,'Muy Perjudicial',448),(1782,'Perjudicial',448),(1783,'Irrelevante',448),(1784,'Beneficiosa',448),(1785,'Muy beneficiosa',448),(1786,'Extremadamente beneficiosa',448),(1787,'Extremadamente Perjudicial',449),(1788,'Muy Perjudicial',449),(1789,'Perjudicial',449),(1790,'Irrelevante',449),(1791,'Beneficiosa',449),(1792,'Muy beneficiosa',449),(1793,'Extremadamente beneficiosa',449),(1794,'Extremadamente Perjudicial',450),(1795,'Muy Perjudicial',450),(1796,'Perjudicial',450),(1797,'Irrelevante',450),(1798,'Beneficiosa',450),(1799,'Muy beneficiosa',450),(1800,'Extremadamente beneficiosa',450),(1801,'Baja',451),(1802,'Media',451),(1803,'Alta',451),(1804,'Muy Alta',451),(1805,'Total',451),(1806,'Puntual',452),(1807,'Parcial',452),(1808,'Extensa',452),(1809,'Total',452),(1810,'Bajo',453),(1811,'Medio',453),(1812,'Alto',453),(1813,'Inmediato',454),(1814,'Medio Plazo',454),(1815,'Largo Plazo',454),(1816,'Bajo',455),(1817,'Medio',455),(1818,'Alto',455),(1819,'Fugaz',456),(1820,'Temporal',456),(1821,'Permanente',456),(1822,'Corto Plazo',457),(1823,'Medio Plazo',457),(1824,'Irreversible',457),(1825,'Sin sinergismo (simple)',458),(1826,'Sinérgico',458),(1827,'Muy Sinérgico',458),(1828,'Bajo',459),(1829,'Medio',459),(1830,'Alto',459),(1831,'Indirecto (secundario)',460),(1832,'Directo',460),(1833,'Irregular o aperiódico y discontinuo',461),(1834,'Periódico',461),(1835,'Continuo',461),(1836,'Recuparable de manera inmediata',462),(1837,'Recuperable a medio plazo',462),(1838,'Mitigable',462),(1839,'Irrecuperable',462),(1840,'Extremadamente Perjudicial',463),(1841,'Muy Perjudicial',463),(1842,'Perjudicial',463),(1843,'Irrelevante',463),(1844,'Beneficiosa',463),(1845,'Muy beneficiosa',463),(1846,'Extremadamente beneficiosa',463),(1847,'Extremadamente Perjudicial',464),(1848,'Muy Perjudicial',464),(1849,'Perjudicial',464),(1850,'Irrelevante',464),(1851,'Beneficiosa',464),(1852,'Muy beneficiosa',464),(1853,'Extremadamente beneficiosa',464),(1854,'Extremadamente Perjudicial',465),(1855,'Muy Perjudicial',465),(1856,'Perjudicial',465),(1857,'Irrelevante',465),(1858,'Beneficiosa',465),(1859,'Muy beneficiosa',465),(1860,'Extremadamente beneficiosa',465),(1861,'Extremadamente Perjudicial',466),(1862,'Muy Perjudicial',466),(1863,'Perjudicial',466),(1864,'Irrelevante',466),(1865,'Beneficiosa',466),(1866,'Muy beneficiosa',466),(1867,'Extremadamente beneficiosa',466),(1868,'Extremadamente Perjudicial',467),(1869,'Muy Perjudicial',467),(1870,'Perjudicial',467),(1871,'Irrelevante',467),(1872,'Beneficiosa',467),(1873,'Muy beneficiosa',467),(1874,'Extremadamente beneficiosa',467);
/*!40000 ALTER TABLE `sets` ENABLE KEYS */;
UNLOCK TABLES;

--
-- Table structure for table `users`
--

DROP TABLE IF EXISTS `users`;
/*!40101 SET @saved_cs_client     = @@character_set_client */;
/*!40101 SET character_set_client = utf8 */;
CREATE TABLE `users` (
  `id` int(11) NOT NULL AUTO_INCREMENT,
  `email_address` varchar(255) NOT NULL,
  `password` varchar(255) NOT NULL,
  `active` char(1) NOT NULL,
  `created` datetime NOT NULL,
  `modified` datetime NOT NULL,
  `firstname` varchar(255) DEFAULT NULL,
  `lastname` varchar(255) DEFAULT NULL,
  PRIMARY KEY (`id`),
  UNIQUE KEY `email_address` (`email_address`)
) ENGINE=InnoDB AUTO_INCREMENT=36 DEFAULT CHARSET=latin1;
/*!40101 SET character_set_client = @saved_cs_client */;

--
-- Dumping data for table `users`
--

LOCK TABLES `users` WRITE;
/*!40000 ALTER TABLE `users` DISABLE KEYS */;
INSERT INTO `users` VALUES (1,'ogduartev@unal.edu.co','91d544ea7ea29143d44128904ad34c512bd91643','1','2016-06-11 12:20:54','2016-06-11 12:20:54','Oscar','Duarte'),(2,'diplomado.eia.idea@gmail.com','91d544ea7ea29143d44128904ad34c512bd91643','1','2016-06-11 12:20:54','2016-06-11 12:20:54','Fernando','Martínez'),(3,'amvizcainoc@unal.edu.co','6634810b7e6a8f3e2f45f474f08854b7eaa0bf06','1','2016-06-11 12:20:54','2016-06-11 12:20:54','Ana Milena','Vizcaino Castro'),(4,'apbecerraq@gmail.com','002b480d7fa85e3d389b7d2a2d3e8bbf69a625b9','1','2016-06-11 12:20:54','2016-06-11 12:20:54','Ana Paola','Becerra Quiroz'),(5,'matias092@hotmail.es','5b8bdf75521e967bd180e94f21936ed2eac22328','1','2016-06-11 12:20:54','2016-06-11 12:20:54','Andrés Matías','Medina Álvarez'),(6,'arespanolm@gmail.com','fd02c4fb269358336969c0b3168f6ea94f531eef','1','2016-06-11 12:20:54','2016-06-11 12:20:54','Ángela Rocío','Español Mariño'),(7,'ajuyo.lopez@gmail.com','e3e9dad5579f8ecb4cf6c991c70ef97dffb0df8d','1','2016-06-11 12:20:54','2016-06-11 12:20:54','Ángela Yisela','Juyo López'),(8,'likavelasco@gmail.com','2eb8abd8d93a09df93866399084adedf45b81a94','1','2016-06-11 12:20:54','2016-06-11 12:20:54','Angélica María','Velasco Ramírez'),(9,'cebuitragoso@unal.edu.co','a5be1acccd6ced5d3c6c26997bee6bc2a7196e72','1','2016-06-11 12:20:54','2016-06-11 12:20:54','Camilo Ernesto ','Buitrago Soto'),(10,'claudiabarbosareina@gmail.com','e4972e40303b8cd2446a0ff25f0d43c092e4a725','1','2016-06-11 12:20:54','2016-06-11 12:20:54','Claudia Isabel','Barbosa Reina'),(11,'cdavidflorez@gmail.com','47df5fe5bd20751d0ccb262dca610dc2e0d05bad','1','2016-06-11 12:20:54','2016-06-11 12:20:54','Cristian David','Flórez Téllez'),(12,'dvdov@hotmail.com','701cc9c8caaa3a652513099cc63fb6b74fce1c16','1','2016-06-11 12:20:54','2016-06-11 12:20:54','David Antonio','Ortiz Villamarin'),(13,'gadusmo@gmail.com','6ddca8e5e24ed52bd14fc7dcdd97c66720e4d5b0','1','2016-06-11 12:20:54','2016-06-11 12:20:54','David Felipe','Rivas Sánchez'),(14,'delastrar@gmail.com','5064f86a523f08118d967338e22c356d330bd095','1','2016-06-11 12:20:54','2016-06-11 12:20:54','David Esteban','Lastra Romero'),(15,'dianal.gomez@utadeo.edu.co','75de1208f8b1ccc94d97b33f6ef22ef9eb79573d','1','2016-06-11 12:20:54','2016-06-11 12:20:54','Diana Lucia','Gómez García'),(16,'diana_p_castillo@yahoo.com','db0a457cc9a3e8cc0d9bbacf1ba1d5036aec0c0c','1','2016-06-11 12:20:54','2016-06-11 12:20:54','Diana Patricia','Castillo Rodríguez'),(17,'eamayamejia@gmail.com','498dec133e42dee3e7d759a8970d7657b95b2289','1','2016-06-11 12:20:54','2016-06-11 12:20:54','Erika Yolanda','Amaya Mejía'),(18,'franciscogranadoseslava@gmail.com','9fb9eba4fe67825d949a3f89507c2512ee7bcff5','1','2016-06-11 12:20:54','2016-06-11 12:20:54','Francisco ','Granados Eslava'),(19,'ininoperez@gmail.com','aeea68581cd3e250373fdc8eaabe1c395d8dd958','1','2016-06-11 12:20:54','2016-06-11 12:20:54','Isabel Cristina','Niño Pérez'),(20,'jmontoya.salas@gmail.com','af22b8ec8371031673c644ffcc37be04f08365f0','1','2016-06-11 12:20:54','2016-06-11 12:20:54','José David ','Montoya Salas'),(21,'jugio2989@gmail.com','3479573beae4c6c5ea7abb5fd2918577c44a8916','1','2016-06-11 12:20:54','2016-06-11 12:20:54','Julián Andrés','Díaz Montes'),(22,'lnmartinezg@unal.edu.co','af372743a5c538f734eb2d9177a0bbb0fa68d5a4','1','2016-06-11 12:20:54','2016-06-11 12:20:54','Leidy Nathaly','Martinez Gil'),(23,'mcfonsecao@unal.edu.co','0534459cd13ad05ac7b6a37982f9b13b1027ff66','1','2016-06-11 12:20:54','2016-06-11 12:20:54','María Camila','Fonseca Oliveros'),(24,'mariaferarevalo@gmail.com','144fe13ed2121c93c0bcb8508be45a6aa907d6b7','1','2016-06-11 12:20:54','2016-06-11 12:20:54','María Fernanda','Arévalo Alzate'),(25,'nataliagq@gmail.com','2472dac6588988101faa737718feadd6c6f8a626','1','2016-06-11 12:20:54','2016-06-11 12:20:54','María Natalia','Galarza Quirós'),(26,'franly2730@gmail.com','1d64b1febbb630b2f953f45652d9168ef6791ab5','1','2016-06-11 12:20:54','2016-06-11 12:20:54','Nathaly','Giraldo Rivera'),(27,'nicoca_cortes@hotmail.com','fce5e5dcb17618b86294240ad9a0df2abfab37b4','1','2016-06-11 12:20:54','2016-06-11 12:20:54','Nicolás','Cortes González'),(28,'nfs.91@hotmail.com','8f8b6cf3c313d1ba6fc29c4f7e52f1c1bc49e32d','1','2016-06-11 12:20:54','2016-06-11 12:20:54','Nicolás Felipe','Salguero Moreno'),(29,'angel_sanathos@hotmail.com','c241580b2e9518ded44ace9303870731914e286c','1','2016-06-11 12:20:54','2016-06-11 12:20:54','Rubén Alfonso','Azcarate Molina'),(30,'stefan.meyer10@gmx.de','960ff6e658d9e9eb405893459134020da80204db','1','2016-06-11 12:20:54','2016-06-11 12:20:54','Stefan','Meyer  '),(31,'emailAdministrator','5baa61e4c9b93f3f0682250b6cf8331b7ee68fd8','1','2016-06-11 12:21:02','2016-06-11 12:21:02','Oscar','Administrator'),(32,'emailManager','5baa61e4c9b93f3f0682250b6cf8331b7ee68fd8','1','2016-06-11 12:21:02','2016-06-11 12:21:02','Oscar','Manager'),(33,'emailLeader','5baa61e4c9b93f3f0682250b6cf8331b7ee68fd8','1','2016-06-11 12:21:02','2016-06-11 12:21:02','Oscar','Leader'),(34,'emailExpert','5baa61e4c9b93f3f0682250b6cf8331b7ee68fd8','1','2016-06-11 12:21:02','2016-06-11 12:21:02','Oscar','Expert'),(35,'emailViewer','5baa61e4c9b93f3f0682250b6cf8331b7ee68fd8','1','2016-06-11 12:21:02','2016-06-11 12:21:02','Oscar','Viewer');
/*!40000 ALTER TABLE `users` ENABLE KEYS */;
UNLOCK TABLES;

--
-- Table structure for table `variables`
--

DROP TABLE IF EXISTS `variables`;
/*!40101 SET @saved_cs_client     = @@character_set_client */;
/*!40101 SET character_set_client = utf8 */;
CREATE TABLE `variables` (
  `id` int(11) NOT NULL AUTO_INCREMENT,
  `name` varchar(255) NOT NULL,
  `description` text,
  `minimum` float NOT NULL,
  `maximum` float NOT NULL,
  `aggregator_id` int(11) DEFAULT NULL,
  `effect_propierty_id` int(11) DEFAULT NULL,
  PRIMARY KEY (`id`),
  KEY `aggregator_id` (`aggregator_id`),
  KEY `effect_propierty_id` (`effect_propierty_id`),
  CONSTRAINT `variables_ibfk_1` FOREIGN KEY (`aggregator_id`) REFERENCES `aggregators` (`id`) ON DELETE CASCADE ON UPDATE CASCADE,
  CONSTRAINT `variables_ibfk_2` FOREIGN KEY (`effect_propierty_id`) REFERENCES `effect_propierties` (`id`) ON DELETE CASCADE ON UPDATE CASCADE
) ENGINE=InnoDB AUTO_INCREMENT=468 DEFAULT CHARSET=latin1;
/*!40101 SET character_set_client = @saved_cs_client */;

--
-- Dumping data for table `variables`
--

LOCK TABLES `variables` WRITE;
/*!40000 ALTER TABLE `variables` DISABLE KEYS */;
INSERT INTO `variables` VALUES (1,'Intensidad','Sin descripción',0,1,NULL,1),(2,'Extensión','Sin descripción',0,1,NULL,2),(3,'Extensión crítica','Sin descripción',0,1,NULL,3),(4,'Momento','Sin descripción',0,1,NULL,4),(5,'Momento crítico','Sin descripción',0,1,NULL,5),(6,'Persistencia','Sin descripción',0,1,NULL,6),(7,'Reversibilidad','Sin descripción',0,1,NULL,7),(8,'Sinergía','Sin descripción',0,1,NULL,8),(9,'Acumulación','Sin descripción',0,1,NULL,9),(10,'Efecto','Sin descripción',0,1,NULL,10),(11,'Periodicidad','Sin descripción',0,1,NULL,11),(12,'Recuperabilidad','Sin descripción',0,1,NULL,12),(13,'Importancia','Importancia de un efecto',-1,1,1,NULL),(14,'Importancia media','Promedio de importancias',-1,1,2,NULL),(15,'Importancia máxima','Mayor importancia',-1,1,3,NULL),(16,'Intensidad','Sin descripción',0,1,NULL,13),(17,'Extensión','Sin descripción',0,1,NULL,14),(18,'Extensión crítica','Sin descripción',0,1,NULL,15),(19,'Momento','Sin descripción',0,1,NULL,16),(20,'Momento crítico','Sin descripción',0,1,NULL,17),(21,'Persistencia','Sin descripción',0,1,NULL,18),(22,'Reversibilidad','Sin descripción',0,1,NULL,19),(23,'Sinergía','Sin descripción',0,1,NULL,20),(24,'Acumulación','Sin descripción',0,1,NULL,21),(25,'Efecto','Sin descripción',0,1,NULL,22),(26,'Periodicidad','Sin descripción',0,1,NULL,23),(27,'Recuperabilidad','Sin descripción',0,1,NULL,24),(28,'Importancia','Importancia de un efecto',-1,1,4,NULL),(29,'Importancia media','Promedio de importancias',-1,1,5,NULL),(30,'Importancia máxima','Mayor importancia',-1,1,6,NULL),(31,'Intensidad','Sin descripción',0,1,NULL,25),(32,'Extensión','Sin descripción',0,1,NULL,26),(33,'Extensión crítica','Sin descripción',0,1,NULL,27),(34,'Momento','Sin descripción',0,1,NULL,28),(35,'Momento crítico','Sin descripción',0,1,NULL,29),(36,'Persistencia','Sin descripción',0,1,NULL,30),(37,'Reversibilidad','Sin descripción',0,1,NULL,31),(38,'Sinergía','Sin descripción',0,1,NULL,32),(39,'Acumulación','Sin descripción',0,1,NULL,33),(40,'Efecto','Sin descripción',0,1,NULL,34),(41,'Periodicidad','Sin descripción',0,1,NULL,35),(42,'Recuperabilidad','Sin descripción',0,1,NULL,36),(43,'Importancia','Importancia de un efecto',-1,1,7,NULL),(44,'Importancia media','Promedio de importancias',-1,1,8,NULL),(45,'Importancia máxima','Mayor importancia',-1,1,9,NULL),(46,'Intensidad','Sin descripción',0,1,NULL,37),(47,'Extensión','Sin descripción',0,1,NULL,38),(48,'Extensión crítica','Sin descripción',0,1,NULL,39),(49,'Momento','Sin descripción',0,1,NULL,40),(50,'Momento crítico','Sin descripción',0,1,NULL,41),(51,'Persistencia','Sin descripción',0,1,NULL,42),(52,'Reversibilidad','Sin descripción',0,1,NULL,43),(53,'Sinergía','Sin descripción',0,1,NULL,44),(54,'Acumulación','Sin descripción',0,1,NULL,45),(55,'Efecto','Sin descripción',0,1,NULL,46),(56,'Periodicidad','Sin descripción',0,1,NULL,47),(57,'Recuperabilidad','Sin descripción',0,1,NULL,48),(58,'Importancia','Importancia de un efecto',-1,1,10,NULL),(59,'Importancia media','Promedio de importancias',-1,1,11,NULL),(60,'Importancia máxima','Mayor importancia',-1,1,12,NULL),(61,'Intensidad','Sin descripción',0,1,NULL,49),(62,'Extensión','Sin descripción',0,1,NULL,50),(63,'Extensión crítica','Sin descripción',0,1,NULL,51),(64,'Momento','Sin descripción',0,1,NULL,52),(65,'Momento crítico','Sin descripción',0,1,NULL,53),(66,'Persistencia','Sin descripción',0,1,NULL,54),(67,'Reversibilidad','Sin descripción',0,1,NULL,55),(68,'Sinergía','Sin descripción',0,1,NULL,56),(69,'Acumulación','Sin descripción',0,1,NULL,57),(70,'Efecto','Sin descripción',0,1,NULL,58),(71,'Periodicidad','Sin descripción',0,1,NULL,59),(72,'Recuperabilidad','Sin descripción',0,1,NULL,60),(73,'Importancia','Importancia de un efecto',-1,1,13,NULL),(74,'Importancia media','Promedio de importancias',-1,1,14,NULL),(75,'Importancia máxima','Mayor importancia',-1,1,15,NULL),(76,'Intensidad','Sin descripción',0,1,NULL,61),(77,'Extensión','Sin descripción',0,1,NULL,62),(78,'Extensión crítica','Sin descripción',0,1,NULL,63),(79,'Momento','Sin descripción',0,1,NULL,64),(80,'Momento crítico','Sin descripción',0,1,NULL,65),(81,'Persistencia','Sin descripción',0,1,NULL,66),(82,'Reversibilidad','Sin descripción',0,1,NULL,67),(83,'Sinergía','Sin descripción',0,1,NULL,68),(84,'Acumulación','Sin descripción',0,1,NULL,69),(85,'Efecto','Sin descripción',0,1,NULL,70),(86,'Periodicidad','Sin descripción',0,1,NULL,71),(87,'Recuperabilidad','Sin descripción',0,1,NULL,72),(88,'Importancia','Importancia de un efecto',-1,1,16,NULL),(89,'Importancia media','Promedio de importancias',-1,1,17,NULL),(90,'Importancia máxima','Mayor importancia',-1,1,18,NULL),(91,'Intensidad','Sin descripción',0,1,NULL,73),(92,'Extensión','Sin descripción',0,1,NULL,74),(93,'Extensión crítica','Sin descripción',0,1,NULL,75),(94,'Momento','Sin descripción',0,1,NULL,76),(95,'Momento crítico','Sin descripción',0,1,NULL,77),(96,'Persistencia','Sin descripción',0,1,NULL,78),(97,'Reversibilidad','Sin descripción',0,1,NULL,79),(98,'Sinergía','Sin descripción',0,1,NULL,80),(99,'Acumulación','Sin descripción',0,1,NULL,81),(100,'Efecto','Sin descripción',0,1,NULL,82),(101,'Periodicidad','Sin descripción',0,1,NULL,83),(102,'Recuperabilidad','Sin descripción',0,1,NULL,84),(103,'Importancia','Importancia de un efecto',-1,1,19,NULL),(104,'Importancia media','Promedio de importancias',-1,1,20,NULL),(105,'Importancia máxima','Mayor importancia',-1,1,21,NULL),(106,'Intensidad','Sin descripción',0,1,NULL,85),(107,'Extensión','Sin descripción',0,1,NULL,86),(108,'Extensión crítica','Sin descripción',0,1,NULL,87),(109,'Momento','Sin descripción',0,1,NULL,88),(110,'Momento crítico','Sin descripción',0,1,NULL,89),(111,'Persistencia','Sin descripción',0,1,NULL,90),(112,'Reversibilidad','Sin descripción',0,1,NULL,91),(113,'Sinergía','Sin descripción',0,1,NULL,92),(114,'Acumulación','Sin descripción',0,1,NULL,93),(115,'Efecto','Sin descripción',0,1,NULL,94),(116,'Periodicidad','Sin descripción',0,1,NULL,95),(117,'Recuperabilidad','Sin descripción',0,1,NULL,96),(118,'Importancia','Importancia de un efecto',-1,1,22,NULL),(119,'Importancia media','Promedio de importancias',-1,1,23,NULL),(120,'Importancia máxima','Mayor importancia',-1,1,24,NULL),(121,'Intensidad','Sin descripción',0,1,NULL,97),(122,'Extensión','Sin descripción',0,1,NULL,98),(123,'Extensión crítica','Sin descripción',0,1,NULL,99),(124,'Momento','Sin descripción',0,1,NULL,100),(125,'Momento crítico','Sin descripción',0,1,NULL,101),(126,'Persistencia','Sin descripción',0,1,NULL,102),(127,'Reversibilidad','Sin descripción',0,1,NULL,103),(128,'Sinergía','Sin descripción',0,1,NULL,104),(129,'Acumulación','Sin descripción',0,1,NULL,105),(130,'Efecto','Sin descripción',0,1,NULL,106),(131,'Periodicidad','Sin descripción',0,1,NULL,107),(132,'Recuperabilidad','Sin descripción',0,1,NULL,108),(133,'Importancia','Importancia de un efecto',-1,1,25,NULL),(134,'Importancia media','Promedio de importancias',-1,1,26,NULL),(135,'Importancia máxima','Mayor importancia',-1,1,27,NULL),(136,'Intensidad','Sin descripción',0,1,NULL,109),(137,'Extensión','Sin descripción',0,1,NULL,110),(138,'Extensión crítica','Sin descripción',0,1,NULL,111),(139,'Momento','Sin descripción',0,1,NULL,112),(140,'Momento crítico','Sin descripción',0,1,NULL,113),(141,'Persistencia','Sin descripción',0,1,NULL,114),(142,'Reversibilidad','Sin descripción',0,1,NULL,115),(143,'Sinergía','Sin descripción',0,1,NULL,116),(144,'Acumulación','Sin descripción',0,1,NULL,117),(145,'Efecto','Sin descripción',0,1,NULL,118),(146,'Periodicidad','Sin descripción',0,1,NULL,119),(147,'Recuperabilidad','Sin descripción',0,1,NULL,120),(148,'Importancia','Importancia de un efecto',-1,1,28,NULL),(149,'Importancia media','Promedio de importancias',-1,1,29,NULL),(150,'Importancia máxima','Mayor importancia',-1,1,30,NULL),(151,'Intensidad','Sin descripción',0,1,NULL,121),(152,'Extensión','Sin descripción',0,1,NULL,122),(153,'Extensión crítica','Sin descripción',0,1,NULL,123),(154,'Momento','Sin descripción',0,1,NULL,124),(155,'Momento crítico','Sin descripción',0,1,NULL,125),(156,'Persistencia','Sin descripción',0,1,NULL,126),(157,'Reversibilidad','Sin descripción',0,1,NULL,127),(158,'Sinergía','Sin descripción',0,1,NULL,128),(159,'Acumulación','Sin descripción',0,1,NULL,129),(160,'Efecto','Sin descripción',0,1,NULL,130),(161,'Periodicidad','Sin descripción',0,1,NULL,131),(162,'Recuperabilidad','Sin descripción',0,1,NULL,132),(163,'Importancia','Importancia de un efecto',-1,1,31,NULL),(164,'Importancia media','Promedio de importancias',-1,1,32,NULL),(165,'Importancia máxima','Mayor importancia',-1,1,33,NULL),(166,'Intensidad','Sin descripción',0,1,NULL,133),(167,'Extensión','Sin descripción',0,1,NULL,134),(168,'Extensión crítica','Sin descripción',0,1,NULL,135),(169,'Momento','Sin descripción',0,1,NULL,136),(170,'Momento crítico','Sin descripción',0,1,NULL,137),(171,'Persistencia','Sin descripción',0,1,NULL,138),(172,'Reversibilidad','Sin descripción',0,1,NULL,139),(173,'Sinergía','Sin descripción',0,1,NULL,140),(174,'Acumulación','Sin descripción',0,1,NULL,141),(175,'Efecto','Sin descripción',0,1,NULL,142),(176,'Periodicidad','Sin descripción',0,1,NULL,143),(177,'Recuperabilidad','Sin descripción',0,1,NULL,144),(178,'Importancia','Importancia de un efecto',-1,1,34,NULL),(179,'Importancia media','Promedio de importancias',-1,1,35,NULL),(180,'Importancia máxima','Mayor importancia',-1,1,36,NULL),(181,'Intensidad','Sin descripción',0,1,NULL,145),(182,'Extensión','Sin descripción',0,1,NULL,146),(183,'Extensión crítica','Sin descripción',0,1,NULL,147),(184,'Momento','Sin descripción',0,1,NULL,148),(185,'Momento crítico','Sin descripción',0,1,NULL,149),(186,'Persistencia','Sin descripción',0,1,NULL,150),(187,'Reversibilidad','Sin descripción',0,1,NULL,151),(188,'Sinergía','Sin descripción',0,1,NULL,152),(189,'Acumulación','Sin descripción',0,1,NULL,153),(190,'Efecto','Sin descripción',0,1,NULL,154),(191,'Periodicidad','Sin descripción',0,1,NULL,155),(192,'Recuperabilidad','Sin descripción',0,1,NULL,156),(193,'Importancia','Importancia de un efecto',-1,1,37,NULL),(194,'Importancia media','Promedio de importancias',-1,1,38,NULL),(195,'Importancia máxima','Mayor importancia',-1,1,39,NULL),(196,'Intensidad','Sin descripción',0,1,NULL,157),(197,'Extensión','Sin descripción',0,1,NULL,158),(198,'Extensión crítica','Sin descripción',0,1,NULL,159),(199,'Momento','Sin descripción',0,1,NULL,160),(200,'Momento crítico','Sin descripción',0,1,NULL,161),(201,'Persistencia','Sin descripción',0,1,NULL,162),(202,'Reversibilidad','Sin descripción',0,1,NULL,163),(203,'Sinergía','Sin descripción',0,1,NULL,164),(204,'Acumulación','Sin descripción',0,1,NULL,165),(205,'Efecto','Sin descripción',0,1,NULL,166),(206,'Periodicidad','Sin descripción',0,1,NULL,167),(207,'Recuperabilidad','Sin descripción',0,1,NULL,168),(208,'Importancia','Importancia de un efecto',-1,1,40,NULL),(209,'Importancia media','Promedio de importancias',-1,1,41,NULL),(210,'Importancia máxima','Mayor importancia',-1,1,42,NULL),(211,'Intensidad','Sin descripción',0,1,NULL,169),(212,'Extensión','Sin descripción',0,1,NULL,170),(213,'Extensión crítica','Sin descripción',0,1,NULL,171),(214,'Momento','Sin descripción',0,1,NULL,172),(215,'Momento crítico','Sin descripción',0,1,NULL,173),(216,'Persistencia','Sin descripción',0,1,NULL,174),(217,'Reversibilidad','Sin descripción',0,1,NULL,175),(218,'Sinergía','Sin descripción',0,1,NULL,176),(219,'Acumulación','Sin descripción',0,1,NULL,177),(220,'Efecto','Sin descripción',0,1,NULL,178),(221,'Periodicidad','Sin descripción',0,1,NULL,179),(222,'Recuperabilidad','Sin descripción',0,1,NULL,180),(223,'Importancia','Importancia de un efecto',-1,1,43,NULL),(224,'Importancia media','Promedio de importancias',-1,1,44,NULL),(225,'Importancia máxima','Mayor importancia',-1,1,45,NULL),(226,'Intensidad','Sin descripción',0,1,NULL,181),(227,'Extensión','Sin descripción',0,1,NULL,182),(228,'Extensión crítica','Sin descripción',0,1,NULL,183),(229,'Momento','Sin descripción',0,1,NULL,184),(230,'Momento crítico','Sin descripción',0,1,NULL,185),(231,'Persistencia','Sin descripción',0,1,NULL,186),(232,'Reversibilidad','Sin descripción',0,1,NULL,187),(233,'Sinergía','Sin descripción',0,1,NULL,188),(234,'Acumulación','Sin descripción',0,1,NULL,189),(235,'Efecto','Sin descripción',0,1,NULL,190),(236,'Periodicidad','Sin descripción',0,1,NULL,191),(237,'Recuperabilidad','Sin descripción',0,1,NULL,192),(238,'Importancia','Importancia de un efecto',-1,1,46,NULL),(239,'Importancia media','Promedio de importancias',-1,1,47,NULL),(240,'Importancia máxima','Mayor importancia',-1,1,48,NULL),(241,'Intensidad','Sin descripción',0,1,NULL,193),(242,'Extensión','Sin descripción',0,1,NULL,194),(243,'Extensión crítica','Sin descripción',0,1,NULL,195),(244,'Momento','Sin descripción',0,1,NULL,196),(245,'Momento crítico','Sin descripción',0,1,NULL,197),(246,'Persistencia','Sin descripción',0,1,NULL,198),(247,'Reversibilidad','Sin descripción',0,1,NULL,199),(248,'Sinergía','Sin descripción',0,1,NULL,200),(249,'Acumulación','Sin descripción',0,1,NULL,201),(250,'Efecto','Sin descripción',0,1,NULL,202),(251,'Periodicidad','Sin descripción',0,1,NULL,203),(252,'Recuperabilidad','Sin descripción',0,1,NULL,204),(253,'Importancia','Importancia de un efecto',-1,1,49,NULL),(254,'Importancia media','Promedio de importancias',-1,1,50,NULL),(255,'Importancia máxima','Mayor importancia',-1,1,51,NULL),(256,'Intensidad','Sin descripción',0,1,NULL,205),(257,'Extensión','Sin descripción',0,1,NULL,206),(258,'Extensión crítica','Sin descripción',0,1,NULL,207),(259,'Momento','Sin descripción',0,1,NULL,208),(260,'Momento crítico','Sin descripción',0,1,NULL,209),(261,'Persistencia','Sin descripción',0,1,NULL,210),(262,'Reversibilidad','Sin descripción',0,1,NULL,211),(263,'Sinergía','Sin descripción',0,1,NULL,212),(264,'Acumulación','Sin descripción',0,1,NULL,213),(265,'Efecto','Sin descripción',0,1,NULL,214),(266,'Periodicidad','Sin descripción',0,1,NULL,215),(267,'Recuperabilidad','Sin descripción',0,1,NULL,216),(268,'Importancia','Importancia de un efecto',-1,1,52,NULL),(269,'Importancia media','Promedio de importancias',-1,1,53,NULL),(270,'Importancia máxima','Mayor importancia',-1,1,54,NULL),(271,'Intensidad','Sin descripción',0,1,NULL,217),(272,'Extensión','Sin descripción',0,1,NULL,218),(273,'Extensión crítica','Sin descripción',0,1,NULL,219),(274,'Momento','Sin descripción',0,1,NULL,220),(275,'Momento crítico','Sin descripción',0,1,NULL,221),(276,'Persistencia','Sin descripción',0,1,NULL,222),(277,'Reversibilidad','Sin descripción',0,1,NULL,223),(278,'Sinergía','Sin descripción',0,1,NULL,224),(279,'Acumulación','Sin descripción',0,1,NULL,225),(280,'Efecto','Sin descripción',0,1,NULL,226),(281,'Periodicidad','Sin descripción',0,1,NULL,227),(282,'Recuperabilidad','Sin descripción',0,1,NULL,228),(283,'Importancia','Importancia de un efecto',-1,1,55,NULL),(284,'Importancia media','Promedio de importancias',-1,1,56,NULL),(285,'Importancia máxima','Mayor importancia',-1,1,57,NULL),(286,'Intensidad','Sin descripción',0,1,NULL,229),(287,'Extensión','Sin descripción',0,1,NULL,230),(288,'Extensión crítica','Sin descripción',0,1,NULL,231),(289,'Momento','Sin descripción',0,1,NULL,232),(290,'Momento crítico','Sin descripción',0,1,NULL,233),(291,'Persistencia','Sin descripción',0,1,NULL,234),(292,'Reversibilidad','Sin descripción',0,1,NULL,235),(293,'Sinergía','Sin descripción',0,1,NULL,236),(294,'Acumulación','Sin descripción',0,1,NULL,237),(295,'Efecto','Sin descripción',0,1,NULL,238),(296,'Periodicidad','Sin descripción',0,1,NULL,239),(297,'Recuperabilidad','Sin descripción',0,1,NULL,240),(298,'Importancia','Importancia de un efecto',-1,1,58,NULL),(299,'Importancia media','Promedio de importancias',-1,1,59,NULL),(300,'Importancia máxima','Mayor importancia',-1,1,60,NULL),(301,'Intensidad','Sin descripción',0,1,NULL,241),(302,'Extensión','Sin descripción',0,1,NULL,242),(303,'Extensión crítica','Sin descripción',0,1,NULL,243),(304,'Momento','Sin descripción',0,1,NULL,244),(305,'Momento crítico','Sin descripción',0,1,NULL,245),(306,'Persistencia','Sin descripción',0,1,NULL,246),(307,'Reversibilidad','Sin descripción',0,1,NULL,247),(308,'Sinergía','Sin descripción',0,1,NULL,248),(309,'Acumulación','Sin descripción',0,1,NULL,249),(310,'Efecto','Sin descripción',0,1,NULL,250),(311,'Periodicidad','Sin descripción',0,1,NULL,251),(312,'Recuperabilidad','Sin descripción',0,1,NULL,252),(313,'Importancia','Importancia de un efecto',-1,1,61,NULL),(314,'Importancia media','Promedio de importancias',-1,1,62,NULL),(315,'Importancia máxima','Mayor importancia',-1,1,63,NULL),(316,'Intensidad','Sin descripción',0,1,NULL,253),(317,'Extensión','Sin descripción',0,1,NULL,254),(318,'Extensión crítica','Sin descripción',0,1,NULL,255),(319,'Momento','Sin descripción',0,1,NULL,256),(320,'Momento crítico','Sin descripción',0,1,NULL,257),(321,'Persistencia','Sin descripción',0,1,NULL,258),(322,'Reversibilidad','Sin descripción',0,1,NULL,259),(323,'Sinergía','Sin descripción',0,1,NULL,260),(324,'Acumulación','Sin descripción',0,1,NULL,261),(325,'Efecto','Sin descripción',0,1,NULL,262),(326,'Periodicidad','Sin descripción',0,1,NULL,263),(327,'Recuperabilidad','Sin descripción',0,1,NULL,264),(328,'Importancia','Importancia de un efecto',-1,1,64,NULL),(329,'Importancia media','Promedio de importancias',-1,1,65,NULL),(330,'Importancia máxima','Mayor importancia',-1,1,66,NULL),(331,'Intensidad','Sin descripción',0,1,NULL,265),(332,'Extensión','Sin descripción',0,1,NULL,266),(333,'Extensión crítica','Sin descripción',0,1,NULL,267),(334,'Momento','Sin descripción',0,1,NULL,268),(335,'Momento crítico','Sin descripción',0,1,NULL,269),(336,'Persistencia','Sin descripción',0,1,NULL,270),(337,'Reversibilidad','Sin descripción',0,1,NULL,271),(338,'Sinergía','Sin descripción',0,1,NULL,272),(339,'Acumulación','Sin descripción',0,1,NULL,273),(340,'Efecto','Sin descripción',0,1,NULL,274),(341,'Periodicidad','Sin descripción',0,1,NULL,275),(342,'Recuperabilidad','Sin descripción',0,1,NULL,276),(343,'Importancia','Importancia de un efecto',-1,1,67,NULL),(344,'Importancia media','Promedio de importancias',-1,1,68,NULL),(345,'Importancia máxima','Mayor importancia',-1,1,69,NULL),(346,'Intensidad','Sin descripción',0,1,NULL,277),(347,'Extensión','Sin descripción',0,1,NULL,278),(348,'Extensión crítica','Sin descripción',0,1,NULL,279),(349,'Momento','Sin descripción',0,1,NULL,280),(350,'Momento crítico','Sin descripción',0,1,NULL,281),(351,'Persistencia','Sin descripción',0,1,NULL,282),(352,'Reversibilidad','Sin descripción',0,1,NULL,283),(353,'Sinergía','Sin descripción',0,1,NULL,284),(354,'Acumulación','Sin descripción',0,1,NULL,285),(355,'Efecto','Sin descripción',0,1,NULL,286),(356,'Periodicidad','Sin descripción',0,1,NULL,287),(357,'Recuperabilidad','Sin descripción',0,1,NULL,288),(358,'Importancia','Importancia de un efecto',-1,1,70,NULL),(359,'Importancia media','Promedio de importancias',-1,1,71,NULL),(360,'Importancia máxima','Mayor importancia',-1,1,72,NULL),(361,'Intensidad','Sin descripción',0,1,NULL,289),(362,'Extensión','Sin descripción',0,1,NULL,290),(363,'Extensión crítica','Sin descripción',0,1,NULL,291),(364,'Momento','Sin descripción',0,1,NULL,292),(365,'Momento crítico','Sin descripción',0,1,NULL,293),(366,'Persistencia','Sin descripción',0,1,NULL,294),(367,'Reversibilidad','Sin descripción',0,1,NULL,295),(368,'Sinergía','Sin descripción',0,1,NULL,296),(369,'Acumulación','Sin descripción',0,1,NULL,297),(370,'Efecto','Sin descripción',0,1,NULL,298),(371,'Periodicidad','Sin descripción',0,1,NULL,299),(372,'Recuperabilidad','Sin descripción',0,1,NULL,300),(373,'Importancia','Importancia de un efecto',-1,1,73,NULL),(374,'Importancia media','Promedio de importancias',-1,1,74,NULL),(375,'Importancia máxima','Mayor importancia',-1,1,75,NULL),(376,'Intensidad','Sin descripción',0,1,NULL,301),(377,'Extensión','Sin descripción',0,1,NULL,302),(378,'Extensión crítica','Sin descripción',0,1,NULL,303),(379,'Momento','Sin descripción',0,1,NULL,304),(380,'Momento crítico','Sin descripción',0,1,NULL,305),(381,'Persistencia','Sin descripción',0,1,NULL,306),(382,'Reversibilidad','Sin descripción',0,1,NULL,307),(383,'Sinergía','Sin descripción',0,1,NULL,308),(384,'Acumulación','Sin descripción',0,1,NULL,309),(385,'Efecto','Sin descripción',0,1,NULL,310),(386,'Periodicidad','Sin descripción',0,1,NULL,311),(387,'Recuperabilidad','Sin descripción',0,1,NULL,312),(388,'Importancia','Importancia de un efecto',-1,1,76,NULL),(389,'Importancia media','Promedio de importancias',-1,1,77,NULL),(390,'Importancia máxima','Mayor importancia',-1,1,78,NULL),(391,'Intensidad','Sin descripción',0,1,NULL,313),(392,'Extensión','Sin descripción',0,1,NULL,314),(393,'Extensión crítica','Sin descripción',0,1,NULL,315),(394,'Momento','Sin descripción',0,1,NULL,316),(395,'Momento crítico','Sin descripción',0,1,NULL,317),(396,'Persistencia','Sin descripción',0,1,NULL,318),(397,'Reversibilidad','Sin descripción',0,1,NULL,319),(398,'Sinergía','Sin descripción',0,1,NULL,320),(399,'Acumulación','Sin descripción',0,1,NULL,321),(400,'Efecto','Sin descripción',0,1,NULL,322),(401,'Periodicidad','Sin descripción',0,1,NULL,323),(402,'Recuperabilidad','Sin descripción',0,1,NULL,324),(403,'Importancia','Importancia de un efecto',-1,1,79,NULL),(404,'Importancia media','Promedio de importancias',-1,1,80,NULL),(405,'Importancia máxima','Mayor importancia',-1,1,81,NULL),(406,'Intensidad','Sin descripción',0,1,NULL,325),(407,'Extensión','Sin descripción',0,1,NULL,326),(408,'Extensión crítica','Sin descripción',0,1,NULL,327),(409,'Momento','Sin descripción',0,1,NULL,328),(410,'Momento crítico','Sin descripción',0,1,NULL,329),(411,'Persistencia','Sin descripción',0,1,NULL,330),(412,'Reversibilidad','Sin descripción',0,1,NULL,331),(413,'Sinergía','Sin descripción',0,1,NULL,332),(414,'Acumulación','Sin descripción',0,1,NULL,333),(415,'Efecto','Sin descripción',0,1,NULL,334),(416,'Periodicidad','Sin descripción',0,1,NULL,335),(417,'Recuperabilidad','Sin descripción',0,1,NULL,336),(418,'Importancia','Importancia de un efecto',-1,1,82,NULL),(419,'Importancia media','Promedio de importancias',-1,1,83,NULL),(420,'Importancia máxima','Mayor importancia',-1,1,84,NULL),(421,'Intensidad','Sin descripción',0,1,NULL,337),(422,'Extensión','Sin descripción',0,1,NULL,338),(423,'Extensión crítica','Sin descripción',0,1,NULL,339),(424,'Momento','Sin descripción',0,1,NULL,340),(425,'Momento crítico','Sin descripción',0,1,NULL,341),(426,'Persistencia','Sin descripción',0,1,NULL,342),(427,'Reversibilidad','Sin descripción',0,1,NULL,343),(428,'Sinergía','Sin descripción',0,1,NULL,344),(429,'Acumulación','Sin descripción',0,1,NULL,345),(430,'Efecto','Sin descripción',0,1,NULL,346),(431,'Periodicidad','Sin descripción',0,1,NULL,347),(432,'Recuperabilidad','Sin descripción',0,1,NULL,348),(433,'Importancia','Importancia de un efecto',-1,1,85,NULL),(434,'Importancia media','Promedio de importancias',-1,1,86,NULL),(435,'Importancia máxima','Mayor importancia',-1,1,87,NULL),(436,'Intensidad','Sin descripción',0,1,NULL,349),(437,'Extensión','Sin descripción',0,1,NULL,350),(438,'Extensión crítica','Sin descripción',0,1,NULL,351),(439,'Momento','Sin descripción',0,1,NULL,352),(440,'Momento crítico','Sin descripción',0,1,NULL,353),(441,'Persistencia','Sin descripción',0,1,NULL,354),(442,'Reversibilidad','Sin descripción',0,1,NULL,355),(443,'Sinergía','Sin descripción',0,1,NULL,356),(444,'Acumulación','Sin descripción',0,1,NULL,357),(445,'Efecto','Sin descripción',0,1,NULL,358),(446,'Periodicidad','Sin descripción',0,1,NULL,359),(447,'Recuperabilidad','Sin descripción',0,1,NULL,360),(448,'Importancia','Importancia de un efecto',-1,1,88,NULL),(449,'Importancia media','Promedio de importancias',-1,1,89,NULL),(450,'Importancia máxima','Mayor importancia',-1,1,90,NULL),(451,'Intensidad','Sin descripción',0,1,NULL,361),(452,'Extensión','Sin descripción',0,1,NULL,362),(453,'Extensión crítica','Sin descripción',0,1,NULL,363),(454,'Momento','Sin descripción',0,1,NULL,364),(455,'Momento crítico','Sin descripción',0,1,NULL,365),(456,'Persistencia','Sin descripción',0,1,NULL,366),(457,'Reversibilidad','Sin descripción',0,1,NULL,367),(458,'Sinergía','Sin descripción',0,1,NULL,368),(459,'Acumulación','Sin descripción',0,1,NULL,369),(460,'Efecto','Sin descripción',0,1,NULL,370),(461,'Periodicidad','Sin descripción',0,1,NULL,371),(462,'Recuperabilidad','Sin descripción',0,1,NULL,372),(463,'Importancia','Importancia de un efecto',-1,1,91,NULL),(464,'Importancia media','Promedio de importancias',-1,1,92,NULL),(465,'Importancia ponderada','Promedio de importancias ponderado por el peso del factor',-1,1,93,NULL),(466,'Importancia máxima','Mayor importancia',-1,1,94,NULL),(467,'Importancia mínima','Mínima importancia',-1,1,95,NULL);
/*!40000 ALTER TABLE `variables` ENABLE KEYS */;
UNLOCK TABLES;
/*!40103 SET TIME_ZONE=@OLD_TIME_ZONE */;

/*!40101 SET SQL_MODE=@OLD_SQL_MODE */;
/*!40014 SET FOREIGN_KEY_CHECKS=@OLD_FOREIGN_KEY_CHECKS */;
/*!40014 SET UNIQUE_CHECKS=@OLD_UNIQUE_CHECKS */;
/*!40101 SET CHARACTER_SET_CLIENT=@OLD_CHARACTER_SET_CLIENT */;
/*!40101 SET CHARACTER_SET_RESULTS=@OLD_CHARACTER_SET_RESULTS */;
/*!40101 SET COLLATION_CONNECTION=@OLD_COLLATION_CONNECTION */;
/*!40111 SET SQL_NOTES=@OLD_SQL_NOTES */;

-- Dump completed on 2016-06-11 12:21:38
